trip_id,route,vehicle_type,departure_hour,distance_km,passengers,fare_amount,delay_minutes,day_of_week,is_holiday,weather_condition
T000001,Route_19,Bus,13,44.1,25,13.05,6.7,Tue,0,Clear
T000002,Route_13,Ferry,10,0.6,35,11.57,4.0,Fri,0,Clear
T000003,Route_6,Tram,1,44.4,21,5.83,6.1,Fri,0,Rain
T000004,Route_3,Bus,6,2.2,44,4.57,17.0,Fri,0,Clear
T000005,Route_11,Ferry,2,2.1,32,9.83,14.2,Fri,0,Clear
T000006,Route_18,Ferry,22,37.0,36,3.44,0.9,Tue,0,Snow
T000007,Route_2,Ferry,9,27.2,30,10.64,7.3,Wed,0,Clear
T000008,Route_11,Train,21,26.8,33,12.59,0.3,Wed,0,Clear
T000009,Route_2,Train,17,23.3,25,8.67,18.8,Mon,0,Clear
T000010,Route_18,Ferry,8,22.1,31,6.1,3.2,Thu,0,Rain
T000011,Route_13,Subway,8,13.6,35,2.56,1.1,Sat,0,Rain
T000012,Route_8,Tram,18,35.8,22,6.24,3.7,Mon,0,Snow
T000013,Route_16,Subway,5,41.3,27,9.13,27.6,Thu,0,Clear
T000014,Route_4,Bus,13,36.2,37,3.07,9.0,Fri,0,Snow
T000015,Route_17,Bus,19,9.5,34,2.65,0.9,Mon,0,Snow
T000016,Route_4,Subway,6,37.3,29,1.52,2.0,Tue,0,Clear
T000017,Route_12,Tram,20,26.9,25,1.9,6.7,Sun,0,Snow
T000018,Route_11,Tram,5,39.0,41,3.6,3.8,Wed,0,Rain
T000019,Route_6,Bus,16,36.4,31,7.25,3.8,Tue,0,Clear
T000020,Route_13,Train,9,2.5,28,13.33,0.4,Mon,0,Clear
T000021,Route_14,Ferry,18,27.8,34,9.15,22.0,Fri,0,Rain
T000022,Route_12,Bus,21,16.9,33,13.52,8.9,Mon,0,Clear
T000023,Route_9,Tram,16,16.3,25,1.71,9.3,Thu,0,Clear
T000024,Route_6,Subway,3,29.7,36,6.23,1.2,Wed,0,Clear
T000025,Route_9,Train,9,6.0,28,7.02,2.6,Sun,0,Clear
T000026,Route_1,Train,19,4.9,32,8.83,3.4,Wed,0,Snow
T000027,Route_16,Subway,14,34.6,41,2.58,0.4,Sun,1,Clear
T000028,Route_2,Bus,7,14.6,27,6.25,17.9,Sat,0,Clear
T000029,Route_8,Ferry,13,19.2,30,4.61,1.3,Sat,0,Clear
T000030,Route_8,Train,15,36.8,31,2.33,0.5,Mon,0,Clear
T000031,Route_2,Ferry,22,28.1,30,5.35,5.5,Sun,0,Clear
T000032,Route_16,Subway,0,33.4,35,7.34,2.4,Sun,1,Fog
T000033,Route_7,Ferry,10,21.3,36,1.7,0.7,Sat,0,Clear
T000034,Route_18,Bus,10,38.4,30,10.34,6.4,Thu,0,Snow
T000035,Route_16,Train,17,5.9,33,10.61,0.2,Mon,0,Clear
T000036,Route_20,Bus,13,26.0,31,4.49,6.2,Tue,0,Rain
T000037,Route_3,Ferry,14,39.1,27,9.46,1.9,Sun,0,Rain
T000038,Route_12,Subway,14,29.9,30,2.66,16.0,Tue,0,Clear
T000039,Route_15,Bus,11,25.2,19,7.16,1.5,Sun,0,Clear
T000040,Route_15,Bus,5,34.9,34,3.49,5.3,Tue,0,Clear
T000041,Route_20,Bus,15,16.1,22,12.9,5.5,Thu,0,Clear
T000042,Route_4,Subway,6,8.0,29,14.55,5.3,Sun,0,Rain
T000043,Route_8,Bus,17,4.1,35,10.54,9.1,Wed,0,Clear
T000044,Route_4,Bus,6,11.4,36,10.22,9.2,Wed,0,Snow
T000045,Route_2,Bus,21,18.8,23,10.38,5.9,Mon,0,Clear
T000046,Route_9,Ferry,9,2.9,28,4.35,1.0,Sun,0,Snow
T000047,Route_11,Subway,4,31.6,37,8.88,7.3,Thu,0,Rain
T000048,Route_20,Train,1,37.2,39,14.23,1.7,Sat,1,Clear
T000049,Route_4,Subway,5,32.3,36,9.87,4.4,Tue,0,Clear
T000050,Route_10,Subway,21,31.9,33,2.27,5.1,Sat,0,Clear
T000051,Route_19,Subway,14,38.4,29,1.76,3.3,Fri,0,Clear
T000052,Route_18,Tram,16,19.6,25,3.52,12.7,Tue,0,Clear
T000053,Route_12,Tram,11,26.0,36,13.78,15.2,Thu,0,Clear
T000054,Route_18,Train,1,5.3,18,4.33,6.0,Mon,0,Rain
T000055,Route_3,Subway,19,16.9,29,10.53,13.5,Thu,0,Clear
T000056,Route_19,Bus,10,21.5,33,2.91,11.1,Thu,0,Clear
T000057,Route_9,Bus,16,23.1,25,4.33,4.3,Sun,1,Clear
T000058,Route_18,Ferry,11,20.1,32,4.45,0.8,Sat,0,Snow
T000059,Route_15,Subway,9,31.6,26,1.67,2.2,Sun,0,Rain
T000060,Route_1,Bus,21,20.0,33,14.56,8.7,Fri,0,Fog
T000061,Route_4,Tram,11,28.6,26,3.81,3.1,Sat,0,Clear
T000062,Route_4,Subway,2,18.6,26,1.73,0.5,Sat,0,Fog
T000063,Route_20,Tram,2,42.6,29,8.19,2.3,Sun,0,Snow
T000064,Route_8,Ferry,14,31.0,31,12.65,0.6,Sat,0,Clear
T000065,Route_11,Bus,10,35.2,29,1.75,10.8,Fri,0,Clear
T000066,Route_2,Tram,21,18.6,27,10.37,8.8,Mon,0,Rain
T000067,Route_20,Subway,21,31.8,19,9.42,5.1,Tue,0,Snow
T000068,Route_3,Tram,16,13.0,25,10.27,5.1,Wed,0,Rain
T000069,Route_10,Tram,18,24.3,24,9.32,1.1,Wed,0,Clear
T000070,Route_1,Tram,15,30.7,31,11.95,0.9,Tue,0,Clear
T000071,Route_11,Train,2,34.6,29,6.67,21.2,Tue,0,Rain
T000072,Route_20,Subway,22,13.2,28,13.97,11.2,Mon,0,Clear
T000073,Route_9,Train,20,35.6,31,10.03,2.7,Fri,0,Rain
T000074,Route_13,Train,4,23.0,28,12.82,4.0,Mon,0,Rain
T000075,Route_3,Ferry,8,8.1,38,5.51,19.0,Sun,0,Clear
T000076,Route_5,Tram,13,40.2,39,13.98,0.1,Wed,0,Clear
T000077,Route_19,Tram,6,5.7,22,6.69,1.5,Fri,0,Clear
T000078,Route_6,Subway,3,5.3,28,4.15,1.3,Sun,1,Clear
T000079,Route_2,Ferry,4,22.8,37,9.24,1.7,Wed,0,Fog
T000080,Route_19,Train,17,2.6,26,11.74,0.0,Wed,0,Rain
T000081,Route_20,Train,19,40.7,39,4.02,0.5,Sun,0,Clear
T000082,Route_9,Train,2,5.9,28,2.22,0.2,Sun,0,Clear
T000083,Route_20,Train,13,16.7,29,6.14,0.3,Fri,1,Fog
T000084,Route_16,Ferry,7,42.9,39,13.72,0.5,Sat,0,Rain
T000085,Route_3,Ferry,13,24.7,26,3.51,7.9,Mon,0,Clear
T000086,Route_11,Subway,0,1.5,16,3.3,2.1,Wed,0,Fog
T000087,Route_12,Bus,17,9.4,26,10.86,10.6,Sat,0,Rain
T000088,Route_11,Tram,3,36.5,31,2.09,11.3,Tue,0,Clear
T000089,Route_8,Bus,7,12.9,29,11.09,0.3,Fri,0,Clear
T000090,Route_4,Subway,7,35.3,38,11.41,0.8,Fri,0,Clear
T000091,Route_1,Train,20,14.0,20,5.11,9.3,Fri,0,Clear
T000092,Route_19,Bus,0,22.4,28,4.99,2.1,Tue,0,Clear
T000093,Route_1,Subway,10,43.5,39,10.32,7.9,Mon,0,Clear
T000094,Route_7,Tram,22,36.0,29,9.04,4.3,Fri,0,Rain
T000095,Route_5,Ferry,4,16.6,28,12.0,1.6,Fri,0,Rain
T000096,Route_11,Tram,21,27.8,23,12.92,4.8,Fri,0,Clear
T000097,Route_8,Subway,2,22.9,29,14.13,2.1,Wed,1,Fog
T000098,Route_17,Tram,16,21.4,21,14.35,0.5,Tue,1,Rain
T000099,Route_4,Subway,14,20.8,16,13.02,8.9,Sat,0,Fog
T000100,Route_3,Ferry,16,8.2,28,4.63,9.1,Sun,0,Clear
T000101,Route_9,Train,7,2.5,32,2.08,10.7,Fri,0,Clear
T000102,Route_18,Bus,6,24.4,21,4.66,23.6,Thu,0,Clear
T000103,Route_10,Ferry,5,37.4,32,3.87,1.0,Thu,0,Rain
T000104,Route_12,Subway,3,16.6,31,4.43,1.5,Fri,0,Clear
T000105,Route_20,Bus,2,5.8,40,4.01,0.9,Tue,0,Rain
T000106,Route_4,Subway,17,9.2,28,9.76,0.7,Thu,0,Clear
T000107,Route_3,Subway,5,8.9,22,9.06,3.1,Sun,0,Rain
T000108,Route_1,Bus,17,29.2,30,12.44,6.8,Sun,0,Clear
T000109,Route_1,Tram,19,38.1,28,13.04,2.5,Sat,0,Clear
T000110,Route_15,Ferry,1,1.2,24,12.98,4.4,Sun,0,Rain
T000111,Route_16,Train,20,12.0,35,10.3,7.5,Sat,0,Clear
T000112,Route_9,Tram,9,9.2,39,8.8,0.9,Fri,0,Clear
T000113,Route_2,Tram,12,32.2,32,4.96,11.4,Mon,0,Clear
T000114,Route_11,Train,6,27.5,30,8.77,0.1,Mon,0,Rain
T000115,Route_12,Bus,21,42.4,22,11.91,0.2,Wed,0,Clear
T000116,Route_10,Subway,16,9.3,25,7.62,8.6,Thu,0,Rain
T000117,Route_6,Tram,16,21.6,32,2.14,9.7,Sun,0,Clear
T000118,Route_4,Ferry,13,26.4,26,6.0,11.6,Sat,0,Clear
T000119,Route_7,Bus,0,2.4,28,13.85,8.4,Mon,0,Rain
T000120,Route_18,Ferry,9,20.9,30,6.78,0.1,Wed,0,Clear
T000121,Route_19,Ferry,15,27.1,41,2.56,0.6,Mon,0,Rain
T000122,Route_3,Ferry,8,35.9,37,11.53,5.1,Fri,0,Snow
T000123,Route_19,Ferry,2,42.5,37,2.74,1.0,Sun,0,Clear
T000124,Route_2,Subway,15,24.7,36,12.54,1.3,Sun,0,Clear
T000125,Route_5,Subway,3,27.2,31,10.2,0.4,Thu,0,Rain
T000126,Route_9,Subway,7,6.5,27,6.43,3.9,Sun,0,Rain
T000127,Route_20,Subway,19,9.9,36,7.06,2.7,Tue,0,Clear
T000128,Route_10,Train,17,22.4,30,5.15,0.5,Sun,0,Clear
T000129,Route_11,Bus,21,40.4,24,5.35,2.2,Sun,0,Rain
T000130,Route_13,Tram,9,0.6,27,6.91,0.9,Wed,0,Clear
T000131,Route_3,Bus,20,1.0,21,6.18,1.0,Fri,1,Rain
T000132,Route_14,Train,9,23.9,31,5.74,8.7,Mon,0,Clear
T000133,Route_2,Train,17,24.7,24,3.36,7.6,Mon,0,Clear
T000134,Route_6,Bus,14,2.8,38,8.99,14.4,Tue,0,Clear
T000135,Route_15,Subway,9,5.9,29,11.72,2.1,Wed,0,Rain
T000136,Route_6,Train,1,38.4,33,11.06,2.1,Sun,0,Clear
T000137,Route_7,Tram,2,26.2,37,13.58,2.7,Sun,1,Clear
T000138,Route_1,Tram,21,40.2,30,6.27,0.2,Mon,0,Rain
T000139,Route_16,Subway,3,41.8,25,7.8,9.5,Fri,0,Rain
T000140,Route_1,Subway,6,25.6,26,5.33,2.7,Sat,0,Rain
T000141,Route_9,Tram,13,3.1,22,5.42,18.7,Fri,0,Clear
T000142,Route_14,Ferry,21,41.5,29,1.69,7.1,Thu,0,Clear
T000143,Route_13,Ferry,12,36.4,27,13.08,11.9,Tue,0,Rain
T000144,Route_4,Bus,16,1.2,33,9.6,2.4,Sun,0,Clear
T000145,Route_4,Tram,3,25.1,39,14.45,1.1,Mon,0,Clear
T000146,Route_15,Tram,14,27.9,31,2.77,14.0,Mon,0,Clear
T000147,Route_10,Subway,13,17.0,35,3.02,4.7,Fri,0,Clear
T000148,Route_9,Tram,8,4.9,38,6.17,3.4,Wed,0,Clear
T000149,Route_10,Train,14,19.0,24,5.18,1.1,Thu,0,Snow
T000150,Route_6,Ferry,14,26.4,30,5.25,2.7,Wed,0,Clear
T000151,Route_5,Bus,16,40.3,35,12.56,2.2,Mon,0,Clear
T000152,Route_9,Ferry,3,18.6,26,12.57,5.2,Mon,0,Clear
T000153,Route_19,Ferry,14,1.1,37,10.49,1.0,Wed,0,Rain
T000154,Route_20,Ferry,2,40.9,37,6.18,5.3,Mon,0,Clear
T000155,Route_3,Subway,22,27.3,26,6.24,0.7,Sun,0,Snow
T000156,Route_6,Ferry,4,44.0,25,1.96,4.9,Tue,0,Clear
T000157,Route_15,Subway,17,16.1,26,3.3,4.8,Fri,0,Rain
T000158,Route_12,Subway,1,17.8,29,5.36,0.9,Fri,1,Rain
T000159,Route_14,Bus,8,38.7,34,8.09,2.1,Fri,0,Clear
T000160,Route_11,Tram,16,3.9,40,7.92,1.4,Tue,0,Rain
T000161,Route_16,Train,14,5.6,27,5.72,5.1,Thu,0,Clear
T000162,Route_13,Train,7,5.3,30,9.84,0.9,Mon,0,Clear
T000163,Route_2,Subway,16,10.3,31,11.36,7.8,Tue,0,Clear
T000164,Route_6,Train,6,38.9,28,5.94,5.3,Thu,0,Rain
T000165,Route_5,Tram,19,35.7,32,13.65,1.0,Fri,1,Clear
T000166,Route_13,Ferry,10,30.7,32,5.41,4.0,Sat,0,Rain
T000167,Route_16,Bus,18,33.1,27,9.04,7.0,Fri,0,Clear
T000168,Route_17,Subway,3,20.6,34,3.04,1.2,Sun,0,Clear
T000169,Route_13,Bus,9,33.5,28,10.94,2.3,Wed,0,Clear
T000170,Route_5,Subway,3,35.4,36,2.95,0.3,Mon,0,Clear
T000171,Route_18,Train,22,4.2,34,1.68,1.1,Fri,0,Clear
T000172,Route_4,Ferry,22,3.3,28,4.47,1.2,Wed,0,Clear
T000173,Route_10,Ferry,15,31.5,29,11.24,1.3,Mon,0,Clear
T000174,Route_3,Bus,17,20.7,37,9.93,5.1,Sun,0,Fog
T000175,Route_7,Subway,15,31.8,24,2.69,12.6,Wed,0,Clear
T000176,Route_19,Subway,6,20.7,39,4.17,0.9,Sun,0,Clear
T000177,Route_6,Ferry,22,20.3,28,2.65,7.0,Mon,1,Clear
T000178,Route_9,Subway,13,9.3,30,13.34,3.1,Sun,0,Snow
T000179,Route_19,Bus,18,34.5,26,14.78,6.9,Fri,0,Clear
T000180,Route_18,Tram,8,37.4,30,2.5,25.1,Sat,1,Clear
T000181,Route_8,Tram,4,10.5,27,14.03,11.1,Fri,0,Clear
T000182,Route_11,Tram,9,8.8,23,14.28,1.0,Mon,0,Clear
T000183,Route_20,Bus,21,38.9,29,1.99,2.1,Wed,0,Clear
T000184,Route_18,Bus,1,6.5,27,2.46,2.4,Mon,0,Clear
T000185,Route_13,Bus,3,28.5,35,6.1,3.3,Mon,0,Rain
T000186,Route_5,Subway,22,21.6,31,3.8,2.3,Fri,0,Clear
T000187,Route_10,Train,13,21.5,35,14.07,2.6,Sat,0,Clear
T000188,Route_8,Train,4,11.2,33,10.0,3.5,Sat,0,Clear
T000189,Route_16,Ferry,14,14.0,30,6.99,1.2,Sat,1,Clear
T000190,Route_17,Subway,8,30.3,25,4.3,1.4,Wed,0,Clear
T000191,Route_11,Ferry,3,21.9,28,1.84,1.8,Wed,0,Snow
T000192,Route_20,Ferry,5,5.1,33,8.04,3.1,Mon,0,Snow
T000193,Route_13,Subway,11,33.1,38,2.51,6.1,Fri,0,Rain
T000194,Route_3,Bus,12,44.7,25,12.32,1.8,Sun,0,Clear
T000195,Route_1,Tram,3,7.6,29,4.12,1.6,Tue,0,Clear
T000196,Route_18,Bus,8,23.8,26,13.69,4.9,Sat,0,Clear
T000197,Route_10,Subway,12,1.3,27,5.59,5.8,Wed,0,Rain
T000198,Route_14,Ferry,13,33.3,29,9.22,2.7,Fri,0,Fog
T000199,Route_11,Ferry,20,43.3,30,5.02,1.5,Thu,0,Clear
T000200,Route_12,Ferry,21,4.1,34,1.52,1.9,Sat,0,Snow
T000201,Route_19,Ferry,14,20.4,30,6.71,6.3,Sun,0,Snow
T000202,Route_16,Bus,0,31.2,30,4.89,3.6,Sat,0,Clear
T000203,Route_8,Ferry,10,27.0,20,13.43,1.2,Sat,0,Clear
T000204,Route_8,Bus,10,15.0,29,12.2,11.3,Mon,0,Clear
T000205,Route_6,Subway,7,37.6,19,2.95,0.9,Wed,0,Clear
T000206,Route_20,Bus,4,44.4,36,12.69,3.7,Tue,0,Clear
T000207,Route_17,Bus,15,15.1,28,5.43,0.3,Thu,0,Clear
T000208,Route_15,Ferry,16,17.8,30,5.66,8.0,Tue,0,Clear
T000209,Route_13,Tram,2,17.7,36,4.61,4.9,Sat,0,Clear
T000210,Route_14,Tram,17,42.2,32,10.71,6.1,Sat,0,Clear
T000211,Route_10,Subway,19,20.3,19,6.78,0.7,Tue,0,Snow
T000212,Route_3,Tram,22,10.1,33,4.72,22.5,Thu,1,Clear
T000213,Route_13,Subway,17,9.0,25,12.28,8.9,Fri,0,Clear
T000214,Route_11,Subway,7,44.2,16,12.14,0.4,Wed,0,Clear
T000215,Route_15,Bus,5,34.5,26,3.35,0.7,Sun,0,Clear
T000216,Route_7,Ferry,4,38.8,30,14.88,17.2,Mon,0,Fog
T000217,Route_6,Train,11,15.5,23,13.32,6.9,Sat,0,Clear
T000218,Route_14,Ferry,11,43.6,32,5.15,17.9,Sun,0,Rain
T000219,Route_13,Ferry,8,21.3,20,13.54,6.2,Tue,0,Rain
T000220,Route_6,Subway,3,36.4,33,4.43,3.1,Sat,0,Rain
T000221,Route_6,Tram,19,11.1,30,3.11,1.1,Thu,1,Fog
T000222,Route_18,Train,4,26.5,26,2.1,2.4,Thu,0,Rain
T000223,Route_9,Bus,16,17.6,27,5.59,0.4,Wed,0,Clear
T000224,Route_11,Ferry,16,14.5,23,4.88,10.9,Sun,0,Clear
T000225,Route_9,Tram,22,14.3,36,12.32,0.3,Wed,0,Clear
T000226,Route_8,Bus,17,43.7,26,11.7,0.9,Sat,0,Clear
T000227,Route_7,Tram,12,25.4,31,7.37,5.1,Tue,0,Rain
T000228,Route_1,Bus,7,24.4,20,4.91,13.4,Tue,0,Rain
T000229,Route_15,Bus,6,8.3,30,5.62,3.9,Sun,0,Clear
T000230,Route_19,Bus,12,7.8,31,13.38,11.9,Fri,0,Clear
T000231,Route_12,Tram,0,21.5,23,6.89,0.1,Wed,0,Snow
T000232,Route_10,Tram,0,39.7,27,1.84,6.4,Mon,0,Fog
T000233,Route_6,Train,22,17.2,30,11.73,0.8,Wed,0,Clear
T000234,Route_2,Ferry,8,14.4,33,14.8,31.6,Sun,0,Fog
T000235,Route_6,Tram,7,11.7,32,2.98,4.0,Mon,0,Clear
T000236,Route_16,Tram,6,9.1,23,2.69,0.5,Mon,0,Clear
T000237,Route_5,Subway,3,36.9,31,3.59,0.4,Sun,0,Clear
T000238,Route_20,Bus,16,18.9,39,9.01,2.5,Sat,0,Clear
T000239,Route_15,Subway,1,31.9,39,4.01,4.5,Fri,1,Snow
T000240,Route_7,Tram,20,37.5,31,14.36,1.7,Fri,0,Clear
T000241,Route_13,Bus,15,20.9,34,3.31,0.6,Mon,0,Clear
T000242,Route_1,Tram,3,32.5,35,3.83,2.4,Wed,1,Rain
T000243,Route_13,Train,6,12.1,21,14.96,0.4,Sat,0,Clear
T000244,Route_16,Ferry,4,31.8,31,10.06,1.8,Sun,0,Snow
T000245,Route_11,Bus,2,6.3,22,8.63,11.8,Fri,0,Clear
T000246,Route_18,Train,15,15.8,33,12.67,10.0,Fri,0,Clear
T000247,Route_2,Ferry,8,31.6,43,14.05,13.1,Mon,0,Clear
T000248,Route_3,Ferry,2,28.5,26,12.26,0.6,Sun,0,Fog
T000249,Route_3,Bus,19,35.0,20,3.83,3.2,Wed,0,Clear
T000250,Route_19,Train,5,26.5,32,1.98,4.1,Wed,0,Clear
T000251,Route_1,Tram,13,43.6,22,12.44,10.9,Mon,0,Rain
T000252,Route_16,Subway,16,13.7,30,8.85,6.0,Fri,0,Rain
T000253,Route_14,Ferry,0,2.0,26,10.24,0.4,Sat,0,Rain
T000254,Route_19,Train,17,10.2,33,1.81,13.8,Mon,0,Clear
T000255,Route_11,Ferry,1,35.3,35,10.78,0.1,Tue,0,Clear
T000256,Route_2,Tram,22,2.3,32,3.24,4.6,Sat,0,Clear
T000257,Route_3,Bus,13,33.0,41,7.39,2.0,Wed,0,Clear
T000258,Route_5,Tram,9,16.2,29,5.4,4.1,Tue,1,Clear
T000259,Route_9,Tram,22,44.2,23,3.29,3.2,Sat,0,Clear
T000260,Route_16,Bus,12,2.8,27,9.55,0.8,Fri,0,Fog
T000261,Route_11,Bus,4,40.0,25,10.1,7.9,Mon,0,Clear
T000262,Route_18,Ferry,15,44.3,27,5.02,10.6,Mon,0,Clear
T000263,Route_12,Bus,21,22.8,21,8.72,11.3,Thu,0,Clear
T000264,Route_18,Subway,7,28.9,26,4.52,0.8,Fri,0,Clear
T000265,Route_20,Tram,0,5.1,42,7.14,1.1,Mon,0,Clear
T000266,Route_15,Subway,8,18.0,38,12.48,0.6,Fri,0,Clear
T000267,Route_13,Train,2,1.9,34,8.47,3.5,Sat,0,Clear
T000268,Route_5,Ferry,10,22.3,22,10.88,9.0,Fri,0,Snow
T000269,Route_19,Tram,1,1.5,19,4.99,7.8,Thu,0,Rain
T000270,Route_8,Tram,21,7.9,39,1.84,1.8,Tue,0,Clear
T000271,Route_6,Tram,13,5.8,21,3.12,3.9,Fri,0,Clear
T000272,Route_8,Ferry,14,9.7,29,5.85,5.6,Sun,0,Clear
T000273,Route_10,Ferry,22,8.6,36,3.97,3.6,Sat,0,Clear
T000274,Route_20,Tram,21,27.4,26,1.56,0.8,Sat,0,Clear
T000275,Route_11,Subway,2,43.1,33,8.36,1.1,Fri,0,Clear
T000276,Route_13,Train,11,33.1,31,9.93,9.8,Mon,0,Rain
T000277,Route_16,Subway,5,36.6,38,3.35,5.4,Mon,0,Rain
T000278,Route_16,Ferry,21,30.3,29,3.16,2.3,Wed,0,Clear
T000279,Route_6,Ferry,4,42.8,25,6.66,8.8,Thu,0,Snow
T000280,Route_16,Ferry,10,24.2,25,3.64,1.7,Wed,0,Clear
T000281,Route_9,Ferry,17,2.5,35,6.4,4.1,Tue,0,Clear
T000282,Route_19,Tram,20,11.0,29,7.08,0.6,Fri,0,Clear
T000283,Route_5,Subway,22,6.2,36,12.98,0.5,Sun,0,Clear
T000284,Route_7,Subway,0,42.1,28,9.04,7.2,Mon,0,Snow
T000285,Route_3,Tram,16,8.5,33,2.71,2.9,Sun,0,Fog
T000286,Route_16,Tram,13,8.1,29,10.33,2.1,Fri,0,Clear
T000287,Route_9,Tram,20,5.8,31,14.0,9.8,Mon,0,Clear
T000288,Route_3,Tram,3,3.8,33,12.15,2.9,Wed,0,Rain
T000289,Route_14,Train,12,20.6,37,11.71,12.4,Sat,0,Clear
T000290,Route_8,Bus,1,6.4,18,5.06,5.5,Sun,0,Clear
T000291,Route_5,Ferry,5,42.9,35,4.61,16.0,Thu,0,Snow
T000292,Route_13,Subway,16,20.7,28,11.72,1.3,Fri,0,Clear
T000293,Route_17,Train,2,25.3,27,6.6,4.4,Sun,0,Clear
T000294,Route_16,Bus,2,1.0,26,3.85,3.1,Thu,0,Rain
T000295,Route_5,Ferry,21,43.9,26,12.39,1.9,Wed,0,Clear
T000296,Route_17,Tram,9,29.8,36,3.45,0.2,Wed,0,Clear
T000297,Route_5,Train,8,3.4,33,3.79,2.1,Sat,0,Rain
T000298,Route_2,Subway,12,36.8,32,6.24,7.9,Sun,0,Rain
T000299,Route_4,Subway,5,41.2,30,3.69,0.7,Wed,0,Clear
T000300,Route_18,Subway,0,5.5,27,6.37,3.6,Fri,0,Clear
T000301,Route_14,Ferry,4,15.6,25,7.94,1.6,Tue,0,Clear
T000302,Route_18,Tram,2,5.8,30,13.72,1.9,Wed,0,Rain
T000303,Route_4,Tram,6,3.1,25,5.72,6.2,Sat,0,Rain
T000304,Route_1,Tram,8,19.4,41,7.74,11.1,Sat,0,Clear
T000305,Route_14,Bus,1,3.0,30,10.96,0.7,Fri,0,Rain
T000306,Route_10,Train,15,20.9,28,8.94,16.3,Mon,0,Clear
T000307,Route_6,Subway,3,30.0,27,8.37,2.4,Sat,0,Clear
T000308,Route_8,Train,21,35.4,24,13.19,3.8,Sun,0,Rain
T000309,Route_11,Ferry,6,0.8,31,11.57,0.4,Wed,1,Clear
T000310,Route_12,Bus,13,5.9,32,10.07,2.9,Tue,0,Clear
T000311,Route_1,Bus,6,24.9,23,7.44,3.7,Tue,0,Fog
T000312,Route_8,Bus,13,5.6,25,1.99,4.5,Sun,0,Clear
T000313,Route_16,Subway,0,43.8,32,8.08,1.2,Sat,0,Clear
T000314,Route_10,Ferry,16,32.4,32,10.54,3.1,Thu,0,Clear
T000315,Route_11,Subway,7,28.9,23,11.21,1.0,Sun,0,Clear
T000316,Route_4,Train,14,12.2,29,8.66,1.7,Sun,0,Clear
T000317,Route_14,Train,18,41.0,33,12.22,3.6,Mon,0,Clear
T000318,Route_7,Ferry,5,39.3,33,10.27,10.6,Sat,0,Clear
T000319,Route_2,Ferry,5,40.9,23,9.22,4.2,Tue,0,Clear
T000320,Route_7,Subway,16,33.3,28,5.56,2.1,Tue,0,Rain
T000321,Route_5,Subway,2,40.7,29,14.7,2.6,Sat,0,Clear
T000322,Route_12,Ferry,8,16.4,21,10.26,4.6,Sun,0,Clear
T000323,Route_3,Tram,17,43.6,29,8.09,4.2,Mon,0,Clear
T000324,Route_1,Train,20,9.0,38,9.3,6.9,Tue,0,Clear
T000325,Route_3,Train,7,14.7,37,3.3,0.4,Tue,0,Clear
T000326,Route_18,Ferry,2,27.7,30,8.33,1.6,Thu,0,Clear
T000327,Route_7,Subway,19,26.9,35,13.55,0.4,Sat,0,Clear
T000328,Route_19,Train,7,3.9,31,2.59,2.0,Wed,0,Clear
T000329,Route_13,Subway,3,5.5,38,10.32,2.1,Wed,0,Rain
T000330,Route_5,Bus,9,2.5,36,4.79,0.8,Sat,0,Rain
T000331,Route_1,Train,5,1.0,23,8.35,1.3,Thu,0,Rain
T000332,Route_15,Ferry,19,28.5,27,3.08,8.7,Wed,0,Snow
T000333,Route_20,Subway,21,26.5,36,5.33,12.7,Sun,0,Clear
T000334,Route_10,Subway,6,33.9,35,8.61,11.7,Tue,0,Rain
T000335,Route_14,Ferry,19,26.7,24,7.06,6.0,Sat,0,Clear
T000336,Route_5,Subway,0,8.0,25,4.16,0.3,Fri,0,Clear
T000337,Route_9,Train,3,23.3,33,5.81,2.1,Tue,0,Clear
T000338,Route_17,Ferry,13,22.7,31,1.89,2.7,Fri,0,Clear
T000339,Route_5,Tram,8,37.2,30,3.46,1.6,Mon,0,Rain
T000340,Route_12,Ferry,16,11.2,34,13.51,3.6,Sun,0,Fog
T000341,Route_7,Tram,2,24.8,29,10.65,0.8,Fri,0,Rain
T000342,Route_10,Ferry,3,8.2,29,2.14,1.7,Thu,0,Clear
T000343,Route_11,Ferry,15,24.5,30,8.18,4.4,Sun,0,Clear
T000344,Route_12,Bus,4,20.4,36,14.55,0.8,Thu,0,Snow
T000345,Route_5,Ferry,13,10.6,39,1.54,4.1,Tue,0,Rain
T000346,Route_17,Ferry,8,33.8,35,9.07,5.6,Mon,0,Clear
T000347,Route_11,Subway,22,16.7,24,1.72,2.9,Fri,0,Clear
T000348,Route_15,Train,10,17.1,29,13.59,1.4,Wed,0,Clear
T000349,Route_17,Ferry,11,3.0,30,2.26,11.0,Tue,0,Clear
T000350,Route_6,Train,11,0.6,25,2.2,7.9,Thu,1,Rain
T000351,Route_8,Bus,17,36.8,37,1.61,3.5,Fri,0,Clear
T000352,Route_7,Ferry,15,3.4,34,14.54,18.3,Wed,0,Clear
T000353,Route_10,Ferry,18,10.3,33,7.74,15.1,Sat,0,Clear
T000354,Route_4,Subway,10,7.9,36,12.6,6.8,Fri,0,Clear
T000355,Route_8,Bus,8,38.9,32,14.26,4.7,Fri,0,Clear
T000356,Route_19,Bus,14,37.2,27,7.57,0.3,Tue,0,Clear
T000357,Route_12,Bus,6,31.5,34,6.61,4.5,Sat,0,Clear
T000358,Route_8,Train,9,39.1,23,10.7,7.0,Sun,0,Clear
T000359,Route_5,Train,4,30.3,22,4.3,6.4,Sat,0,Clear
T000360,Route_13,Tram,19,25.4,33,2.47,7.2,Thu,0,Clear
T000361,Route_6,Bus,9,24.9,35,13.53,25.6,Sun,0,Rain
T000362,Route_2,Tram,22,22.9,32,9.18,2.7,Fri,0,Clear
T000363,Route_10,Train,16,42.6,33,12.54,3.6,Fri,0,Clear
T000364,Route_11,Ferry,15,41.3,20,2.62,2.3,Mon,0,Clear
T000365,Route_6,Tram,11,22.6,34,10.3,5.7,Sun,0,Clear
T000366,Route_2,Ferry,19,0.9,30,5.23,20.2,Sun,1,Rain
T000367,Route_2,Subway,2,33.7,29,11.77,2.2,Tue,0,Rain
T000368,Route_7,Subway,8,27.0,32,5.6,2.5,Thu,0,Clear
T000369,Route_1,Train,6,23.1,33,2.9,2.4,Sun,0,Snow
T000370,Route_2,Ferry,15,32.1,27,14.6,3.1,Fri,0,Clear
T000371,Route_10,Bus,18,1.3,32,4.16,0.6,Fri,0,Clear
T000372,Route_17,Ferry,14,1.5,33,9.38,10.3,Fri,0,Clear
T000373,Route_18,Train,0,44.1,33,2.02,0.6,Thu,0,Clear
T000374,Route_16,Subway,12,10.2,29,10.36,4.1,Wed,0,Clear
T000375,Route_3,Train,11,29.5,26,9.25,2.8,Sun,0,Clear
T000376,Route_7,Tram,3,44.8,24,10.4,4.9,Wed,0,Clear
T000377,Route_18,Tram,18,15.4,35,5.5,14.5,Mon,0,Clear
T000378,Route_11,Bus,2,2.5,24,14.65,3.5,Fri,0,Rain
T000379,Route_9,Ferry,5,4.9,24,11.42,0.9,Sat,1,Fog
T000380,Route_14,Tram,8,25.8,29,9.87,1.3,Sat,0,Snow
T000381,Route_2,Tram,21,11.7,21,5.64,3.4,Tue,0,Rain
T000382,Route_2,Bus,17,24.1,22,3.67,0.6,Mon,0,Rain
T000383,Route_6,Bus,6,30.6,36,5.61,6.5,Mon,0,Clear
T000384,Route_3,Ferry,0,20.9,32,3.15,0.2,Thu,0,Clear
T000385,Route_20,Tram,10,23.9,28,10.68,1.4,Fri,0,Clear
T000386,Route_3,Ferry,22,40.5,22,8.21,5.4,Fri,0,Rain
T000387,Route_16,Ferry,22,18.9,37,6.58,5.4,Fri,0,Clear
T000388,Route_19,Ferry,3,1.3,25,12.11,11.9,Tue,0,Clear
T000389,Route_20,Subway,15,14.2,28,14.15,6.0,Tue,0,Clear
T000390,Route_18,Ferry,5,37.6,27,12.81,3.5,Sun,0,Rain
T000391,Route_17,Subway,11,2.3,27,9.59,2.4,Sat,0,Rain
T000392,Route_18,Tram,8,27.4,26,10.57,5.7,Fri,0,Clear
T000393,Route_4,Train,14,0.6,24,2.33,0.2,Wed,0,Rain
T000394,Route_7,Train,2,12.5,47,1.85,4.0,Tue,0,Clear
T000395,Route_16,Subway,22,26.8,46,9.04,24.9,Wed,0,Clear
T000396,Route_15,Tram,20,32.1,35,4.21,15.5,Sat,0,Rain
T000397,Route_6,Tram,11,36.0,35,5.31,2.3,Tue,0,Clear
T000398,Route_13,Ferry,15,26.4,29,6.67,14.1,Thu,0,Clear
T000399,Route_15,Subway,20,29.8,28,6.46,7.8,Fri,0,Clear
T000400,Route_2,Train,12,40.8,32,11.98,3.7,Mon,1,Clear
T000401,Route_19,Subway,6,35.8,25,5.97,5.5,Thu,0,Clear
T000402,Route_13,Train,12,15.4,34,8.68,5.2,Wed,0,Clear
T000403,Route_9,Bus,15,21.9,31,5.95,3.7,Tue,0,Clear
T000404,Route_5,Train,20,36.9,34,8.36,9.8,Tue,0,Snow
T000405,Route_16,Train,4,24.7,34,1.77,3.0,Thu,0,Clear
T000406,Route_1,Train,1,35.7,31,9.84,0.3,Sun,0,Snow
T000407,Route_5,Tram,17,3.5,26,7.43,2.5,Sat,0,Clear
T000408,Route_6,Bus,13,29.7,29,5.76,5.4,Sun,0,Rain
T000409,Route_11,Bus,11,39.8,40,5.69,1.3,Sun,0,Clear
T000410,Route_11,Subway,22,21.7,29,9.68,6.4,Wed,0,Clear
T000411,Route_7,Train,20,42.9,30,5.76,0.5,Wed,0,Clear
T000412,Route_13,Ferry,2,20.4,25,1.59,31.0,Tue,0,Rain
T000413,Route_2,Ferry,5,13.9,31,6.74,4.8,Tue,0,Clear
T000414,Route_6,Train,1,44.0,22,11.04,1.3,Sat,0,Clear
T000415,Route_2,Subway,10,23.5,30,10.93,9.5,Wed,1,Rain
T000416,Route_9,Bus,3,41.6,23,8.39,0.1,Wed,0,Snow
T000417,Route_14,Bus,18,13.7,36,9.15,2.9,Sat,0,Clear
T000418,Route_9,Subway,3,42.0,28,3.97,4.6,Sun,0,Rain
T000419,Route_13,Train,8,27.0,33,4.57,5.6,Sat,0,Clear
T000420,Route_8,Tram,11,22.7,34,1.78,4.2,Fri,0,Clear
T000421,Route_2,Train,13,14.7,36,8.88,14.3,Mon,0,Clear
T000422,Route_6,Train,13,36.6,30,3.38,16.5,Sun,0,Fog
T000423,Route_19,Subway,18,9.7,31,4.24,5.6,Fri,0,Rain
T000424,Route_6,Train,11,8.2,30,8.52,10.0,Fri,1,Rain
T000425,Route_11,Tram,12,4.1,19,6.02,8.8,Mon,0,Clear
T000426,Route_18,Bus,7,40.7,23,13.71,4.9,Fri,0,Rain
T000427,Route_19,Tram,6,7.5,25,1.72,1.8,Mon,0,Clear
T000428,Route_1,Bus,21,31.2,31,6.49,1.0,Tue,0,Clear
T000429,Route_7,Tram,3,10.4,45,5.47,3.2,Sat,0,Snow
T000430,Route_5,Tram,22,20.2,25,5.44,1.1,Sun,0,Clear
T000431,Route_7,Tram,20,26.4,21,12.03,3.9,Sat,0,Rain
T000432,Route_13,Bus,2,21.5,26,9.25,2.6,Thu,0,Clear
T000433,Route_3,Subway,22,15.0,33,10.41,9.1,Sat,0,Clear
T000434,Route_18,Train,14,33.5,27,6.49,3.5,Tue,0,Snow
T000435,Route_10,Ferry,0,41.9,29,2.69,2.7,Wed,0,Clear
T000436,Route_11,Ferry,21,36.1,37,7.04,1.0,Fri,0,Clear
T000437,Route_3,Train,22,10.5,26,2.5,1.8,Tue,1,Clear
T000438,Route_5,Train,22,11.7,26,8.74,14.6,Thu,0,Clear
T000439,Route_14,Bus,21,29.8,22,10.94,1.4,Mon,1,Snow
T000440,Route_6,Train,22,8.1,27,10.76,0.1,Thu,1,Clear
T000441,Route_9,Train,1,17.0,25,3.51,6.3,Fri,0,Clear
T000442,Route_19,Ferry,19,42.6,25,11.79,7.4,Thu,0,Snow
T000443,Route_18,Tram,4,41.3,28,1.84,4.1,Sun,0,Clear
T000444,Route_18,Ferry,6,27.3,24,11.34,0.6,Sat,0,Snow
T000445,Route_20,Subway,15,9.5,30,6.32,4.9,Fri,0,Clear
T000446,Route_7,Tram,11,32.9,28,8.68,3.5,Fri,0,Clear
T000447,Route_18,Subway,5,30.3,26,1.71,0.1,Sun,0,Rain
T000448,Route_11,Bus,13,12.3,38,8.18,8.2,Sun,0,Clear
T000449,Route_4,Train,8,39.3,32,3.12,0.2,Thu,0,Clear
T000450,Route_19,Tram,14,42.0,20,2.55,1.9,Thu,1,Clear
T000451,Route_7,Tram,15,29.9,37,11.02,1.5,Tue,0,Rain
T000452,Route_9,Bus,8,27.3,26,8.29,2.5,Sun,0,Clear
T000453,Route_10,Ferry,16,3.4,37,3.01,10.4,Thu,0,Clear
T000454,Route_19,Bus,4,42.3,28,9.31,5.7,Sun,0,Snow
T000455,Route_20,Bus,6,26.4,23,2.03,5.7,Sun,0,Clear
T000456,Route_2,Tram,13,13.1,25,4.76,4.6,Tue,0,Clear
T000457,Route_15,Ferry,17,36.4,38,11.8,2.2,Sat,0,Rain
T000458,Route_17,Bus,20,11.7,31,3.63,41.7,Thu,0,Clear
T000459,Route_3,Ferry,19,14.8,29,7.72,27.5,Wed,0,Clear
T000460,Route_3,Bus,10,11.6,27,9.83,0.2,Sun,0,Clear
T000461,Route_16,Subway,5,7.9,23,9.74,1.7,Thu,0,Clear
T000462,Route_4,Train,10,2.1,26,3.51,0.0,Tue,0,Clear
T000463,Route_5,Bus,17,30.6,31,7.79,4.7,Mon,1,Rain
T000464,Route_19,Bus,7,38.1,27,11.31,1.0,Sun,0,Snow
T000465,Route_3,Train,18,20.8,21,13.17,6.2,Tue,0,Clear
T000466,Route_4,Train,8,26.8,38,2.93,3.0,Fri,0,Clear
T000467,Route_19,Train,20,2.9,28,6.88,0.1,Mon,0,Clear
T000468,Route_12,Ferry,0,13.5,22,9.1,3.0,Mon,0,Clear
T000469,Route_19,Ferry,9,4.1,23,11.79,6.6,Thu,0,Rain
T000470,Route_2,Train,17,16.1,29,5.35,3.8,Wed,1,Snow
T000471,Route_11,Ferry,6,43.1,36,14.32,1.8,Fri,1,Clear
T000472,Route_2,Train,20,11.4,24,9.43,1.5,Thu,0,Rain
T000473,Route_2,Train,1,28.6,41,12.42,0.8,Sun,1,Clear
T000474,Route_15,Train,1,38.9,28,9.75,3.8,Wed,0,Rain
T000475,Route_13,Train,19,35.1,25,11.76,4.8,Tue,0,Rain
T000476,Route_1,Ferry,11,16.6,24,6.67,3.6,Sat,0,Snow
T000477,Route_4,Ferry,18,8.3,34,10.03,1.6,Sun,0,Fog
T000478,Route_12,Bus,18,44.6,23,13.81,13.4,Fri,0,Clear
T000479,Route_9,Tram,19,23.0,33,7.94,11.8,Fri,0,Clear
T000480,Route_2,Train,22,37.0,35,9.28,6.6,Wed,1,Clear
T000481,Route_1,Bus,10,4.2,44,4.06,2.3,Thu,0,Clear
T000482,Route_13,Bus,1,19.3,18,10.42,11.4,Thu,0,Rain
T000483,Route_4,Tram,2,1.1,37,2.68,2.9,Wed,0,Clear
T000484,Route_7,Ferry,2,41.6,35,10.5,6.5,Mon,0,Clear
T000485,Route_12,Bus,18,27.4,33,6.89,3.9,Sun,0,Clear
T000486,Route_5,Ferry,15,34.4,27,5.43,1.7,Fri,0,Clear
T000487,Route_7,Ferry,5,2.1,22,7.18,3.1,Thu,0,Rain
T000488,Route_18,Ferry,6,10.8,34,13.83,1.5,Wed,0,Clear
T000489,Route_12,Bus,22,23.7,44,6.05,7.3,Fri,0,Clear
T000490,Route_15,Ferry,8,2.3,23,9.92,13.6,Sat,0,Clear
T000491,Route_20,Train,9,36.0,26,3.85,10.8,Sun,0,Clear
T000492,Route_1,Subway,11,39.3,35,5.95,2.6,Sat,0,Rain
T000493,Route_2,Train,17,11.2,36,6.3,7.6,Sun,0,Clear
T000494,Route_11,Train,7,13.2,23,11.91,5.7,Mon,0,Snow
T000495,Route_16,Ferry,5,23.4,37,14.91,3.7,Thu,0,Clear
T000496,Route_9,Bus,6,19.5,38,3.68,2.4,Sat,0,Clear
T000497,Route_11,Subway,6,0.8,28,6.67,10.7,Fri,0,Clear
T000498,Route_13,Bus,17,15.6,31,11.03,0.4,Thu,0,Clear
T000499,Route_5,Subway,13,30.3,34,1.77,2.0,Wed,0,Snow
T000500,Route_13,Bus,9,43.8,27,11.59,9.9,Wed,0,Rain
T000501,Route_15,Tram,1,33.5,30,10.53,0.2,Mon,0,Fog
T000502,Route_5,Bus,17,31.4,26,3.39,3.1,Fri,0,Clear
T000503,Route_10,Tram,17,9.2,37,1.66,9.2,Mon,0,Rain
T000504,Route_5,Tram,9,38.9,32,7.88,1.8,Wed,0,Clear
T000505,Route_12,Tram,13,14.6,39,12.93,9.4,Sun,0,Clear
T000506,Route_2,Subway,1,5.5,32,1.7,2.8,Tue,0,Clear
T000507,Route_16,Tram,16,42.0,30,6.22,1.7,Wed,0,Fog
T000508,Route_20,Tram,9,31.1,42,3.67,5.5,Mon,0,Clear
T000509,Route_12,Tram,14,25.2,31,5.62,5.5,Sat,0,Clear
T000510,Route_19,Bus,21,15.4,26,14.89,2.9,Mon,0,Clear
T000511,Route_10,Subway,15,6.0,23,7.23,8.1,Sat,0,Clear
T000512,Route_20,Subway,16,22.4,28,6.69,4.8,Thu,0,Rain
T000513,Route_6,Train,1,33.2,38,8.41,2.4,Mon,0,Rain
T000514,Route_18,Train,19,36.5,30,11.01,1.3,Sun,0,Clear
T000515,Route_7,Bus,20,14.4,24,8.02,7.9,Mon,0,Clear
T000516,Route_6,Train,17,42.0,28,8.77,3.4,Tue,1,Clear
T000517,Route_2,Bus,14,11.6,41,2.4,20.2,Thu,0,Clear
T000518,Route_2,Subway,19,31.9,33,9.56,8.5,Sun,0,Clear
T000519,Route_17,Subway,16,14.0,24,5.76,9.8,Fri,0,Clear
T000520,Route_1,Bus,13,19.1,28,13.54,5.2,Wed,0,Clear
T000521,Route_12,Ferry,16,42.6,26,9.21,1.1,Sun,1,Clear
T000522,Route_20,Tram,18,10.6,26,3.92,5.5,Sat,0,Snow
T000523,Route_9,Subway,7,4.0,27,5.8,0.9,Sat,0,Snow
T000524,Route_5,Subway,3,9.6,27,5.57,0.2,Mon,0,Clear
T000525,Route_3,Bus,15,35.2,35,2.55,3.9,Mon,0,Clear
T000526,Route_13,Bus,21,29.6,36,9.56,0.5,Sun,0,Rain
T000527,Route_8,Tram,14,35.7,26,4.13,2.3,Fri,0,Rain
T000528,Route_19,Subway,8,21.3,27,3.62,7.7,Sat,0,Clear
T000529,Route_15,Ferry,21,28.5,34,5.41,3.8,Sun,0,Clear
T000530,Route_9,Subway,0,11.0,29,12.68,6.2,Fri,0,Rain
T000531,Route_9,Subway,14,20.4,28,3.27,2.8,Thu,0,Clear
T000532,Route_3,Ferry,20,30.4,28,4.97,5.0,Sat,0,Clear
T000533,Route_3,Tram,19,20.5,34,5.47,2.0,Thu,0,Clear
T000534,Route_6,Tram,14,41.3,37,5.39,2.0,Wed,1,Clear
T000535,Route_18,Bus,12,41.9,24,2.46,5.1,Sun,0,Clear
T000536,Route_17,Tram,17,39.4,33,13.0,1.0,Thu,0,Fog
T000537,Route_4,Train,17,29.9,33,13.62,1.4,Thu,0,Rain
T000538,Route_7,Bus,20,13.6,26,8.21,7.9,Mon,0,Snow
T000539,Route_4,Subway,1,1.0,18,9.01,7.0,Wed,0,Rain
T000540,Route_8,Train,5,33.4,28,14.41,5.7,Thu,1,Clear
T000541,Route_16,Train,17,41.7,27,7.82,5.6,Thu,1,Fog
T000542,Route_2,Tram,7,31.4,36,4.16,5.3,Tue,1,Clear
T000543,Route_2,Train,2,1.5,28,4.61,1.7,Fri,0,Clear
T000544,Route_16,Train,11,26.3,23,3.45,0.6,Sun,0,Clear
T000545,Route_9,Tram,9,44.3,29,11.01,2.7,Sat,1,Clear
T000546,Route_14,Tram,10,5.4,33,7.15,2.3,Wed,0,Clear
T000547,Route_9,Train,15,13.8,30,5.82,0.9,Tue,0,Rain
T000548,Route_4,Tram,17,29.4,38,2.09,3.0,Thu,0,Rain
T000549,Route_16,Subway,21,2.4,25,10.46,2.4,Wed,0,Rain
T000550,Route_14,Train,9,40.8,29,8.42,3.2,Tue,0,Snow
T000551,Route_12,Train,18,42.4,34,2.26,3.1,Mon,0,Clear
T000552,Route_19,Ferry,4,28.5,27,14.4,0.5,Fri,0,Rain
T000553,Route_8,Ferry,20,41.7,26,11.49,1.0,Thu,0,Clear
T000554,Route_7,Bus,22,16.3,32,12.42,0.4,Wed,1,Clear
T000555,Route_12,Train,2,5.9,37,3.32,1.3,Mon,0,Rain
T000556,Route_15,Subway,9,32.1,31,12.98,0.3,Fri,0,Clear
T000557,Route_10,Bus,4,15.7,28,4.4,8.7,Sat,0,Clear
T000558,Route_14,Tram,1,23.0,31,14.37,9.6,Fri,0,Snow
T000559,Route_10,Subway,14,41.3,32,12.13,8.2,Wed,0,Clear
T000560,Route_14,Subway,21,1.5,37,12.8,5.6,Tue,0,Clear
T000561,Route_8,Subway,11,8.3,30,4.14,16.0,Sun,1,Clear
T000562,Route_2,Ferry,10,6.8,34,2.15,1.6,Wed,0,Rain
T000563,Route_12,Ferry,14,30.7,26,4.94,9.6,Mon,1,Clear
T000564,Route_19,Train,20,28.0,26,14.43,2.8,Tue,1,Rain
T000565,Route_4,Tram,16,35.9,22,7.03,0.6,Sat,0,Clear
T000566,Route_16,Train,2,31.7,23,13.3,9.6,Mon,0,Rain
T000567,Route_14,Subway,17,18.1,26,13.39,1.8,Mon,0,Fog
T000568,Route_11,Train,2,12.2,35,11.39,14.6,Sun,0,Clear
T000569,Route_16,Tram,7,34.1,29,8.94,1.1,Mon,0,Clear
T000570,Route_20,Ferry,7,1.5,22,3.35,0.4,Sat,0,Snow
T000571,Route_14,Bus,7,20.1,26,4.8,2.0,Sat,0,Clear
T000572,Route_13,Ferry,15,24.4,27,12.4,0.3,Wed,0,Clear
T000573,Route_5,Tram,5,28.6,31,3.61,2.2,Tue,0,Clear
T000574,Route_18,Train,16,32.7,37,2.51,0.4,Mon,0,Clear
T000575,Route_4,Bus,12,9.8,28,2.32,4.2,Sat,0,Rain
T000576,Route_13,Bus,11,32.1,35,2.54,1.8,Mon,0,Clear
T000577,Route_18,Train,6,41.4,36,9.42,4.0,Fri,0,Rain
T000578,Route_17,Subway,2,25.8,27,9.16,3.7,Wed,0,Clear
T000579,Route_3,Ferry,18,27.6,29,11.73,2.9,Fri,0,Clear
T000580,Route_3,Subway,16,4.6,35,9.66,1.2,Sat,0,Rain
T000581,Route_15,Train,16,12.5,30,13.01,1.8,Mon,0,Clear
T000582,Route_6,Tram,18,32.9,24,6.43,23.5,Mon,0,Clear
T000583,Route_10,Train,4,32.9,36,4.39,6.9,Mon,0,Clear
T000584,Route_5,Bus,6,14.4,26,8.72,0.1,Sat,0,Clear
T000585,Route_13,Subway,13,3.3,21,1.79,0.3,Mon,1,Clear
T000586,Route_9,Bus,4,38.3,26,13.8,2.9,Sun,0,Clear
T000587,Route_14,Tram,18,4.0,24,5.75,6.1,Fri,0,Clear
T000588,Route_5,Train,17,25.7,29,3.08,9.9,Sat,0,Clear
T000589,Route_8,Subway,3,22.0,27,3.97,10.9,Sun,0,Rain
T000590,Route_16,Train,22,1.2,31,12.24,0.9,Sun,0,Clear
T000591,Route_5,Tram,10,30.0,29,6.85,6.9,Thu,0,Clear
T000592,Route_12,Tram,11,19.3,27,12.51,3.6,Tue,0,Rain
T000593,Route_11,Tram,2,42.2,33,6.13,2.4,Wed,0,Snow
T000594,Route_8,Tram,14,20.6,28,5.87,15.1,Wed,0,Rain
T000595,Route_17,Train,9,15.5,31,12.57,6.7,Tue,0,Snow
T000596,Route_4,Tram,12,2.7,29,3.95,2.5,Thu,0,Clear
T000597,Route_7,Subway,7,16.1,35,11.02,0.8,Tue,0,Clear
T000598,Route_5,Ferry,14,39.5,27,11.1,0.8,Sun,0,Snow
T000599,Route_2,Tram,0,23.4,31,12.95,1.7,Tue,1,Rain
T000600,Route_7,Train,22,32.7,29,2.78,4.5,Mon,0,Clear
T000601,Route_4,Train,10,4.6,21,9.54,5.2,Sun,0,Clear
T000602,Route_19,Bus,17,32.8,29,10.13,0.3,Fri,0,Clear
T000603,Route_8,Bus,9,4.4,19,3.2,0.3,Mon,0,Rain
T000604,Route_17,Subway,1,29.2,38,14.52,2.2,Sat,1,Clear
T000605,Route_11,Subway,16,9.5,20,5.0,4.4,Wed,0,Rain
T000606,Route_18,Tram,12,7.3,31,12.29,1.8,Sun,0,Rain
T000607,Route_4,Subway,6,25.1,30,10.83,2.2,Tue,0,Clear
T000608,Route_2,Ferry,4,13.5,35,10.65,0.7,Fri,0,Clear
T000609,Route_1,Ferry,15,15.6,29,10.84,7.2,Thu,0,Rain
T000610,Route_7,Bus,7,10.9,27,13.9,1.5,Fri,0,Rain
T000611,Route_10,Bus,14,10.8,29,7.16,3.8,Tue,0,Clear
T000612,Route_11,Bus,20,32.1,35,9.96,6.0,Fri,0,Rain
