trip_id,route,vehicle_type,departure_hour,distance_km,passengers,fare_amount,delay_minutes,day_of_week,is_holiday,weather_condition,is_delayed,cancellation_risk,on_time_pct,passenger_satisfaction
T000001,Route_8,Ferry,21,32.4,30,7.01,3.4,Thu,1,Rain,0,0.215,1.0,3.4
T000002,Route_17,Subway,16,17.5,26,11.22,1.8,Tue,0,Snow,0,0.205,0.846,4.4
T000003,Route_5,Train,21,31.6,23,3.83,3.8,Sun,0,Rain,0,0.075,0.825,4.2
T000004,Route_18,Subway,20,11.1,27,12.64,8.2,Tue,0,Clear,0,0.166,0.955,3.8
T000005,Route_18,Tram,6,27.4,28,3.36,0.7,Sat,0,Rain,0,0.087,0.822,5.0
T000006,Route_14,Ferry,4,39.7,36,14.16,13.5,Tue,0,Rain,1,0.266,0.864,3.1
T000007,Route_17,Bus,8,5.6,28,3.02,0.1,Wed,0,Clear,0,0.227,0.878,2.1
T000008,Route_20,Bus,14,1.1,34,11.24,1.9,Thu,0,Clear,0,0.25,0.915,5.0
T000009,Route_2,Tram,6,13.7,31,14.74,3.1,Thu,0,Clear,1,0.019,0.846,3.1
T000010,Route_9,Tram,21,41.5,28,7.0,8.5,Mon,0,Rain,0,0.115,0.762,3.5
T000011,Route_4,Bus,11,18.4,33,3.12,4.4,Tue,1,Rain,0,0.128,0.853,3.1
T000012,Route_19,Bus,0,40.4,38,5.97,12.5,Thu,0,Clear,1,0.073,0.89,2.4
T000013,Route_17,Ferry,8,8.8,29,12.55,9.2,Mon,0,Clear,0,0.202,0.777,3.9
T000014,Route_16,Subway,19,44.7,25,5.63,2.3,Fri,0,Snow,0,0.267,0.769,2.5
T000015,Route_4,Bus,0,17.2,28,4.93,1.0,Mon,0,Snow,0,0.155,0.909,2.7
T000016,Route_1,Train,22,2.0,30,14.54,2.1,Thu,0,Snow,0,0.175,0.831,4.2
T000017,Route_16,Subway,10,16.3,29,14.37,7.2,Fri,0,Rain,0,0.271,0.825,3.5
T000018,Route_8,Subway,7,0.6,27,12.59,2.1,Tue,0,Clear,0,0.276,0.905,5.0
T000019,Route_17,Subway,20,43.8,28,6.83,2.8,Thu,0,Clear,0,0.139,0.82,3.7
T000020,Route_17,Ferry,13,6.5,25,1.51,2.7,Thu,0,Snow,0,0.149,0.985,3.2
T000021,Route_1,Tram,5,13.6,26,6.56,12.1,Tue,0,Fog,1,0.061,0.781,4.6
T000022,Route_15,Tram,9,39.7,27,3.16,0.3,Wed,0,Rain,1,0.088,0.749,5.0
T000023,Route_16,Ferry,8,43.9,31,3.92,0.5,Tue,0,Clear,0,0.153,0.794,3.3
T000024,Route_11,Train,8,36.9,18,4.11,8.1,Sat,0,Rain,0,0.283,0.806,3.9
T000025,Route_5,Subway,16,11.0,29,8.27,2.9,Sat,1,Clear,0,0.207,0.691,2.8
T000026,Route_15,Bus,5,9.5,38,5.13,4.6,Thu,0,Clear,0,0.009,0.89,3.8
T000027,Route_16,Bus,7,5.9,25,2.24,3.0,Mon,0,Rain,1,0.264,0.89,3.7
T000028,Route_17,Subway,7,40.7,30,13.1,10.2,Thu,0,Clear,1,0.109,0.829,3.1
T000029,Route_19,Ferry,21,11.3,38,14.46,2.2,Tue,0,Clear,0,0.187,0.841,4.8
T000030,Route_11,Train,6,10.6,30,5.71,10.1,Tue,0,Rain,1,0.124,0.9,3.4
T000031,Route_13,Ferry,12,7.2,36,14.32,7.3,Tue,0,Snow,1,0.069,0.95,3.1
T000032,Route_6,Train,16,36.6,34,5.44,6.1,Tue,0,Clear,0,0.298,0.784,3.2
T000033,Route_2,Tram,15,38.5,30,14.07,13.7,Tue,0,Fog,1,0.131,0.93,3.4
T000034,Route_9,Bus,12,7.6,30,10.54,4.8,Thu,0,Clear,0,0.201,0.833,3.9
T000035,Route_20,Ferry,4,26.8,29,1.95,9.5,Thu,0,Clear,0,0.196,0.75,2.7
T000036,Route_14,Subway,3,14.9,28,6.17,7.1,Thu,0,Clear,1,0.031,0.977,4.6
T000037,Route_4,Subway,17,33.8,29,8.41,2.4,Thu,0,Clear,0,0.019,0.778,4.3
T000038,Route_7,Train,7,19.1,29,13.65,0.7,Thu,0,Clear,0,0.161,0.796,4.3
T000039,Route_2,Ferry,5,15.0,34,13.58,4.4,Fri,0,Clear,1,0.25,0.833,3.5
T000040,Route_15,Tram,15,12.0,34,5.15,4.1,Sun,0,Snow,1,0.291,0.976,3.4
T000041,Route_14,Tram,21,40.5,32,13.54,3.0,Mon,0,Rain,1,0.177,0.81,4.1
T000042,Route_16,Bus,4,28.6,36,12.12,12.4,Mon,0,Clear,1,0.151,0.898,4.0
T000043,Route_5,Ferry,9,38.6,28,13.29,0.9,Mon,0,Clear,0,0.013,0.907,3.9
T000044,Route_15,Bus,20,12.8,27,4.84,1.9,Tue,0,Rain,0,0.134,0.645,3.4
T000045,Route_3,Subway,19,3.8,33,6.71,4.0,Thu,0,Snow,1,0.067,0.761,3.6
T000046,Route_14,Tram,14,36.8,30,2.47,0.7,Sun,0,Clear,0,0.228,0.824,4.1
T000047,Route_17,Subway,20,7.2,28,9.5,2.0,Fri,1,Clear,1,0.025,1.0,5.0
T000048,Route_2,Bus,1,37.2,27,9.8,5.1,Tue,0,Rain,0,0.003,0.973,2.7
T000049,Route_16,Train,2,11.3,36,13.83,16.3,Tue,0,Clear,1,0.285,0.727,5.0
T000050,Route_10,Ferry,14,33.7,34,13.22,6.3,Wed,0,Clear,1,0.237,1.0,5.0
T000051,Route_10,Bus,5,31.6,32,3.72,1.1,Tue,0,Rain,0,0.179,1.0,2.9
T000052,Route_10,Bus,0,26.6,37,4.0,1.3,Tue,0,Rain,0,0.226,0.814,4.0
T000053,Route_15,Ferry,11,3.0,29,12.51,3.9,Fri,0,Snow,0,0.263,0.924,2.4
T000054,Route_6,Ferry,0,6.2,25,10.63,1.5,Mon,0,Rain,1,0.197,0.807,3.4
T000055,Route_12,Train,5,27.8,44,8.73,10.3,Wed,1,Clear,1,0.06,0.828,2.2
T000056,Route_18,Tram,12,28.7,37,10.66,1.2,Thu,0,Clear,0,0.269,0.719,2.6
T000057,Route_12,Subway,15,38.8,35,13.06,8.2,Mon,0,Clear,0,0.168,0.915,4.6
T000058,Route_17,Train,11,16.6,42,8.33,0.7,Mon,0,Rain,0,0.268,0.872,3.8
T000059,Route_13,Bus,9,40.3,40,3.13,0.0,Sat,0,Rain,0,0.006,0.918,3.5
T000060,Route_2,Tram,3,1.9,19,7.83,3.9,Mon,0,Clear,0,0.267,0.697,3.8
T000061,Route_12,Train,3,18.4,31,8.73,1.6,Sat,0,Clear,0,0.036,0.869,3.2
T000062,Route_16,Subway,18,25.0,26,8.32,19.9,Sat,0,Snow,1,0.153,0.628,3.6
T000063,Route_1,Tram,4,27.5,33,8.38,0.6,Fri,0,Rain,0,0.012,0.677,3.8
T000064,Route_5,Train,22,26.7,22,1.68,5.3,Fri,0,Clear,0,0.225,0.803,2.4
T000065,Route_5,Ferry,15,37.7,26,12.23,2.6,Wed,0,Snow,0,0.202,0.719,4.0
T000066,Route_10,Bus,4,39.1,41,6.93,6.1,Mon,1,Clear,0,0.175,0.716,5.0
T000067,Route_12,Train,16,36.3,30,12.3,0.4,Tue,0,Clear,0,0.004,0.83,2.7
T000068,Route_3,Train,13,16.6,46,6.29,14.8,Wed,0,Clear,1,0.291,1.0,3.5
T000069,Route_18,Tram,1,16.9,26,13.68,4.7,Thu,0,Clear,0,0.217,0.9,3.2
T000070,Route_20,Subway,7,4.9,24,14.37,0.9,Sat,0,Clear,0,0.062,0.907,3.6
T000071,Route_14,Ferry,1,10.8,27,3.78,0.2,Fri,0,Clear,0,0.122,0.914,3.3
T000072,Route_1,Train,22,2.4,27,5.8,6.8,Mon,0,Clear,0,0.154,0.606,3.7
T000073,Route_17,Ferry,3,30.1,31,11.81,0.4,Sat,0,Rain,0,0.094,0.772,3.1
T000074,Route_18,Ferry,20,5.6,31,11.56,3.4,Tue,0,Clear,1,0.109,0.863,2.2
T000075,Route_12,Tram,6,34.4,30,3.86,3.6,Thu,0,Clear,0,0.118,0.961,4.6
T000076,Route_12,Bus,1,4.5,31,11.2,4.4,Tue,0,Clear,0,0.057,0.953,4.2
T000077,Route_19,Train,20,23.1,30,6.2,6.0,Thu,0,Rain,0,0.224,0.904,2.7
T000078,Route_20,Subway,8,24.4,30,9.08,3.8,Mon,0,Clear,0,0.085,0.628,4.5
T000079,Route_19,Ferry,11,12.5,28,1.54,2.3,Sat,1,Clear,0,0.237,1.0,3.7
T000080,Route_10,Tram,0,40.7,31,5.37,7.2,Wed,0,Clear,0,0.214,0.858,4.0
T000081,Route_15,Ferry,17,17.1,34,13.75,2.5,Thu,0,Rain,0,0.06,0.881,3.4
T000082,Route_9,Tram,22,35.8,29,4.84,0.6,Mon,0,Clear,0,0.165,0.745,4.5
T000083,Route_15,Train,19,31.9,30,11.74,0.6,Mon,0,Clear,0,0.077,0.955,3.7
T000084,Route_20,Tram,5,44.1,33,3.56,7.8,Sun,0,Fog,0,0.292,0.951,5.0
T000085,Route_16,Subway,19,44.8,40,13.29,3.6,Wed,0,Clear,0,0.093,0.715,3.0
T000086,Route_8,Subway,10,4.0,43,8.16,1.3,Sun,1,Clear,0,0.188,0.879,4.0
T000087,Route_3,Bus,7,39.0,34,8.53,6.9,Tue,0,Rain,0,0.197,0.718,3.1
T000088,Route_17,Tram,20,30.2,27,4.45,4.6,Sat,0,Clear,1,0.297,0.849,2.2
T000089,Route_7,Bus,0,3.9,23,10.35,18.5,Fri,0,Rain,1,0.164,0.75,3.3
T000090,Route_13,Tram,9,32.7,33,6.77,4.5,Wed,0,Clear,0,0.185,0.78,4.2
T000091,Route_2,Ferry,8,10.9,24,2.14,9.5,Mon,1,Rain,1,0.198,0.867,3.7
T000092,Route_14,Train,2,44.0,35,14.53,5.9,Sat,1,Fog,0,0.196,0.872,3.8
T000093,Route_17,Tram,21,22.7,35,12.06,9.2,Tue,0,Clear,0,0.028,0.806,3.5
T000094,Route_20,Subway,17,14.5,33,13.21,2.1,Sun,0,Rain,1,0.298,0.741,4.4
T000095,Route_5,Train,0,28.1,33,8.22,0.0,Thu,0,Rain,0,0.091,0.706,2.6
T000096,Route_7,Tram,12,18.2,21,14.97,0.1,Thu,0,Rain,0,0.005,0.644,3.4
T000097,Route_16,Tram,12,1.3,30,4.64,3.0,Fri,0,Clear,0,0.122,0.665,3.7
T000098,Route_8,Bus,10,43.7,21,2.58,3.5,Mon,0,Clear,0,0.1,0.9,3.5
T000099,Route_12,Train,11,32.0,43,11.78,4.0,Fri,0,Clear,0,0.234,0.723,2.6
T000100,Route_5,Subway,14,35.1,41,14.14,22.1,Sun,0,Clear,1,0.255,0.855,4.2
T000101,Route_1,Ferry,9,4.3,40,11.56,0.7,Thu,0,Snow,0,0.063,0.837,3.3
T000102,Route_19,Train,15,16.8,30,3.13,1.6,Sat,0,Clear,0,0.114,0.785,2.8
T000103,Route_8,Bus,21,21.6,25,7.09,7.1,Mon,0,Rain,1,0.236,0.88,2.3
T000104,Route_7,Ferry,16,41.8,25,11.76,2.2,Tue,0,Rain,0,0.157,0.789,3.3
T000105,Route_17,Bus,2,41.0,29,3.44,0.9,Wed,0,Clear,0,0.273,0.884,4.4
T000106,Route_17,Ferry,10,32.9,29,8.46,1.9,Mon,0,Fog,0,0.07,0.883,3.4
T000107,Route_17,Subway,10,12.2,22,12.97,1.8,Tue,0,Clear,0,0.087,0.879,4.7
T000108,Route_17,Tram,17,2.3,36,7.29,0.9,Sat,1,Clear,0,0.131,0.742,3.8
T000109,Route_14,Subway,19,2.8,20,4.49,4.9,Mon,1,Clear,0,0.028,0.731,3.0
T000110,Route_12,Bus,8,20.2,36,11.05,5.6,Fri,0,Snow,1,0.252,0.778,2.7
T000111,Route_16,Train,11,44.5,28,5.1,2.8,Mon,1,Rain,0,0.08,0.983,1.5
T000112,Route_10,Train,10,23.4,31,1.84,6.6,Fri,0,Rain,0,0.026,0.728,3.8
T000113,Route_2,Train,3,34.4,33,4.16,1.1,Thu,1,Rain,0,0.28,0.996,3.5
T000114,Route_4,Ferry,4,13.3,30,11.94,13.7,Tue,0,Clear,1,0.216,0.888,4.0
T000115,Route_12,Train,14,33.6,35,13.93,8.7,Sat,0,Rain,0,0.049,0.901,4.3
T000116,Route_4,Bus,19,39.6,42,3.73,12.3,Mon,1,Snow,1,0.044,0.899,3.6
T000117,Route_1,Bus,11,23.0,32,3.14,0.8,Thu,0,Rain,0,0.093,0.723,2.2
T000118,Route_11,Train,18,7.6,21,9.12,21.1,Mon,0,Clear,1,0.042,0.797,2.8
T000119,Route_11,Train,10,8.9,38,3.49,13.3,Sat,0,Clear,1,0.119,0.744,3.2
T000120,Route_16,Train,10,2.4,32,4.56,2.7,Tue,0,Clear,0,0.089,0.795,5.0
T000121,Route_3,Ferry,12,22.8,35,10.16,7.9,Tue,0,Rain,0,0.205,0.859,3.7
T000122,Route_3,Tram,10,43.2,25,7.34,2.6,Wed,0,Rain,0,0.226,0.796,4.2
T000123,Route_7,Subway,21,39.7,31,6.11,15.7,Sat,0,Clear,1,0.158,0.782,3.5
T000124,Route_3,Subway,8,2.8,29,3.24,15.2,Wed,0,Clear,1,0.027,0.811,3.4
T000125,Route_8,Subway,15,34.9,28,14.96,13.2,Sat,1,Clear,1,0.009,0.852,3.6
T000126,Route_8,Ferry,20,6.2,39,4.01,1.0,Sun,0,Rain,0,0.237,0.77,2.8
T000127,Route_6,Train,21,38.5,31,5.38,19.7,Mon,0,Rain,1,0.203,0.859,4.6
T000128,Route_1,Tram,7,36.2,23,5.04,4.8,Wed,0,Clear,0,0.112,0.785,4.5
T000129,Route_5,Train,17,0.8,36,13.14,3.6,Mon,0,Clear,0,0.158,0.955,2.7
T000130,Route_11,Subway,10,30.6,31,14.15,2.3,Tue,0,Clear,0,0.131,0.727,2.6
T000131,Route_4,Train,9,32.5,32,8.17,0.3,Sun,0,Clear,0,0.26,0.853,4.8
T000132,Route_20,Tram,14,2.5,38,2.75,2.3,Tue,0,Clear,0,0.232,0.858,4.2
T000133,Route_6,Ferry,10,14.7,34,9.28,19.6,Thu,0,Rain,1,0.192,0.902,5.0
T000134,Route_5,Ferry,18,6.1,24,3.16,2.8,Sat,1,Rain,0,0.169,0.894,4.1
T000135,Route_12,Subway,11,44.4,27,12.54,1.8,Mon,1,Rain,0,0.091,0.837,3.5
T000136,Route_13,Tram,15,33.7,28,2.69,6.7,Tue,0,Clear,1,0.111,0.903,3.1
T000137,Route_4,Bus,1,12.5,38,9.02,3.7,Tue,0,Rain,0,0.262,0.841,3.7
T000138,Route_17,Train,14,17.9,23,4.51,1.1,Sat,1,Clear,1,0.191,0.962,4.4
T000139,Route_2,Train,12,25.2,29,8.03,5.4,Sat,0,Rain,0,0.091,0.918,3.2
T000140,Route_18,Tram,18,31.5,30,10.6,0.2,Tue,0,Clear,0,0.11,0.88,3.3
T000141,Route_18,Tram,2,2.7,28,4.24,7.7,Thu,0,Clear,1,0.064,0.93,3.6
T000142,Route_16,Tram,18,30.7,28,10.57,2.6,Wed,0,Snow,0,0.3,0.838,3.1
T000143,Route_16,Tram,5,10.4,40,14.63,2.0,Tue,0,Clear,1,0.26,0.799,3.4
T000144,Route_19,Subway,22,41.3,33,12.16,3.2,Mon,0,Snow,0,0.223,0.768,3.4
T000145,Route_3,Bus,11,4.0,37,2.69,1.4,Sun,0,Clear,0,0.296,0.59,3.2
T000146,Route_10,Ferry,4,23.5,37,11.81,12.5,Thu,0,Rain,1,0.193,0.903,3.4
T000147,Route_2,Ferry,15,30.2,33,14.3,3.0,Wed,0,Clear,0,0.005,0.665,3.3
T000148,Route_20,Tram,13,6.2,31,14.37,3.4,Wed,0,Clear,0,0.022,0.878,3.9
T000149,Route_11,Tram,16,8.6,27,7.81,7.2,Mon,0,Rain,0,0.093,0.811,3.9
T000150,Route_14,Tram,20,12.4,35,12.76,2.5,Thu,0,Rain,0,0.28,0.745,2.1
T000151,Route_14,Tram,2,18.8,39,14.93,1.7,Mon,0,Clear,0,0.112,0.659,3.8
T000152,Route_1,Train,4,2.3,32,6.66,8.3,Fri,0,Clear,0,0.146,0.707,3.8
T000153,Route_8,Train,10,36.2,26,12.97,9.7,Wed,1,Rain,0,0.008,0.786,3.3
T000154,Route_17,Bus,6,28.8,21,6.44,5.5,Mon,0,Rain,1,0.256,0.862,3.8
T000155,Route_13,Bus,15,28.7,28,12.71,1.9,Sat,0,Snow,0,0.01,0.738,3.0
T000156,Route_11,Train,12,12.5,34,6.6,3.5,Mon,0,Clear,1,0.139,0.977,4.7
T000157,Route_10,Bus,8,7.3,28,9.8,3.9,Tue,0,Clear,0,0.214,0.773,2.5
T000158,Route_15,Subway,12,40.0,26,5.36,8.3,Sat,0,Snow,0,0.245,0.721,4.2
T000159,Route_1,Bus,8,39.5,25,3.77,1.5,Wed,0,Rain,0,0.288,0.846,4.1
T000160,Route_18,Subway,12,34.6,24,3.08,8.1,Mon,0,Clear,0,0.189,0.908,2.5
T000161,Route_19,Subway,4,15.3,32,5.84,5.4,Fri,0,Snow,0,0.059,0.885,4.3
T000162,Route_19,Bus,9,24.4,22,5.68,2.4,Thu,0,Snow,0,0.134,0.916,3.1
T000163,Route_20,Tram,3,39.7,38,11.59,1.7,Sun,1,Clear,0,0.112,0.815,3.3
T000164,Route_13,Subway,21,20.3,27,11.63,4.1,Sat,0,Clear,0,0.296,0.754,3.4
T000165,Route_14,Ferry,19,5.1,30,13.62,1.2,Thu,0,Fog,0,0.095,1.0,3.5
T000166,Route_8,Ferry,16,19.5,24,4.49,2.3,Thu,0,Clear,1,0.293,0.778,3.2
T000167,Route_1,Tram,11,33.7,36,10.32,9.5,Mon,0,Clear,0,0.263,0.979,3.7
T000168,Route_6,Train,12,35.4,31,5.06,7.3,Fri,0,Clear,0,0.164,0.92,3.9
T000169,Route_12,Bus,15,16.5,33,2.15,7.8,Wed,0,Clear,0,0.007,0.769,3.7
T000170,Route_19,Subway,4,20.0,24,2.36,0.5,Tue,0,Clear,0,0.11,0.99,2.2
T000171,Route_3,Tram,7,36.7,36,13.03,0.1,Mon,0,Clear,1,0.247,0.844,4.0
T000172,Route_16,Subway,16,34.3,31,5.84,5.4,Wed,0,Snow,0,0.226,0.479,4.2
T000173,Route_10,Bus,0,16.3,26,10.9,7.4,Fri,0,Clear,0,0.099,1.0,3.9
T000174,Route_9,Train,16,15.4,25,14.56,0.6,Fri,0,Clear,0,0.185,0.935,3.2
T000175,Route_16,Bus,13,10.6,40,14.88,1.9,Mon,0,Clear,1,0.124,0.736,3.9
T000176,Route_16,Ferry,18,7.2,34,14.96,4.4,Sun,0,Clear,1,0.036,0.969,3.5
T000177,Route_18,Tram,9,4.3,37,11.38,1.9,Thu,0,Rain,0,0.029,0.851,2.9
T000178,Route_5,Train,8,44.1,37,7.94,17.3,Wed,0,Rain,1,0.171,0.927,3.9
T000179,Route_4,Bus,7,37.1,34,3.53,0.2,Sat,0,Clear,1,0.166,0.894,2.8
T000180,Route_6,Ferry,6,9.4,28,11.72,17.2,Sat,0,Fog,1,0.097,0.996,3.9
T000181,Route_20,Train,2,15.4,30,8.74,1.9,Tue,0,Rain,0,0.191,0.66,4.0
T000182,Route_12,Subway,8,30.5,25,1.58,1.6,Sat,0,Clear,0,0.185,0.845,4.0
T000183,Route_8,Ferry,22,9.5,26,14.95,3.6,Thu,0,Clear,0,0.154,0.874,3.4
T000184,Route_10,Subway,11,12.7,28,6.48,0.2,Tue,0,Clear,0,0.138,0.702,3.9
T000185,Route_8,Train,13,37.6,34,13.64,4.2,Sat,0,Rain,0,0.204,0.699,3.2
T000186,Route_18,Tram,19,7.1,27,3.34,8.9,Fri,0,Clear,0,0.061,1.0,3.5
T000187,Route_8,Subway,4,14.4,31,9.9,1.0,Sat,0,Clear,1,0.03,0.812,4.4
T000188,Route_4,Subway,17,31.6,26,9.96,3.5,Thu,0,Clear,0,0.131,0.952,3.6
T000189,Route_17,Ferry,4,6.4,37,14.26,0.9,Thu,0,Clear,0,0.287,0.996,3.2
T000190,Route_9,Tram,16,11.6,33,11.16,1.0,Mon,0,Rain,0,0.201,0.887,3.7
T000191,Route_5,Bus,0,30.2,30,13.21,5.7,Fri,1,Clear,0,0.138,1.0,1.8
T000192,Route_2,Tram,5,26.0,33,3.98,3.6,Wed,1,Clear,0,0.043,0.871,1.9
T000193,Route_6,Ferry,2,43.9,32,3.11,5.1,Sun,0,Fog,0,0.191,0.694,1.8
T000194,Route_17,Tram,11,2.3,29,7.3,10.4,Fri,1,Rain,1,0.161,0.748,3.3
T000195,Route_1,Train,18,14.8,29,14.59,6.2,Fri,0,Clear,1,0.224,0.833,4.9
T000196,Route_14,Train,10,39.0,39,8.84,10.1,Tue,0,Clear,1,0.286,0.862,2.2
T000197,Route_7,Ferry,10,15.3,25,12.7,6.4,Tue,1,Clear,0,0.226,0.825,2.5
T000198,Route_14,Ferry,5,28.0,22,12.27,6.6,Wed,0,Snow,0,0.289,0.93,2.7
T000199,Route_11,Subway,12,29.4,34,11.59,3.2,Sun,0,Snow,1,0.209,0.798,2.5
T000200,Route_9,Ferry,14,11.0,32,13.51,6.9,Sun,0,Clear,0,0.276,0.882,2.3
T000201,Route_1,Subway,16,19.7,26,10.22,3.7,Tue,0,Clear,0,0.158,0.818,3.4
T000202,Route_10,Train,10,32.1,30,7.18,4.9,Wed,0,Rain,0,0.015,1.0,3.1
T000203,Route_6,Tram,11,37.4,27,14.22,5.8,Fri,1,Snow,0,0.21,0.629,3.4
T000204,Route_3,Bus,15,36.5,33,6.12,17.3,Mon,0,Clear,1,0.163,0.827,3.7
T000205,Route_8,Bus,14,38.6,28,3.41,4.1,Thu,0,Clear,1,0.148,0.897,2.4
T000206,Route_7,Bus,13,3.1,33,10.23,0.5,Fri,0,Clear,1,0.237,0.859,3.5
T000207,Route_13,Train,8,9.8,29,11.9,15.4,Mon,0,Clear,1,0.133,0.742,4.2
T000208,Route_10,Train,7,16.4,31,9.86,4.5,Sun,0,Clear,0,0.189,0.765,4.0
T000209,Route_1,Tram,11,31.1,23,9.88,0.9,Tue,0,Clear,0,0.169,0.913,4.8
T000210,Route_8,Ferry,2,20.0,31,4.65,5.6,Sat,0,Clear,0,0.077,0.875,2.8
T000211,Route_5,Bus,18,4.8,25,12.61,0.0,Tue,0,Rain,0,0.18,0.961,2.7
T000212,Route_14,Bus,18,20.7,24,14.4,2.8,Sun,0,Rain,1,0.125,0.82,3.9
T000213,Route_9,Train,16,18.0,38,12.1,0.1,Tue,0,Clear,1,0.09,0.864,3.1
T000214,Route_14,Ferry,10,6.5,36,9.63,2.0,Fri,0,Rain,0,0.122,0.816,3.2
T000215,Route_19,Tram,12,30.8,34,12.42,11.7,Fri,0,Clear,1,0.192,0.755,2.3
T000216,Route_15,Train,10,38.6,33,1.56,3.3,Sat,0,Clear,1,0.032,0.858,5.0
T000217,Route_17,Train,5,21.1,32,12.55,8.3,Tue,0,Fog,0,0.219,0.767,2.9
T000218,Route_11,Train,16,15.3,32,11.01,3.8,Wed,1,Clear,1,0.283,0.827,3.7
T000219,Route_6,Ferry,14,16.0,28,4.68,2.5,Sun,0,Clear,1,0.008,0.903,3.8
T000220,Route_9,Ferry,6,32.9,31,2.52,9.0,Wed,0,Clear,0,0.175,0.92,2.8
T000221,Route_4,Train,18,23.7,31,6.63,7.0,Mon,0,Rain,1,0.078,0.792,2.3
T000222,Route_6,Subway,5,33.9,41,4.57,7.1,Thu,0,Rain,0,0.162,0.806,4.2
T000223,Route_1,Bus,18,36.4,31,2.02,2.0,Mon,0,Clear,0,0.171,0.967,4.5
T000224,Route_17,Ferry,14,5.5,31,8.51,13.3,Thu,0,Rain,1,0.271,0.847,1.9
T000225,Route_18,Ferry,0,5.6,31,11.54,0.8,Sun,1,Clear,0,0.044,0.74,4.2
T000226,Route_10,Bus,15,25.7,27,11.91,0.7,Sat,0,Rain,0,0.268,0.969,3.4
T000227,Route_7,Tram,1,38.5,30,7.61,2.4,Fri,0,Snow,0,0.197,1.0,3.1
T000228,Route_19,Tram,21,34.2,29,6.87,8.0,Fri,0,Clear,1,0.089,0.644,3.0
T000229,Route_17,Subway,11,19.4,20,1.51,1.4,Wed,1,Rain,0,0.197,0.809,3.4
T000230,Route_7,Train,5,34.8,29,1.6,8.6,Sun,0,Clear,0,0.19,0.836,3.0
T000231,Route_19,Ferry,4,44.6,29,3.48,2.5,Sun,0,Rain,0,0.27,0.802,2.9
T000232,Route_12,Subway,13,14.8,31,5.18,24.5,Fri,0,Clear,1,0.092,0.832,4.7
T000233,Route_2,Ferry,6,21.0,28,4.6,1.8,Fri,0,Snow,1,0.186,0.816,2.6
T000234,Route_17,Train,16,15.2,30,2.98,4.9,Mon,1,Clear,0,0.225,0.874,2.9
T000235,Route_5,Train,10,1.8,26,2.1,2.7,Sun,1,Clear,0,0.005,0.884,3.7
T000236,Route_20,Train,13,42.1,30,11.17,1.0,Mon,1,Clear,0,0.115,0.855,2.7
T000237,Route_4,Tram,8,21.5,29,1.69,0.8,Sun,1,Rain,0,0.202,0.806,2.6
T000238,Route_13,Train,17,1.7,27,2.47,10.2,Mon,0,Clear,1,0.094,0.933,2.9
T000239,Route_7,Ferry,22,15.1,29,6.28,8.3,Wed,0,Clear,1,0.19,0.702,4.3
T000240,Route_17,Bus,14,13.7,31,14.77,5.9,Thu,0,Clear,0,0.008,0.961,4.0
T000241,Route_14,Bus,21,13.8,35,10.98,1.2,Wed,1,Fog,0,0.165,0.88,2.7
T000242,Route_4,Train,4,26.8,27,14.39,4.8,Mon,0,Rain,1,0.153,0.796,3.6
T000243,Route_14,Ferry,6,2.9,23,11.83,2.6,Mon,0,Clear,0,0.136,0.913,4.2
T000244,Route_13,Subway,14,34.0,30,9.9,4.8,Thu,0,Clear,0,0.19,1.0,4.4
T000245,Route_11,Tram,20,16.3,25,2.91,2.0,Sat,0,Rain,0,0.041,0.818,3.9
T000246,Route_19,Tram,14,37.4,23,12.98,2.8,Wed,0,Clear,0,0.192,0.808,3.2
T000247,Route_13,Train,8,26.2,23,2.27,8.6,Fri,1,Clear,0,0.286,0.939,3.5
T000248,Route_15,Bus,8,4.5,33,10.12,3.5,Mon,0,Clear,1,0.16,0.762,3.9
T000249,Route_13,Subway,13,17.1,35,13.81,0.7,Sat,0,Rain,0,0.099,0.73,4.5
T000250,Route_11,Bus,17,7.3,25,2.34,3.8,Sun,0,Clear,0,0.287,0.795,4.9
T000251,Route_14,Train,15,4.6,27,12.74,1.7,Thu,0,Clear,0,0.007,0.692,3.9
T000252,Route_9,Tram,11,14.6,30,12.0,2.8,Sun,0,Clear,0,0.041,0.583,2.9
T000253,Route_3,Bus,15,8.9,29,9.0,9.9,Sat,0,Clear,1,0.165,0.888,4.0
T000254,Route_9,Subway,16,36.6,30,8.35,2.7,Tue,0,Rain,0,0.271,0.906,3.1
T000255,Route_5,Train,15,18.1,26,6.44,6.6,Mon,0,Clear,0,0.163,0.791,2.9
T000256,Route_8,Ferry,21,6.0,31,3.5,11.2,Sat,0,Clear,1,0.117,0.924,3.4
T000257,Route_6,Bus,7,1.3,28,13.94,5.3,Sat,0,Rain,1,0.001,0.934,3.8
T000258,Route_6,Bus,21,18.9,30,2.38,4.2,Wed,0,Rain,0,0.228,0.794,4.2
T000259,Route_1,Bus,10,32.0,27,5.77,7.7,Sun,0,Clear,0,0.254,0.731,3.7
T000260,Route_13,Tram,0,34.3,31,9.68,13.5,Fri,0,Clear,1,0.117,1.0,3.8
T000261,Route_15,Tram,4,14.9,31,10.0,2.7,Thu,0,Clear,0,0.054,0.698,4.3
T000262,Route_10,Train,2,23.9,29,13.95,4.7,Wed,0,Fog,1,0.159,0.764,3.6
T000263,Route_7,Bus,9,17.1,40,14.86,12.6,Fri,0,Rain,1,0.212,0.877,3.0
T000264,Route_3,Subway,11,36.3,21,14.27,3.0,Wed,0,Clear,0,0.079,0.882,2.6
T000265,Route_17,Ferry,19,35.3,25,14.34,8.8,Sun,0,Rain,0,0.036,0.879,2.8
T000266,Route_13,Ferry,2,38.0,34,6.4,1.8,Wed,1,Rain,0,0.063,0.752,3.7
T000267,Route_19,Bus,13,1.6,37,11.02,11.0,Fri,0,Rain,1,0.146,0.8,1.8
T000268,Route_16,Bus,8,25.5,26,1.8,1.5,Tue,0,Clear,0,0.212,0.721,2.7
T000269,Route_17,Bus,15,24.1,26,11.04,21.6,Mon,0,Clear,1,0.143,0.818,3.6
T000270,Route_6,Tram,0,22.7,34,13.98,10.2,Fri,0,Snow,1,0.046,0.738,5.0
T000271,Route_9,Bus,19,40.8,38,14.99,3.6,Mon,0,Snow,0,0.145,0.833,4.3
T000272,Route_11,Bus,17,24.3,19,4.83,3.8,Wed,0,Rain,0,0.215,0.84,4.3
T000273,Route_16,Train,1,11.2,22,12.88,3.0,Mon,0,Clear,0,0.055,0.84,3.9
T000274,Route_17,Train,17,8.6,32,2.56,3.1,Sun,0,Clear,0,0.069,0.72,3.3
T000275,Route_16,Ferry,16,32.3,37,13.96,8.7,Fri,0,Fog,0,0.094,0.983,2.7
T000276,Route_20,Train,18,38.4,30,11.18,3.0,Sat,0,Clear,0,0.216,0.719,3.3
T000277,Route_11,Bus,15,27.5,28,4.92,9.3,Fri,0,Snow,0,0.204,0.885,4.9
T000278,Route_14,Bus,7,24.6,31,9.42,4.1,Wed,0,Clear,0,0.105,0.864,3.0
T000279,Route_7,Bus,22,11.4,36,6.09,8.7,Tue,0,Rain,0,0.18,0.934,3.8
T000280,Route_4,Train,2,16.1,34,13.2,0.5,Thu,0,Clear,0,0.157,0.673,2.9
T000281,Route_1,Ferry,8,37.0,22,4.8,6.5,Mon,0,Rain,0,0.093,0.987,4.1
T000282,Route_9,Bus,15,43.8,26,5.7,1.8,Tue,0,Clear,1,0.27,0.951,3.8
T000283,Route_12,Train,3,36.1,36,8.24,10.8,Mon,0,Clear,1,0.136,0.853,2.0
T000284,Route_8,Subway,10,1.9,27,3.56,3.2,Fri,0,Clear,0,0.013,0.844,3.8
T000285,Route_7,Bus,16,6.8,27,12.56,8.3,Fri,0,Clear,0,0.261,0.887,5.0
T000286,Route_14,Train,5,30.3,40,9.57,3.8,Thu,0,Rain,0,0.225,0.846,3.0
T000287,Route_19,Train,13,1.2,18,5.36,14.4,Wed,0,Clear,1,0.285,0.964,2.2
T000288,Route_3,Train,9,23.2,27,8.92,13.2,Fri,1,Rain,1,0.007,0.617,4.5
T000289,Route_18,Bus,20,27.2,38,1.99,2.6,Sat,0,Clear,1,0.018,0.911,3.6
T000290,Route_9,Train,8,3.6,35,13.48,2.7,Wed,1,Clear,0,0.274,0.688,3.8
T000291,Route_5,Train,2,8.4,27,7.23,8.0,Sun,0,Clear,0,0.148,0.769,3.7
T000292,Route_7,Tram,20,26.9,20,14.28,18.0,Tue,0,Clear,1,0.229,0.967,3.6
T000293,Route_17,Train,21,35.1,23,3.59,12.1,Sat,0,Snow,1,0.008,0.974,4.6
T000294,Route_20,Train,12,33.7,29,4.12,0.0,Fri,0,Clear,0,0.228,0.939,3.7
T000295,Route_18,Tram,15,39.8,25,14.75,22.6,Wed,0,Rain,1,0.068,0.766,4.4
T000296,Route_15,Ferry,8,16.0,28,11.18,12.7,Sat,0,Clear,1,0.211,0.814,3.7
T000297,Route_11,Tram,20,39.8,31,10.21,1.7,Sun,0,Fog,0,0.013,0.805,4.0
T000298,Route_18,Bus,10,7.7,37,9.56,7.9,Mon,0,Rain,0,0.285,0.9,3.4
T000299,Route_9,Tram,11,16.9,38,10.61,0.4,Sun,1,Clear,1,0.043,0.882,2.9
T000300,Route_15,Tram,9,22.1,36,2.57,5.0,Tue,0,Clear,0,0.29,0.865,3.4
T000301,Route_5,Subway,5,30.2,23,11.44,4.9,Wed,0,Clear,1,0.226,0.885,2.8
T000302,Route_4,Ferry,8,40.5,28,1.83,24.3,Tue,0,Rain,1,0.192,0.859,4.1
T000303,Route_4,Bus,21,4.5,31,9.99,16.8,Sun,0,Clear,1,0.007,0.751,3.8
T000304,Route_17,Subway,17,43.7,26,14.12,10.1,Tue,0,Clear,1,0.267,0.837,1.8
T000305,Route_1,Train,7,2.3,30,10.32,0.2,Mon,0,Rain,0,0.121,0.889,2.7
T000306,Route_9,Train,8,39.4,24,4.02,8.6,Tue,0,Rain,0,0.155,0.865,1.5
T000307,Route_5,Subway,16,40.8,23,4.34,5.7,Sun,0,Rain,0,0.198,0.804,3.2
T000308,Route_12,Train,22,21.5,30,5.17,2.9,Wed,0,Clear,1,0.258,0.972,3.3
T000309,Route_19,Bus,10,35.6,29,2.1,0.2,Thu,0,Clear,0,0.13,0.873,3.4
T000310,Route_18,Bus,22,25.0,31,5.03,2.4,Thu,0,Clear,0,0.032,0.832,2.7
T000311,Route_7,Ferry,19,15.9,26,11.87,2.8,Tue,0,Clear,0,0.03,0.942,4.3
T000312,Route_20,Ferry,14,21.9,23,13.46,3.6,Thu,0,Rain,1,0.083,0.913,1.5
T000313,Route_10,Bus,14,25.9,22,4.53,0.8,Tue,0,Clear,0,0.102,0.924,1.7
T000314,Route_18,Ferry,19,11.3,27,1.77,3.9,Wed,0,Rain,0,0.114,0.931,2.1
T000315,Route_8,Tram,9,9.6,22,8.86,1.6,Tue,0,Clear,0,0.103,0.906,4.4
T000316,Route_16,Train,21,34.9,26,13.78,0.5,Fri,1,Clear,0,0.046,1.0,4.0
T000317,Route_20,Train,0,42.4,38,10.94,1.4,Sun,0,Snow,0,0.107,0.95,3.4
T000318,Route_18,Train,19,44.5,28,14.26,8.4,Thu,1,Clear,0,0.209,0.887,2.1
T000319,Route_4,Tram,15,28.8,40,10.98,8.8,Thu,0,Snow,0,0.117,1.0,4.0
T000320,Route_9,Tram,0,32.5,40,6.36,1.5,Wed,0,Clear,0,0.143,0.682,2.8
T000321,Route_7,Train,0,16.0,32,3.99,1.8,Fri,0,Clear,1,0.146,0.901,2.6
T000322,Route_8,Tram,18,6.4,33,14.52,3.0,Fri,0,Rain,0,0.085,0.808,2.1
T000323,Route_2,Train,11,12.9,36,6.12,1.7,Sat,0,Clear,0,0.283,0.709,3.8
T000324,Route_8,Train,2,13.3,40,8.14,11.9,Mon,0,Clear,1,0.246,0.815,2.9
T000325,Route_10,Train,21,25.6,27,12.31,4.5,Tue,0,Rain,0,0.113,0.914,2.8
T000326,Route_3,Train,4,10.4,31,3.68,7.4,Fri,0,Rain,0,0.011,0.962,4.7
T000327,Route_5,Tram,2,44.7,22,10.98,4.6,Mon,0,Clear,1,0.137,0.931,2.8
T000328,Route_12,Bus,10,30.1,35,7.47,4.7,Sun,0,Clear,1,0.086,0.929,4.1
T000329,Route_10,Tram,13,26.2,37,6.49,1.9,Sat,0,Fog,0,0.287,0.955,3.6
T000330,Route_11,Ferry,5,20.8,27,7.38,6.2,Wed,0,Rain,0,0.29,0.831,3.6
T000331,Route_9,Bus,13,17.8,22,3.32,1.6,Mon,0,Clear,0,0.029,0.93,2.5
T000332,Route_17,Ferry,15,17.0,31,14.23,0.5,Wed,0,Rain,0,0.142,0.717,3.3
T000333,Route_13,Ferry,18,23.3,36,8.39,5.4,Mon,0,Rain,0,0.151,1.0,3.4
T000334,Route_18,Train,16,7.4,29,8.66,1.6,Thu,0,Clear,1,0.239,0.967,3.0
T000335,Route_7,Tram,10,44.6,27,8.56,23.1,Sat,0,Rain,1,0.107,0.911,2.9
T000336,Route_9,Subway,7,13.8,37,6.93,3.3,Sun,1,Clear,0,0.08,0.925,2.8
T000337,Route_10,Tram,1,32.9,38,3.21,2.5,Wed,0,Rain,0,0.262,0.935,2.4
T000338,Route_4,Tram,12,8.1,33,8.43,1.4,Tue,0,Clear,0,0.08,0.869,3.9
T000339,Route_1,Ferry,9,42.5,43,3.86,4.8,Tue,0,Clear,0,0.122,0.734,3.4
T000340,Route_5,Train,20,3.0,32,12.87,8.1,Fri,0,Snow,0,0.039,0.777,3.0
T000341,Route_5,Ferry,0,35.8,25,14.0,6.3,Tue,0,Rain,0,0.028,0.954,3.0
T000342,Route_7,Bus,15,10.5,32,14.02,5.2,Sat,0,Clear,0,0.29,0.808,2.0
T000343,Route_3,Bus,1,1.8,25,11.08,3.5,Thu,0,Snow,1,0.219,0.834,4.1
T000344,Route_1,Bus,4,13.4,35,13.7,10.4,Tue,1,Snow,1,0.223,0.85,3.9
T000345,Route_10,Subway,21,9.0,35,6.47,2.7,Sun,0,Rain,1,0.105,1.0,2.1
T000346,Route_7,Subway,3,42.7,26,11.76,0.8,Mon,0,Clear,0,0.075,0.909,3.5
T000347,Route_16,Tram,0,11.7,29,6.25,29.3,Thu,0,Rain,1,0.022,0.894,2.8
T000348,Route_13,Ferry,4,12.4,21,14.55,9.2,Wed,0,Clear,0,0.195,0.78,2.9
T000349,Route_12,Tram,18,5.7,34,12.3,0.6,Tue,0,Clear,0,0.251,0.697,2.1
T000350,Route_4,Ferry,10,33.0,33,3.96,4.1,Wed,0,Rain,0,0.279,0.885,4.1
T000351,Route_13,Bus,21,18.4,29,12.1,1.7,Tue,0,Clear,0,0.177,0.874,3.4
T000352,Route_3,Tram,8,29.6,35,12.2,0.9,Thu,0,Clear,0,0.277,0.859,4.8
T000353,Route_10,Subway,13,26.5,32,7.47,13.1,Sat,0,Clear,1,0.104,0.997,3.6
T000354,Route_18,Train,9,3.2,25,4.7,1.1,Thu,0,Rain,0,0.047,0.882,3.5
T000355,Route_15,Tram,16,18.5,30,11.74,0.0,Thu,0,Snow,0,0.245,0.758,2.9
T000356,Route_9,Tram,0,16.4,35,7.37,9.5,Thu,0,Rain,0,0.075,0.925,3.3
T000357,Route_17,Bus,19,1.2,33,1.53,6.7,Sun,0,Rain,1,0.285,0.835,4.8
T000358,Route_17,Train,12,24.5,34,3.8,2.9,Sun,1,Rain,1,0.186,0.827,3.9
T000359,Route_14,Tram,2,4.4,33,13.11,6.0,Wed,0,Clear,0,0.204,0.871,3.0
T000360,Route_9,Train,13,42.7,29,9.4,6.4,Tue,1,Clear,1,0.131,0.768,3.1
T000361,Route_10,Subway,16,22.9,23,3.23,2.2,Sun,0,Clear,0,0.228,0.924,3.0
T000362,Route_9,Ferry,10,9.8,37,3.0,6.6,Wed,0,Fog,0,0.118,0.824,4.6
T000363,Route_20,Subway,14,19.2,26,4.95,4.7,Tue,1,Rain,0,0.013,0.947,1.7
T000364,Route_2,Bus,2,7.6,24,5.93,5.9,Sun,0,Fog,0,0.011,0.803,4.8
T000365,Route_17,Ferry,3,30.0,28,8.8,14.1,Fri,0,Rain,1,0.014,0.901,3.9
T000366,Route_3,Bus,4,41.8,31,12.69,6.5,Mon,0,Clear,0,0.26,0.924,2.2
T000367,Route_11,Train,2,39.1,32,6.8,7.3,Thu,0,Rain,0,0.188,0.788,3.0
T000368,Route_6,Ferry,12,44.8,15,7.44,3.8,Thu,0,Rain,0,0.111,0.997,2.9
T000369,Route_6,Ferry,13,11.4,24,13.57,5.3,Sun,0,Clear,0,0.0,0.903,3.5
T000370,Route_11,Ferry,21,10.0,39,13.04,4.6,Mon,0,Clear,0,0.102,0.833,4.8
T000371,Route_2,Bus,14,3.9,28,2.78,6.4,Thu,0,Clear,0,0.264,0.802,5.0
T000372,Route_4,Bus,0,9.3,33,12.68,0.9,Fri,1,Clear,0,0.266,0.966,2.8
T000373,Route_4,Bus,5,29.5,36,8.1,2.6,Wed,0,Clear,0,0.171,0.947,3.0
T000374,Route_12,Tram,5,17.2,28,12.78,2.4,Sun,0,Clear,0,0.186,0.815,4.9
T000375,Route_1,Bus,7,15.3,27,9.12,5.0,Wed,0,Clear,1,0.185,1.0,3.9
T000376,Route_11,Ferry,14,15.5,28,9.65,5.4,Mon,0,Clear,0,0.266,0.868,3.8
T000377,Route_15,Subway,12,41.1,35,14.71,9.8,Tue,0,Clear,0,0.065,1.0,3.0
T000378,Route_11,Ferry,21,12.0,28,1.96,2.3,Sun,0,Clear,0,0.042,0.773,3.7
T000379,Route_4,Ferry,21,25.8,24,8.03,4.6,Fri,0,Clear,0,0.216,0.759,3.8
T000380,Route_15,Tram,19,24.2,27,5.41,5.5,Sun,0,Clear,0,0.208,0.664,4.8
T000381,Route_10,Subway,16,35.6,27,10.36,1.4,Sun,0,Clear,0,0.222,0.845,2.9
T000382,Route_14,Bus,17,33.3,28,2.19,7.2,Sun,0,Clear,0,0.074,0.754,3.7
T000383,Route_16,Ferry,11,13.1,26,6.06,6.6,Wed,0,Clear,0,0.037,0.863,3.3
T000384,Route_19,Tram,6,1.7,27,14.68,11.5,Mon,0,Snow,1,0.295,0.803,3.2
T000385,Route_7,Bus,4,40.5,20,3.53,1.2,Fri,0,Rain,1,0.062,0.813,3.6
T000386,Route_16,Subway,8,12.0,29,2.66,1.1,Sun,0,Snow,1,0.047,0.948,2.8
T000387,Route_4,Train,5,22.9,27,6.84,18.1,Tue,0,Clear,1,0.088,0.905,4.8
T000388,Route_5,Bus,11,38.3,33,5.35,0.5,Wed,0,Snow,0,0.199,0.825,2.8
T000389,Route_18,Subway,16,21.2,30,5.82,0.4,Tue,0,Clear,1,0.061,0.708,3.3
T000390,Route_2,Bus,19,41.5,26,10.24,4.4,Wed,0,Rain,0,0.052,0.774,4.3
T000391,Route_8,Tram,13,15.1,40,10.76,0.8,Sat,0,Clear,0,0.199,0.721,3.2
T000392,Route_7,Bus,6,5.7,34,6.88,4.5,Tue,0,Clear,0,0.199,0.838,3.6
T000393,Route_1,Tram,18,14.4,33,12.1,3.3,Thu,0,Rain,1,0.209,0.845,4.0
T000394,Route_15,Subway,21,9.3,28,1.6,0.9,Thu,0,Clear,0,0.184,0.865,3.5
T000395,Route_20,Ferry,10,43.7,35,9.8,4.3,Thu,0,Rain,0,0.119,0.937,2.7
T000396,Route_17,Tram,13,29.5,35,10.07,7.0,Fri,0,Clear,1,0.182,0.84,2.8
T000397,Route_16,Bus,7,23.3,28,5.32,16.1,Mon,0,Clear,1,0.184,0.891,2.7
T000398,Route_8,Bus,8,40.4,41,5.96,8.2,Fri,0,Snow,0,0.177,0.832,3.6
T000399,Route_13,Ferry,2,34.8,36,2.69,3.5,Tue,0,Clear,0,0.095,0.781,2.7
T000400,Route_10,Subway,14,42.0,36,9.04,2.4,Sat,0,Rain,0,0.287,0.851,3.3
T000401,Route_15,Subway,18,32.2,32,5.96,12.0,Sun,1,Snow,1,0.299,0.901,3.4
T000402,Route_1,Ferry,13,4.4,37,12.72,2.8,Thu,0,Rain,0,0.135,0.85,4.2
T000403,Route_9,Train,4,31.5,23,5.66,0.6,Wed,0,Clear,0,0.07,0.861,4.3
T000404,Route_4,Subway,18,10.9,24,12.53,3.9,Thu,0,Clear,1,0.263,0.731,2.9
T000405,Route_6,Subway,6,10.6,33,5.99,0.3,Fri,0,Snow,0,0.124,0.86,4.7
T000406,Route_10,Train,2,39.1,27,3.02,7.0,Mon,0,Clear,0,0.231,0.791,2.2
T000407,Route_4,Subway,18,28.5,25,4.7,10.9,Tue,0,Clear,1,0.046,0.821,3.3
T000408,Route_16,Subway,13,14.0,37,13.59,12.9,Sat,0,Rain,1,0.286,0.842,3.6
T000409,Route_7,Bus,17,35.4,34,11.69,6.1,Wed,0,Snow,1,0.186,1.0,3.2
T000410,Route_13,Ferry,16,13.7,31,10.88,2.4,Tue,0,Clear,0,0.264,0.937,3.9
T000411,Route_19,Bus,16,32.2,27,2.01,3.2,Thu,0,Clear,0,0.265,1.0,4.4
T000412,Route_4,Ferry,7,11.4,33,7.38,1.2,Mon,0,Snow,1,0.214,0.799,3.2
T000413,Route_12,Bus,10,16.9,25,1.69,4.1,Wed,0,Clear,0,0.117,0.686,3.1
T000414,Route_20,Train,10,0.7,27,7.32,8.0,Fri,1,Snow,0,0.147,0.834,3.7
T000415,Route_11,Ferry,15,36.2,35,5.33,2.8,Sun,0,Clear,0,0.281,0.894,4.7
T000416,Route_7,Train,0,12.2,20,8.14,0.1,Thu,0,Clear,0,0.272,0.953,2.6
T000417,Route_5,Tram,16,3.8,31,8.59,0.4,Mon,0,Snow,0,0.089,0.937,5.0
T000418,Route_16,Subway,9,37.4,36,12.43,14.2,Mon,0,Rain,1,0.205,0.904,3.6
T000419,Route_7,Train,20,3.1,33,6.99,3.4,Sun,0,Clear,0,0.092,0.847,4.0
T000420,Route_8,Subway,12,16.2,40,12.52,18.2,Fri,0,Clear,1,0.033,0.729,4.5
T000421,Route_6,Tram,20,39.4,35,4.22,2.7,Thu,0,Clear,0,0.233,0.881,4.1
T000422,Route_12,Train,7,17.8,32,8.93,6.9,Mon,0,Clear,1,0.28,0.857,3.8
T000423,Route_1,Subway,6,18.2,44,6.05,4.8,Wed,0,Clear,0,0.176,0.901,2.7
T000424,Route_19,Ferry,15,5.6,26,3.76,4.2,Mon,0,Rain,0,0.253,0.799,3.1
T000425,Route_5,Ferry,6,38.0,39,3.87,0.9,Sat,0,Clear,0,0.241,0.874,4.5
T000426,Route_3,Train,2,35.9,30,9.31,4.6,Sun,0,Clear,1,0.083,0.747,4.4
T000427,Route_12,Train,18,11.0,31,7.91,14.5,Thu,0,Clear,1,0.04,0.81,2.9
T000428,Route_5,Train,1,8.2,39,7.43,0.6,Fri,0,Clear,0,0.205,1.0,2.9
T000429,Route_10,Train,8,1.6,33,9.77,0.2,Tue,0,Rain,0,0.175,0.968,4.9
T000430,Route_16,Subway,17,10.6,27,8.56,0.4,Tue,0,Clear,0,0.048,0.738,3.4
T000431,Route_11,Tram,4,31.3,25,9.99,11.3,Sat,0,Clear,1,0.006,0.867,2.7
T000432,Route_1,Bus,5,12.4,40,14.64,2.8,Fri,0,Clear,1,0.05,0.839,4.5
T000433,Route_14,Bus,20,17.1,31,14.66,6.4,Sun,0,Clear,0,0.195,0.837,1.7
T000434,Route_1,Train,16,21.4,37,1.59,1.2,Fri,0,Rain,1,0.192,0.747,2.0
T000435,Route_19,Ferry,4,44.5,32,10.24,16.4,Sat,0,Clear,1,0.167,0.935,4.3
T000436,Route_10,Bus,8,13.4,29,11.81,0.8,Sat,0,Clear,0,0.125,0.777,4.2
T000437,Route_8,Ferry,12,18.2,35,6.2,0.8,Tue,0,Clear,1,0.3,0.886,3.4
T000438,Route_9,Bus,7,21.1,29,8.62,17.0,Mon,0,Snow,1,0.131,0.877,3.6
T000439,Route_15,Tram,13,8.9,30,9.77,6.4,Tue,0,Clear,0,0.078,0.754,4.3
T000440,Route_17,Tram,9,8.8,34,13.0,2.3,Wed,0,Clear,0,0.17,0.861,3.5
T000441,Route_1,Bus,19,13.3,25,12.26,1.4,Fri,0,Clear,0,0.287,0.779,4.2
T000442,Route_11,Subway,2,23.8,29,5.14,8.6,Fri,0,Clear,1,0.111,1.0,4.4
T000443,Route_16,Ferry,0,36.9,29,11.48,0.2,Wed,0,Clear,0,0.181,0.856,3.3
T000444,Route_5,Bus,0,28.1,27,12.03,4.5,Thu,0,Clear,0,0.094,0.868,4.6
T000445,Route_20,Subway,13,17.5,26,5.02,0.3,Mon,0,Clear,0,0.061,0.843,3.8
T000446,Route_5,Tram,14,8.8,27,4.38,11.0,Sun,0,Rain,1,0.197,0.91,3.2
T000447,Route_6,Bus,11,36.9,21,2.84,1.6,Thu,0,Rain,1,0.004,0.928,4.7
T000448,Route_8,Tram,3,35.0,25,11.89,10.1,Sun,1,Clear,1,0.045,0.768,2.6
T000449,Route_18,Subway,14,39.7,32,12.36,2.9,Thu,0,Clear,0,0.073,0.94,4.2
T000450,Route_4,Train,7,18.5,44,4.17,0.2,Sun,0,Clear,1,0.053,0.963,2.9
T000451,Route_2,Ferry,18,25.5,37,1.73,13.7,Mon,0,Clear,1,0.262,0.929,3.9
T000452,Route_8,Train,17,24.4,31,2.92,1.6,Tue,0,Clear,1,0.162,0.914,3.6
T000453,Route_6,Bus,17,24.4,27,4.31,8.9,Tue,0,Clear,0,0.173,0.797,3.5
T000454,Route_15,Bus,20,12.9,30,13.44,6.9,Sun,0,Clear,0,0.052,0.955,3.2
T000455,Route_11,Ferry,1,6.4,23,9.33,0.2,Tue,0,Clear,0,0.139,0.801,2.2
T000456,Route_20,Ferry,21,16.4,36,2.66,0.5,Thu,0,Rain,0,0.079,0.721,2.6
T000457,Route_9,Ferry,19,7.7,31,3.63,2.4,Thu,0,Rain,0,0.05,0.973,3.0
T000458,Route_10,Ferry,20,13.6,27,10.81,30.1,Mon,0,Clear,1,0.188,0.755,3.2
T000459,Route_12,Ferry,5,3.9,32,10.74,2.7,Tue,0,Rain,0,0.264,0.824,3.8
T000460,Route_7,Bus,9,16.2,26,1.64,0.2,Sat,0,Clear,0,0.195,0.797,3.5
T000461,Route_12,Train,12,28.3,30,5.43,10.5,Wed,1,Clear,1,0.005,0.993,3.9
T000462,Route_13,Tram,7,35.9,27,14.87,7.7,Thu,0,Rain,0,0.182,0.937,3.5
T000463,Route_14,Subway,17,5.9,32,9.93,1.5,Mon,0,Clear,0,0.185,1.0,3.4
T000464,Route_18,Subway,0,11.2,26,9.2,4.1,Mon,0,Clear,0,0.057,0.829,3.5
T000465,Route_8,Ferry,19,40.4,28,8.32,7.4,Mon,0,Rain,0,0.277,0.764,3.2
T000466,Route_13,Bus,12,9.7,23,13.54,2.5,Sat,1,Fog,0,0.161,0.847,3.2
T000467,Route_10,Bus,13,7.7,31,2.47,0.9,Wed,0,Rain,0,0.12,0.735,3.5
T000468,Route_19,Subway,17,43.6,31,1.5,4.5,Sun,0,Clear,0,0.217,0.89,3.5
T000469,Route_3,Tram,20,40.5,29,9.12,1.0,Mon,0,Clear,0,0.084,1.0,3.1
T000470,Route_18,Tram,2,33.2,35,7.36,10.7,Sat,0,Rain,1,0.019,0.879,2.4
T000471,Route_9,Train,5,37.9,27,10.94,1.5,Thu,0,Clear,0,0.104,0.928,2.4
T000472,Route_3,Subway,21,36.6,26,8.66,4.5,Fri,0,Clear,0,0.28,0.795,4.2
T000473,Route_12,Subway,2,38.8,23,5.45,5.1,Thu,0,Clear,0,0.14,0.714,3.8
T000474,Route_17,Tram,14,9.5,24,14.29,18.3,Sat,0,Clear,1,0.231,0.753,2.9
T000475,Route_11,Train,5,14.4,32,7.25,4.7,Thu,0,Snow,1,0.213,0.913,3.8
T000476,Route_15,Ferry,13,16.3,35,8.22,1.7,Mon,0,Fog,0,0.248,0.701,3.6
T000477,Route_13,Tram,18,37.2,33,11.76,1.1,Sat,0,Rain,0,0.144,0.859,1.9
T000478,Route_4,Ferry,1,24.3,28,3.92,2.0,Thu,0,Rain,0,0.277,1.0,3.3
T000479,Route_18,Ferry,15,34.6,27,14.56,4.9,Sun,0,Rain,0,0.189,0.943,4.0
T000480,Route_14,Bus,2,40.6,20,7.89,8.0,Fri,0,Clear,0,0.17,0.88,3.7
T000481,Route_1,Tram,10,43.4,24,9.28,2.1,Sun,0,Clear,0,0.248,0.804,2.5
T000482,Route_9,Tram,21,0.9,21,4.52,13.5,Fri,0,Snow,1,0.116,0.826,3.6
T000483,Route_1,Ferry,17,8.7,26,6.16,1.8,Sun,0,Rain,1,0.057,0.735,3.0
T000484,Route_13,Subway,13,31.3,34,3.59,2.8,Fri,0,Clear,0,0.152,0.733,4.3
T000485,Route_5,Tram,21,24.3,28,12.94,4.4,Tue,0,Clear,0,0.127,0.933,4.1
T000486,Route_4,Subway,17,31.2,20,14.37,2.0,Fri,0,Rain,0,0.162,0.994,3.9
T000487,Route_17,Bus,15,40.5,30,4.9,1.4,Thu,0,Clear,0,0.292,0.883,2.3
T000488,Route_17,Bus,19,21.7,29,4.7,3.5,Thu,1,Clear,0,0.058,0.756,2.3
T000489,Route_11,Train,4,6.6,26,12.37,9.0,Thu,0,Clear,0,0.03,0.918,3.0
T000490,Route_15,Ferry,20,15.1,31,5.21,12.4,Sat,0,Clear,1,0.041,0.903,3.8
T000491,Route_19,Bus,19,25.7,35,9.41,1.3,Thu,0,Clear,0,0.071,0.775,4.0
T000492,Route_2,Ferry,20,21.6,38,7.86,14.3,Thu,0,Clear,1,0.03,0.795,3.7
T000493,Route_20,Bus,5,28.9,27,9.71,13.2,Wed,0,Fog,1,0.271,0.735,4.5
T000494,Route_14,Tram,4,20.8,25,13.78,3.7,Sun,0,Clear,0,0.198,0.795,3.2
T000495,Route_18,Subway,2,8.2,23,9.81,1.4,Tue,0,Clear,0,0.08,0.704,3.9
T000496,Route_12,Ferry,21,19.6,33,5.79,1.2,Tue,1,Rain,0,0.179,0.891,3.6
T000497,Route_5,Subway,20,40.4,28,6.82,2.4,Mon,0,Clear,0,0.126,0.79,3.4
T000498,Route_8,Subway,16,17.7,28,6.4,4.0,Thu,0,Rain,0,0.268,0.915,3.4
T000499,Route_20,Bus,22,14.5,19,10.13,0.8,Wed,1,Clear,1,0.222,0.966,3.9
T000500,Route_3,Train,9,39.4,40,11.12,6.3,Thu,0,Clear,0,0.197,0.809,3.3
T000501,Route_7,Subway,15,31.1,23,9.19,26.6,Mon,0,Clear,1,0.071,0.832,2.3
T000502,Route_12,Ferry,7,15.7,34,6.66,6.9,Mon,0,Clear,0,0.04,0.811,2.8
T000503,Route_2,Train,16,33.9,33,4.64,1.1,Fri,0,Rain,0,0.175,0.819,4.3
T000504,Route_13,Train,13,22.0,27,3.04,1.6,Fri,0,Clear,0,0.202,1.0,2.5
T000505,Route_12,Subway,3,31.4,36,11.09,3.6,Tue,0,Clear,0,0.181,0.935,4.5
T000506,Route_4,Ferry,18,21.7,33,4.56,0.4,Wed,0,Rain,0,0.253,0.749,4.0
T000507,Route_12,Train,14,36.1,25,9.27,2.8,Sat,0,Clear,0,0.175,0.942,2.5
T000508,Route_5,Tram,10,9.9,36,9.51,1.2,Mon,0,Clear,0,0.055,0.897,4.6
T000509,Route_6,Bus,9,23.3,37,9.4,20.1,Wed,0,Rain,1,0.028,0.875,3.3
T000510,Route_12,Train,0,10.6,27,12.6,0.7,Sat,0,Clear,0,0.203,0.82,5.0
T000511,Route_15,Bus,5,36.0,29,14.87,8.2,Thu,0,Clear,0,0.248,0.979,4.2
T000512,Route_17,Train,15,9.3,30,2.05,7.9,Sat,0,Clear,0,0.203,0.83,2.7
T000513,Route_9,Subway,14,21.6,29,8.69,0.5,Sun,0,Rain,0,0.117,0.907,2.6
T000514,Route_2,Train,15,21.9,20,8.35,3.2,Mon,0,Clear,1,0.027,0.672,3.6
T000515,Route_9,Ferry,8,23.6,35,5.17,5.1,Thu,1,Rain,0,0.034,0.793,3.0
T000516,Route_11,Subway,4,16.0,28,4.1,5.6,Tue,0,Rain,0,0.215,0.927,4.3
T000517,Route_11,Ferry,13,29.1,29,3.47,8.3,Thu,0,Rain,1,0.222,0.883,3.7
T000518,Route_5,Train,11,28.3,29,8.94,2.5,Wed,0,Clear,0,0.076,0.692,3.0
T000519,Route_10,Ferry,19,24.3,25,9.1,2.9,Mon,0,Clear,0,0.287,0.948,2.8
T000520,Route_18,Train,21,6.7,33,11.89,0.7,Mon,0,Clear,1,0.023,0.671,4.1
T000521,Route_11,Bus,20,16.1,28,13.48,1.7,Thu,0,Clear,0,0.022,0.783,3.7
T000522,Route_11,Ferry,16,9.2,26,8.17,5.3,Tue,0,Rain,0,0.188,0.792,2.6
T000523,Route_6,Subway,8,21.7,28,13.82,4.0,Sat,0,Rain,1,0.116,0.728,3.5
T000524,Route_12,Subway,0,26.9,28,11.29,3.5,Mon,0,Clear,0,0.179,0.757,4.6
T000525,Route_4,Subway,11,35.5,37,9.77,5.4,Wed,0,Snow,1,0.209,0.79,3.9
T000526,Route_18,Bus,17,23.9,23,6.77,1.6,Wed,0,Clear,0,0.241,0.832,1.6
T000527,Route_18,Subway,1,19.0,25,5.44,1.4,Mon,0,Clear,0,0.14,0.72,2.4
T000528,Route_8,Subway,3,11.6,35,14.44,2.1,Fri,1,Clear,1,0.149,1.0,2.9
T000529,Route_10,Tram,12,12.2,41,14.48,11.0,Tue,0,Clear,1,0.2,1.0,3.5
T000530,Route_19,Tram,18,20.4,30,4.9,3.8,Mon,1,Clear,0,0.192,0.949,2.5
T000531,Route_20,Subway,2,10.0,30,13.06,6.2,Thu,0,Clear,0,0.22,0.82,4.2
T000532,Route_8,Bus,0,27.1,26,4.98,5.7,Fri,0,Fog,0,0.024,0.958,4.4
T000533,Route_19,Subway,8,44.9,26,5.4,7.2,Wed,0,Snow,1,0.211,0.905,3.8
T000534,Route_1,Bus,12,20.0,21,9.71,1.9,Thu,0,Clear,1,0.176,0.815,5.0
T000535,Route_10,Subway,12,19.6,34,1.97,11.9,Fri,0,Clear,1,0.293,1.0,2.7
T000536,Route_13,Ferry,13,8.8,33,13.64,19.7,Mon,0,Clear,1,0.208,0.895,2.9
T000537,Route_17,Train,1,28.1,34,1.89,8.8,Mon,0,Clear,0,0.224,0.813,3.3
T000538,Route_9,Bus,20,21.2,27,6.29,11.0,Mon,1,Rain,1,0.2,0.674,4.5
T000539,Route_4,Train,4,37.5,29,6.52,3.8,Mon,0,Clear,0,0.207,0.833,3.4
T000540,Route_4,Subway,2,19.6,38,7.92,1.3,Sun,0,Clear,1,0.107,0.771,3.5
T000541,Route_1,Bus,18,6.9,29,6.1,2.2,Thu,0,Rain,1,0.102,0.925,3.9
T000542,Route_4,Subway,7,12.1,34,11.31,3.8,Wed,0,Clear,1,0.248,0.842,1.8
T000543,Route_15,Tram,14,37.0,28,3.71,1.5,Sat,0,Clear,0,0.196,0.96,3.5
T000544,Route_7,Subway,5,20.5,31,10.46,1.1,Thu,0,Fog,0,0.128,0.779,2.5
T000545,Route_5,Ferry,20,8.0,25,2.1,1.0,Fri,0,Snow,0,0.065,0.787,3.8
T000546,Route_12,Subway,0,21.9,32,13.58,2.1,Wed,0,Clear,0,0.217,0.789,2.1
T000547,Route_17,Subway,2,15.6,31,11.08,2.2,Tue,0,Clear,0,0.259,0.709,4.8
T000548,Route_11,Train,12,14.7,27,2.87,0.8,Thu,0,Clear,1,0.106,1.0,4.3
T000549,Route_12,Bus,13,11.5,25,12.75,1.9,Thu,1,Clear,0,0.271,0.751,3.1
T000550,Route_10,Train,6,23.7,25,11.65,11.7,Thu,0,Snow,1,0.057,0.774,4.2
T000551,Route_1,Ferry,9,20.8,33,11.44,6.1,Wed,0,Clear,0,0.073,0.985,3.3
T000552,Route_3,Subway,5,8.7,35,6.18,10.4,Wed,0,Snow,1,0.1,0.868,2.6
T000553,Route_5,Bus,0,43.6,40,9.85,6.9,Mon,0,Clear,0,0.146,0.748,2.2
T000554,Route_8,Ferry,14,30.3,21,6.47,2.9,Sat,0,Clear,0,0.236,0.805,3.6
T000555,Route_10,Ferry,11,30.6,33,4.92,0.9,Thu,0,Rain,0,0.256,0.718,3.9
T000556,Route_17,Tram,2,37.0,29,12.82,0.3,Fri,0,Rain,0,0.058,0.762,2.3
T000557,Route_9,Train,22,34.6,26,9.61,1.2,Mon,0,Clear,0,0.246,0.906,2.4
T000558,Route_17,Tram,13,14.7,32,7.99,2.2,Wed,0,Rain,0,0.045,0.816,3.4
T000559,Route_11,Tram,17,33.3,28,12.34,7.8,Sat,1,Clear,0,0.227,0.951,4.8
T000560,Route_6,Train,0,42.4,36,10.53,4.7,Sat,0,Clear,0,0.089,0.844,3.6
T000561,Route_10,Subway,8,6.7,38,3.63,0.1,Tue,1,Rain,0,0.263,0.802,3.2
T000562,Route_18,Bus,19,24.4,27,14.89,11.0,Tue,0,Rain,1,0.284,0.908,3.2
T000563,Route_10,Subway,4,9.6,33,3.25,2.8,Fri,0,Clear,0,0.058,0.921,3.4
T000564,Route_4,Bus,3,6.5,36,4.86,5.8,Mon,0,Clear,0,0.235,0.726,4.3
T000565,Route_14,Subway,15,15.3,39,2.16,12.2,Thu,0,Rain,1,0.22,0.915,2.7
T000566,Route_1,Tram,17,26.1,30,7.85,6.9,Tue,0,Rain,0,0.169,0.806,3.3
T000567,Route_1,Train,8,0.9,34,14.86,13.2,Thu,1,Rain,1,0.159,0.814,4.7
T000568,Route_5,Subway,1,2.2,29,10.32,6.7,Wed,0,Snow,0,0.035,0.821,4.2
T000569,Route_10,Ferry,20,8.6,35,9.26,0.7,Sat,0,Clear,0,0.004,0.806,3.8
T000570,Route_3,Ferry,8,37.2,23,4.78,1.8,Mon,0,Clear,1,0.082,0.816,3.9
T000571,Route_3,Tram,1,18.3,45,14.53,0.8,Wed,0,Rain,0,0.235,0.906,4.4
T000572,Route_10,Train,14,16.7,32,3.81,10.9,Mon,0,Clear,1,0.113,0.779,3.3
T000573,Route_7,Train,1,18.8,31,8.61,10.1,Wed,0,Rain,1,0.056,1.0,2.6
T000574,Route_2,Tram,21,29.4,39,12.45,1.5,Fri,0,Clear,1,0.137,1.0,3.7
T000575,Route_13,Subway,5,39.1,25,5.96,3.0,Thu,0,Rain,0,0.022,0.994,5.0
T000576,Route_15,Subway,7,25.6,41,10.76,4.1,Mon,0,Clear,0,0.064,0.863,3.0
T000577,Route_14,Train,17,17.5,34,11.29,1.1,Wed,1,Snow,1,0.167,0.686,3.0
T000578,Route_11,Train,10,23.0,26,11.28,3.0,Sun,0,Rain,0,0.268,0.758,2.1
T000579,Route_20,Bus,1,41.0,26,8.63,12.7,Mon,0,Clear,1,0.054,0.93,4.3
T000580,Route_11,Train,16,43.5,36,2.97,1.7,Fri,0,Fog,1,0.01,0.554,5.0
T000581,Route_7,Subway,2,18.7,22,11.84,1.1,Wed,0,Clear,0,0.087,0.733,2.3
T000582,Route_8,Tram,15,29.1,25,9.65,18.3,Wed,0,Clear,1,0.13,0.941,5.0
T000583,Route_8,Bus,16,13.9,39,6.4,1.7,Thu,0,Clear,0,0.071,1.0,4.2
T000584,Route_6,Ferry,8,18.1,26,11.44,1.7,Sun,0,Snow,1,0.017,0.883,2.7
T000585,Route_7,Ferry,20,13.0,22,5.16,5.8,Thu,0,Rain,0,0.195,1.0,3.0
T000586,Route_4,Subway,4,22.7,31,14.06,1.9,Sat,0,Fog,0,0.183,0.761,4.3
T000587,Route_14,Tram,10,34.0,24,10.46,0.7,Wed,1,Clear,0,0.211,0.795,3.9
T000588,Route_10,Bus,9,5.3,34,12.91,3.9,Mon,0,Clear,0,0.029,0.832,2.3
T000589,Route_16,Train,8,35.9,29,6.12,12.1,Wed,0,Clear,1,0.158,0.835,3.1
T000590,Route_6,Tram,8,7.2,26,12.6,1.0,Fri,0,Clear,0,0.028,1.0,1.8
T000591,Route_12,Ferry,12,10.0,28,7.79,0.5,Tue,0,Rain,0,0.043,0.778,2.3
T000592,Route_18,Ferry,16,4.7,30,6.57,1.7,Sun,0,Clear,0,0.298,1.0,3.5
T000593,Route_18,Subway,11,20.0,30,7.39,6.9,Fri,0,Clear,1,0.074,0.836,2.6
T000594,Route_8,Train,20,0.8,34,11.06,5.1,Sun,0,Rain,0,0.142,0.784,3.3
T000595,Route_2,Ferry,1,35.2,22,3.16,1.8,Thu,1,Clear,0,0.134,0.878,4.3
T000596,Route_18,Bus,18,27.7,32,10.91,0.5,Thu,0,Clear,0,0.281,0.997,3.6
T000597,Route_12,Subway,7,15.9,25,9.11,0.4,Sat,0,Clear,0,0.235,0.861,3.8
T000598,Route_8,Tram,19,35.2,34,2.79,14.9,Fri,0,Rain,1,0.256,0.898,4.0
T000599,Route_11,Ferry,15,39.5,24,3.6,30.0,Sat,0,Clear,1,0.22,0.93,1.9
T000600,Route_19,Bus,6,34.4,27,7.91,0.2,Thu,0,Clear,0,0.294,0.815,3.4
T000601,Route_13,Tram,11,4.6,43,5.57,0.8,Mon,0,Clear,0,0.178,0.869,2.7
T000602,Route_10,Ferry,5,1.7,22,12.33,6.2,Thu,0,Clear,1,0.241,0.929,2.8
T000603,Route_4,Bus,0,28.2,27,7.89,1.3,Fri,0,Rain,0,0.115,0.86,3.7
T000604,Route_5,Train,10,23.5,40,6.14,7.2,Thu,0,Clear,0,0.232,0.783,3.4
T000605,Route_18,Ferry,5,25.6,30,7.43,3.9,Wed,0,Clear,0,0.188,0.706,3.9
T000606,Route_18,Bus,0,36.8,35,12.32,7.3,Fri,0,Clear,0,0.037,0.738,4.9
T000607,Route_2,Subway,4,9.2,50,3.42,1.5,Tue,0,Clear,0,0.181,0.788,2.6
T000608,Route_15,Tram,19,11.2,39,2.23,1.3,Fri,0,Clear,0,0.254,0.846,3.3
T000609,Route_11,Tram,0,26.8,35,5.45,4.1,Mon,0,Clear,0,0.26,0.984,5.0
T000610,Route_15,Bus,4,27.3,27,4.95,3.7,Fri,0,Clear,0,0.003,0.817,4.7
T000611,Route_7,Tram,0,37.8,29,9.5,0.0,Fri,0,Clear,0,0.219,0.916,4.2
T000612,Route_6,Bus,2,38.2,32,8.85,2.9,Mon,1,Fog,0,0.232,0.866,3.2
T000613,Route_18,Bus,1,31.4,31,6.31,7.3,Thu,0,Clear,0,0.047,0.73,4.4
T000614,Route_19,Bus,22,31.2,31,9.91,12.6,Sat,0,Clear,1,0.029,0.853,3.5
T000615,Route_7,Subway,6,39.3,24,1.7,6.3,Sat,0,Rain,0,0.019,0.802,3.5
T000616,Route_6,Train,10,32.4,31,12.11,0.5,Sun,0,Rain,0,0.299,0.976,4.5
T000617,Route_20,Train,21,42.8,37,3.14,1.0,Tue,0,Rain,0,0.155,1.0,3.5
T000618,Route_18,Train,15,12.6,37,12.64,3.0,Fri,0,Clear,0,0.019,0.77,3.6
T000619,Route_10,Train,11,38.6,30,14.12,2.4,Mon,1,Fog,0,0.053,1.0,4.2
T000620,Route_4,Bus,8,0.9,27,9.71,4.0,Sun,0,Rain,0,0.279,0.708,4.4
T000621,Route_11,Bus,21,9.1,34,7.74,12.9,Tue,1,Rain,1,0.207,0.756,4.0
T000622,Route_3,Ferry,3,32.6,26,3.4,0.8,Thu,0,Clear,0,0.288,0.824,3.7
T000623,Route_10,Train,15,24.8,30,9.24,2.4,Sun,0,Clear,0,0.202,0.722,3.3
T000624,Route_1,Ferry,0,23.9,24,2.39,0.1,Fri,0,Clear,1,0.297,0.855,4.0
T000625,Route_6,Subway,4,13.5,30,11.94,13.5,Sun,0,Rain,1,0.124,0.823,2.6
T000626,Route_9,Train,9,26.4,25,3.94,1.0,Mon,0,Clear,0,0.087,0.78,3.8
T000627,Route_11,Bus,10,1.1,26,8.84,2.6,Sat,0,Clear,0,0.105,0.765,3.3
T000628,Route_12,Tram,18,1.7,33,12.28,0.1,Sat,0,Clear,0,0.1,0.904,2.8
T000629,Route_8,Train,9,41.8,30,1.81,0.9,Sat,0,Rain,1,0.237,1.0,4.1
T000630,Route_3,Bus,20,23.3,30,9.08,1.6,Thu,0,Clear,1,0.263,0.897,3.1
T000631,Route_7,Tram,7,42.6,32,3.6,1.0,Thu,0,Rain,0,0.217,0.851,3.0
T000632,Route_10,Ferry,13,5.6,24,12.65,1.4,Sat,0,Clear,1,0.093,0.873,4.5
T000633,Route_8,Subway,19,5.2,25,4.29,2.1,Sat,0,Fog,0,0.046,0.801,3.3
T000634,Route_5,Train,7,9.3,21,6.17,0.6,Wed,0,Clear,0,0.123,1.0,1.8
T000635,Route_16,Train,19,37.4,30,12.09,1.6,Thu,0,Clear,0,0.174,0.794,3.2
T000636,Route_4,Train,2,43.2,22,4.11,0.1,Tue,0,Clear,0,0.01,0.78,4.2
T000637,Route_2,Train,18,32.6,20,9.72,3.7,Mon,0,Rain,0,0.244,0.876,4.2
T000638,Route_1,Ferry,17,8.7,38,12.67,8.2,Wed,0,Clear,0,0.139,0.723,3.5
T000639,Route_11,Subway,19,7.7,28,14.47,4.7,Fri,0,Rain,0,0.293,0.942,2.5
T000640,Route_16,Subway,22,11.1,33,11.49,4.7,Mon,0,Clear,0,0.178,0.883,3.8
T000641,Route_20,Train,15,1.7,36,5.95,1.2,Thu,0,Clear,0,0.034,0.822,3.4
T000642,Route_6,Ferry,19,16.2,33,13.33,1.0,Mon,0,Clear,0,0.265,0.849,3.4
T000643,Route_3,Bus,0,23.2,30,14.74,6.1,Fri,0,Clear,1,0.046,0.798,4.4
T000644,Route_15,Tram,9,30.6,36,1.72,0.9,Wed,0,Rain,0,0.228,0.85,5.0
T000645,Route_6,Bus,10,41.4,32,2.58,1.1,Sun,1,Rain,0,0.078,0.727,4.0
T000646,Route_15,Train,9,29.8,34,9.23,5.9,Sat,0,Clear,0,0.1,0.968,2.3
T000647,Route_4,Train,12,10.6,23,6.3,3.0,Tue,0,Snow,0,0.064,0.991,3.8
T000648,Route_5,Bus,12,11.5,26,4.18,8.6,Thu,0,Rain,0,0.033,0.938,2.8
T000649,Route_14,Tram,19,17.1,27,8.94,6.9,Sun,1,Clear,0,0.041,0.809,2.0
T000650,Route_8,Train,10,12.2,32,9.97,5.9,Sat,0,Clear,0,0.195,0.754,3.5
T000651,Route_14,Ferry,0,40.9,39,8.09,16.5,Sat,0,Clear,1,0.205,0.734,3.8
T000652,Route_18,Bus,19,12.9,32,10.41,2.7,Sat,0,Clear,0,0.235,0.927,4.7
T000653,Route_15,Train,22,28.7,28,6.14,7.9,Wed,0,Clear,0,0.105,0.963,3.1
T000654,Route_6,Ferry,6,24.6,32,2.37,6.3,Fri,1,Clear,0,0.143,0.923,3.4
T000655,Route_2,Subway,19,9.9,39,13.97,5.7,Sat,1,Snow,0,0.156,0.939,4.1
T000656,Route_14,Bus,6,9.3,37,13.28,0.9,Sat,0,Clear,0,0.058,0.782,2.8
T000657,Route_13,Tram,14,14.4,23,3.15,4.2,Tue,1,Clear,1,0.231,0.967,2.7
T000658,Route_20,Train,5,25.0,35,12.39,0.5,Fri,0,Clear,0,0.144,0.893,3.6
T000659,Route_8,Ferry,2,24.9,26,3.07,5.4,Sat,0,Clear,0,0.141,0.765,3.1
T000660,Route_20,Train,1,0.5,34,12.8,8.1,Sun,0,Rain,0,0.277,0.88,2.0
T000661,Route_14,Tram,22,4.6,37,6.03,4.8,Thu,0,Clear,1,0.084,0.81,2.3
T000662,Route_7,Bus,22,16.6,22,10.24,0.0,Sun,0,Rain,0,0.245,0.849,4.0
T000663,Route_4,Subway,7,41.5,28,3.61,5.5,Sat,0,Clear,0,0.103,0.786,3.6
T000664,Route_5,Bus,20,10.4,34,8.72,0.5,Mon,0,Clear,0,0.113,0.744,3.9
T000665,Route_19,Ferry,16,33.8,29,4.17,1.9,Sun,0,Rain,1,0.19,0.953,3.6
T000666,Route_5,Subway,2,10.9,31,12.89,1.6,Tue,0,Snow,0,0.231,1.0,1.7
T000667,Route_20,Train,7,34.4,26,10.51,0.8,Fri,0,Rain,0,0.165,0.925,3.7
T000668,Route_14,Train,20,14.2,36,10.64,5.6,Sat,0,Clear,0,0.096,0.841,1.8
T000669,Route_12,Ferry,10,14.6,35,5.63,1.0,Thu,0,Clear,0,0.252,0.795,3.4
T000670,Route_17,Bus,5,4.3,39,2.44,1.3,Mon,0,Rain,0,0.124,0.947,5.0
T000671,Route_15,Subway,3,28.6,30,3.68,0.5,Thu,0,Clear,0,0.07,0.884,2.3
T000672,Route_6,Train,15,29.2,26,11.1,8.6,Sat,0,Rain,0,0.113,0.957,3.2
T000673,Route_1,Subway,8,29.3,26,7.2,5.6,Wed,0,Clear,1,0.112,0.657,4.1
T000674,Route_3,Train,8,43.1,18,3.81,3.1,Thu,0,Rain,1,0.125,0.672,4.5
T000675,Route_11,Tram,5,20.4,28,13.4,2.4,Fri,0,Rain,1,0.193,0.721,4.2
T000676,Route_16,Ferry,9,3.9,29,11.2,0.2,Mon,0,Clear,0,0.134,0.981,4.6
T000677,Route_14,Tram,19,24.0,21,8.7,6.4,Thu,0,Clear,0,0.184,0.91,2.9
T000678,Route_5,Bus,2,23.4,40,11.94,1.3,Sat,1,Clear,0,0.217,0.821,3.6
T000679,Route_1,Ferry,13,6.6,32,5.7,1.8,Wed,0,Fog,1,0.14,0.877,2.9
T000680,Route_15,Tram,12,43.4,40,6.63,0.2,Sat,0,Clear,0,0.099,0.788,2.8
T000681,Route_5,Ferry,3,42.3,33,4.91,4.8,Sat,0,Fog,0,0.295,0.762,5.0
T000682,Route_16,Train,9,26.3,41,14.39,6.0,Wed,0,Clear,0,0.195,0.894,3.9
T000683,Route_4,Bus,6,2.2,23,7.42,1.9,Thu,0,Clear,0,0.248,0.803,3.4
T000684,Route_1,Subway,18,25.8,32,3.79,0.0,Tue,0,Rain,0,0.291,1.0,2.4
T000685,Route_16,Bus,13,5.1,25,4.43,4.6,Tue,0,Clear,0,0.063,0.872,1.9
T000686,Route_19,Subway,18,9.2,25,4.29,13.4,Wed,1,Rain,1,0.057,0.85,3.1
T000687,Route_9,Ferry,14,42.9,28,11.22,0.5,Thu,0,Clear,1,0.291,0.705,3.7
T000688,Route_15,Train,18,29.3,35,13.78,2.9,Sat,0,Fog,0,0.035,0.762,3.7
T000689,Route_12,Tram,15,34.2,37,14.88,3.0,Mon,0,Snow,1,0.06,0.954,3.0
T000690,Route_4,Bus,11,2.2,38,6.5,7.0,Fri,0,Clear,0,0.226,0.874,3.3
T000691,Route_7,Bus,8,37.3,36,4.84,4.5,Fri,0,Clear,0,0.15,0.919,2.8
T000692,Route_17,Train,0,43.7,26,9.67,1.9,Wed,0,Clear,0,0.227,0.84,3.2
T000693,Route_12,Bus,1,38.7,30,12.91,8.2,Sun,0,Clear,0,0.084,0.761,3.7
T000694,Route_20,Subway,12,13.6,36,13.84,2.0,Thu,0,Fog,0,0.247,0.849,3.1
T000695,Route_15,Subway,6,30.8,30,4.13,2.1,Sun,0,Clear,0,0.108,0.726,3.7
T000696,Route_13,Bus,9,10.4,32,13.27,1.9,Sat,1,Rain,1,0.204,0.846,2.7
T000697,Route_9,Train,21,44.8,34,10.26,0.9,Tue,0,Clear,0,0.252,0.804,3.3
T000698,Route_3,Tram,21,12.7,33,10.19,0.6,Sat,0,Rain,0,0.007,0.747,3.8
T000699,Route_20,Tram,11,29.0,47,3.07,21.7,Sun,0,Clear,1,0.078,0.737,3.9
T000700,Route_18,Bus,13,10.6,30,10.1,6.7,Sat,0,Rain,0,0.212,0.861,4.3
T000701,Route_4,Tram,11,30.1,25,10.03,6.8,Fri,0,Clear,0,0.083,0.861,4.3
T000702,Route_12,Bus,19,33.7,31,7.08,5.1,Sun,0,Snow,0,0.269,0.862,4.2
T000703,Route_13,Tram,20,39.8,35,10.9,1.7,Mon,0,Clear,0,0.03,0.771,3.0
T000704,Route_4,Subway,1,26.6,31,9.65,1.5,Tue,0,Clear,0,0.105,0.876,4.3
T000705,Route_14,Subway,20,10.1,30,3.39,1.1,Fri,1,Snow,0,0.235,0.928,2.8
T000706,Route_13,Subway,0,18.2,26,13.35,3.1,Wed,0,Rain,0,0.1,0.85,2.3
T000707,Route_6,Bus,2,6.3,29,8.08,4.8,Sat,0,Snow,1,0.131,0.768,3.1
T000708,Route_13,Bus,12,37.8,29,11.16,5.7,Sat,0,Rain,0,0.014,0.8,2.2
T000709,Route_17,Subway,10,30.6,23,10.8,5.2,Tue,0,Clear,0,0.072,0.784,3.7
T000710,Route_1,Bus,20,6.5,24,3.31,5.0,Thu,0,Rain,0,0.296,0.831,2.7
