trip_id,route,vehicle_type,departure_hour,distance_km,passengers,fare_amount,delay_minutes,day_of_week,is_holiday,weather_condition,revenue,operational_cost
T000001,Route_1,Bus,19,6.1,28,14.69,0.3,Thu,0,Snow,420.17,36.69
T000002,Route_18,Ferry,22,0.8,28,1.78,3.5,Sat,0,Clear,49.49,5.0
T000003,Route_17,Subway,1,5.3,31,3.98,0.7,Sun,0,Clear,145.93,19.88
T000004,Route_15,Ferry,15,32.4,22,4.13,7.4,Wed,0,Snow,96.74,64.33
T000005,Route_12,Tram,11,2.7,27,9.26,4.4,Thu,0,Rain,290.5,5.0
T000006,Route_7,Tram,7,4.2,37,1.6,2.8,Sat,0,Clear,54.93,25.3
T000007,Route_7,Ferry,14,36.0,27,2.3,1.6,Wed,0,Clear,65.22,90.17
T000008,Route_16,Ferry,3,16.2,37,10.03,2.1,Fri,0,Snow,306.09,24.75
T000009,Route_20,Tram,0,19.0,32,14.77,4.9,Fri,0,Clear,433.85,37.9
T000010,Route_9,Train,12,43.0,32,5.96,8.7,Tue,0,Clear,215.33,123.72
T000011,Route_1,Ferry,21,30.3,29,13.68,2.4,Thu,0,Clear,341.93,81.31
T000012,Route_13,Train,14,39.7,31,12.24,0.4,Fri,0,Rain,420.62,111.59
T000013,Route_16,Ferry,10,21.3,29,1.63,3.3,Fri,0,Clear,55.7,57.8
T000014,Route_19,Ferry,6,1.4,31,13.4,0.7,Thu,0,Snow,385.94,11.27
T000015,Route_18,Ferry,3,23.3,42,3.3,8.6,Tue,0,Clear,150.63,55.85
T000016,Route_6,Subway,6,0.6,30,11.95,6.4,Tue,0,Rain,365.2,5.0
T000017,Route_10,Bus,4,33.5,28,8.46,3.8,Thu,0,Rain,233.52,87.75
T000018,Route_8,Tram,18,4.0,39,3.37,8.4,Sun,0,Snow,128.12,5.0
T000019,Route_20,Subway,22,8.6,34,10.15,2.5,Fri,1,Rain,364.92,19.05
T000020,Route_12,Subway,11,6.8,34,10.92,10.5,Fri,1,Fog,440.43,12.07
T000021,Route_18,Tram,9,15.3,32,9.04,3.5,Sat,0,Fog,311.7,32.71
T000022,Route_19,Train,22,41.0,29,12.48,5.5,Sun,0,Rain,377.9,93.49
T000023,Route_16,Subway,4,29.8,45,8.3,1.7,Fri,0,Clear,383.63,78.88
T000024,Route_16,Ferry,21,37.8,24,2.07,3.1,Sun,0,Clear,59.35,95.29
T000025,Route_4,Bus,5,19.7,38,3.65,8.6,Wed,0,Clear,155.09,44.12
T000026,Route_2,Train,21,17.8,20,6.48,3.1,Wed,0,Clear,144.24,53.72
T000027,Route_7,Subway,8,28.1,32,5.83,0.6,Fri,0,Clear,212.28,80.19
T000028,Route_2,Subway,22,22.4,27,7.17,8.9,Sat,0,Clear,168.63,61.23
T000029,Route_7,Ferry,2,43.9,36,3.86,4.1,Sat,0,Snow,150.93,97.76
T000030,Route_16,Tram,16,13.4,44,10.8,1.3,Sat,0,Clear,393.89,21.74
T000031,Route_5,Ferry,5,2.1,32,3.19,6.1,Sun,0,Fog,83.57,15.52
T000032,Route_18,Ferry,4,44.3,39,12.25,3.7,Sat,0,Clear,568.9,126.83
T000033,Route_10,Subway,6,36.5,32,14.42,0.1,Mon,1,Clear,383.92,91.64
T000034,Route_13,Subway,3,25.4,32,3.78,11.3,Mon,0,Clear,144.64,68.16
T000035,Route_14,Tram,7,16.3,25,9.29,2.8,Thu,0,Clear,189.82,42.66
T000036,Route_10,Ferry,11,1.3,29,7.48,5.1,Fri,0,Clear,226.53,15.25
T000037,Route_19,Tram,8,41.7,35,9.95,4.5,Fri,0,Clear,310.87,111.87
T000038,Route_9,Tram,8,41.5,27,13.92,18.3,Mon,0,Snow,398.17,99.77
T000039,Route_3,Bus,19,37.5,26,8.31,0.1,Sun,0,Clear,222.66,91.49
T000040,Route_11,Tram,18,16.9,30,11.73,0.5,Fri,0,Rain,339.49,44.99
T000041,Route_4,Tram,18,40.2,36,14.57,12.0,Wed,0,Rain,578.32,109.23
T000042,Route_13,Tram,3,29.2,23,5.11,4.9,Tue,0,Clear,108.88,74.08
T000043,Route_13,Bus,3,40.4,25,6.88,4.0,Wed,1,Fog,190.99,105.24
T000044,Route_7,Tram,20,41.9,24,7.91,2.3,Sat,0,Clear,168.29,87.44
T000045,Route_3,Bus,5,2.7,32,6.47,1.6,Sat,0,Snow,183.25,5.0
T000046,Route_9,Ferry,18,39.5,26,3.16,10.9,Tue,0,Fog,73.78,85.94
T000047,Route_3,Tram,11,27.5,29,9.9,23.0,Sat,0,Rain,331.97,68.96
T000048,Route_3,Subway,13,27.9,28,2.53,0.2,Tue,0,Rain,75.5,55.65
T000049,Route_12,Train,15,30.6,44,13.83,2.0,Wed,0,Rain,585.77,87.43
T000050,Route_8,Tram,22,28.4,28,3.03,8.2,Wed,0,Clear,77.79,74.8
T000051,Route_10,Tram,14,1.2,34,3.26,0.7,Sat,0,Clear,129.77,5.0
T000052,Route_6,Tram,5,17.5,38,13.88,6.7,Sun,0,Rain,485.3,50.29
T000053,Route_5,Ferry,18,2.2,36,8.71,5.9,Wed,0,Snow,310.58,5.0
T000054,Route_19,Train,3,31.0,37,13.35,3.9,Thu,0,Rain,437.86,67.19
T000055,Route_4,Bus,21,25.4,33,5.01,2.1,Tue,0,Clear,137.36,66.61
T000056,Route_6,Bus,4,21.3,25,12.48,5.6,Mon,0,Rain,324.92,44.48
T000057,Route_15,Ferry,0,33.2,28,12.48,0.7,Sun,0,Clear,347.35,85.39
T000058,Route_18,Train,11,14.0,40,12.97,4.6,Sat,0,Clear,538.12,36.31
T000059,Route_17,Ferry,21,20.4,36,8.82,0.7,Fri,0,Snow,364.49,58.74
T000060,Route_10,Tram,13,32.4,32,12.17,8.4,Mon,0,Clear,403.8,84.16
T000061,Route_8,Subway,20,9.3,21,13.31,0.6,Sat,0,Clear,329.46,34.19
T000062,Route_5,Train,12,1.4,38,10.24,1.1,Sat,1,Clear,327.95,5.0
T000063,Route_18,Subway,11,39.1,25,5.72,0.4,Thu,1,Clear,163.34,88.01
T000064,Route_2,Subway,19,29.9,27,6.94,0.9,Mon,0,Clear,203.63,82.7
T000065,Route_19,Train,15,8.9,27,3.71,0.7,Tue,0,Snow,111.19,14.68
T000066,Route_20,Subway,9,8.8,23,5.47,1.4,Wed,0,Clear,122.74,32.01
T000067,Route_6,Subway,15,3.3,28,7.46,4.4,Fri,0,Clear,210.06,5.0
T000068,Route_9,Ferry,14,9.0,36,7.0,4.8,Tue,0,Rain,232.9,23.25
T000069,Route_10,Ferry,11,40.1,25,13.78,7.6,Tue,0,Clear,319.12,103.07
T000070,Route_12,Tram,0,23.6,26,9.89,5.7,Wed,0,Clear,272.84,55.21
T000071,Route_9,Tram,14,23.3,27,12.76,2.9,Wed,1,Clear,347.58,40.67
T000072,Route_10,Tram,8,30.8,32,6.44,2.3,Sun,0,Clear,178.34,90.55
T000073,Route_7,Train,0,37.9,40,3.63,1.0,Sun,0,Clear,127.25,99.57
T000074,Route_19,Bus,15,19.0,33,2.79,0.3,Sat,0,Rain,79.21,45.96
T000075,Route_8,Subway,15,26.4,34,7.3,8.3,Tue,0,Snow,256.23,57.2
T000076,Route_16,Ferry,16,27.6,26,11.92,0.3,Sat,1,Clear,291.97,81.43
T000077,Route_2,Subway,4,21.9,36,3.99,3.5,Sun,0,Clear,157.75,46.33
T000078,Route_16,Ferry,14,29.5,27,3.03,13.8,Fri,0,Clear,79.47,81.62
T000079,Route_10,Train,9,22.9,34,9.7,3.9,Mon,0,Rain,285.24,55.9
T000080,Route_7,Bus,19,28.7,33,3.6,4.0,Mon,0,Fog,132.46,69.68
T000081,Route_10,Ferry,18,19.7,24,9.29,0.8,Fri,0,Clear,261.88,47.08
T000082,Route_18,Train,1,3.1,42,3.52,9.7,Sun,0,Clear,149.67,16.99
T000083,Route_19,Train,6,15.7,27,2.5,4.7,Sat,1,Snow,71.01,53.12
T000084,Route_2,Subway,19,25.7,30,7.1,4.0,Wed,0,Clear,185.71,72.89
T000085,Route_7,Tram,0,2.4,31,13.74,7.0,Sun,0,Clear,484.26,5.0
T000086,Route_8,Subway,15,41.3,22,10.72,3.6,Tue,0,Clear,248.01,99.22
T000087,Route_19,Subway,20,2.1,34,8.63,2.2,Wed,0,Clear,315.28,5.0
T000088,Route_19,Subway,14,7.3,35,7.67,3.4,Tue,0,Clear,301.69,13.65
T000089,Route_7,Ferry,7,24.0,30,5.75,6.4,Sat,0,Clear,192.73,58.55
T000090,Route_19,Train,17,27.4,49,5.23,11.4,Fri,0,Clear,231.44,69.01
T000091,Route_2,Bus,18,38.1,28,5.59,7.6,Wed,0,Clear,168.08,93.02
T000092,Route_6,Ferry,0,30.4,34,2.1,4.4,Wed,0,Clear,73.62,79.11
T000093,Route_5,Ferry,20,6.1,35,4.08,5.0,Mon,0,Rain,123.56,5.0
T000094,Route_12,Subway,7,44.1,30,12.7,1.8,Thu,0,Rain,398.63,112.77
T000095,Route_17,Ferry,22,28.0,30,14.9,3.8,Sun,0,Clear,370.45,73.28
T000096,Route_13,Tram,20,19.4,24,5.57,8.2,Tue,0,Clear,146.59,49.19
T000097,Route_14,Subway,3,4.2,35,1.76,2.4,Fri,0,Clear,71.12,5.0
T000098,Route_15,Subway,7,14.7,34,8.24,6.6,Thu,0,Clear,284.79,18.06
T000099,Route_1,Tram,20,35.6,30,6.74,3.1,Thu,0,Clear,190.24,89.61
T000100,Route_13,Subway,12,6.6,38,9.83,9.2,Thu,0,Clear,442.84,7.92
T000101,Route_17,Subway,9,22.1,34,8.97,0.1,Mon,0,Clear,310.33,40.88
T000102,Route_4,Ferry,18,3.5,27,8.64,13.9,Wed,0,Rain,218.22,6.14
T000103,Route_17,Bus,15,21.3,28,9.78,10.1,Wed,0,Fog,324.83,65.34
T000104,Route_20,Bus,14,4.9,35,9.05,1.2,Sat,0,Clear,254.19,5.0
T000105,Route_18,Ferry,8,35.2,30,3.49,4.4,Thu,0,Clear,99.02,72.95
T000106,Route_12,Train,4,7.5,33,10.37,1.8,Wed,0,Clear,376.9,9.69
T000107,Route_6,Bus,2,34.5,23,2.46,3.0,Mon,0,Clear,55.8,86.63
T000108,Route_10,Subway,16,13.2,28,1.59,0.6,Wed,0,Snow,43.16,32.95
T000109,Route_11,Train,19,29.7,31,11.97,2.8,Fri,1,Clear,311.0,65.69
T000110,Route_7,Train,12,27.4,27,11.5,1.0,Sun,0,Clear,361.92,73.45
T000111,Route_11,Bus,1,17.6,33,11.74,4.5,Sun,0,Clear,328.25,41.18
T000112,Route_11,Ferry,20,28.6,23,10.76,3.5,Thu,0,Rain,279.6,64.27
T000113,Route_2,Tram,12,32.6,32,2.16,0.6,Sat,0,Clear,67.47,92.2
T000114,Route_16,Bus,6,14.1,31,3.49,7.3,Tue,0,Clear,111.26,32.09
T000115,Route_18,Tram,3,32.1,34,5.66,1.6,Sat,0,Clear,160.57,97.07
T000116,Route_12,Subway,2,42.0,25,5.21,2.0,Mon,1,Clear,121.26,114.45
T000117,Route_10,Train,3,4.7,21,7.26,1.6,Mon,0,Snow,158.23,29.56
T000118,Route_4,Train,6,21.6,36,4.35,0.3,Sun,0,Snow,162.9,56.43
T000119,Route_17,Train,8,5.4,30,13.78,5.5,Thu,0,Rain,461.32,28.6
T000120,Route_5,Ferry,13,15.5,28,5.48,0.8,Tue,0,Snow,138.87,36.04
T000121,Route_19,Train,6,34.4,29,5.05,0.1,Fri,0,Rain,159.86,90.45
T000122,Route_9,Subway,18,22.2,31,7.02,4.4,Wed,0,Clear,210.63,56.32
T000123,Route_15,Bus,9,19.6,41,14.58,8.2,Wed,0,Clear,619.8,44.46
T000124,Route_2,Train,20,38.9,30,3.85,1.0,Sun,0,Clear,124.77,103.75
T000125,Route_19,Train,6,12.2,32,13.37,2.3,Mon,0,Clear,503.1,40.66
T000126,Route_6,Subway,2,11.5,23,2.35,12.7,Sun,1,Rain,51.39,13.98
T000127,Route_8,Ferry,5,13.0,38,9.82,1.6,Mon,0,Clear,413.08,24.18
T000128,Route_3,Ferry,11,42.1,36,5.58,1.7,Thu,1,Clear,168.58,99.91
T000129,Route_6,Train,8,36.1,30,14.78,2.2,Sun,0,Rain,531.81,90.1
T000130,Route_11,Bus,20,35.8,28,7.94,4.3,Wed,0,Clear,256.4,70.98
T000131,Route_2,Ferry,1,23.5,37,3.7,3.3,Fri,0,Clear,129.3,38.63
T000132,Route_3,Bus,11,39.6,23,13.59,3.9,Fri,0,Clear,300.62,101.04
T000133,Route_7,Tram,15,39.7,32,12.74,2.2,Sat,0,Rain,430.87,118.45
T000134,Route_13,Ferry,19,27.4,33,2.2,7.9,Mon,1,Clear,81.61,81.89
T000135,Route_9,Ferry,21,38.2,22,4.06,3.8,Thu,0,Clear,84.66,85.14
T000136,Route_5,Ferry,11,43.7,40,13.52,8.7,Fri,1,Clear,551.82,114.23
T000137,Route_13,Ferry,0,25.2,31,9.96,10.4,Sun,0,Clear,350.0,62.29
T000138,Route_16,Train,8,30.8,29,12.82,1.9,Sat,1,Clear,373.99,85.36
T000139,Route_10,Tram,17,34.8,28,3.95,4.7,Fri,0,Rain,120.07,69.42
T000140,Route_17,Subway,8,38.1,31,14.83,3.9,Mon,1,Clear,371.45,87.01
T000141,Route_10,Tram,12,15.3,23,14.96,4.5,Sun,0,Clear,304.44,13.58
T000142,Route_17,Tram,14,39.4,33,8.12,3.0,Sun,0,Fog,220.63,83.92
T000143,Route_5,Subway,18,39.8,29,12.64,12.0,Wed,0,Clear,355.31,108.71
T000144,Route_16,Train,5,42.6,25,8.91,1.1,Thu,0,Rain,218.4,95.11
T000145,Route_14,Tram,4,16.7,30,11.12,6.7,Tue,0,Rain,315.86,29.13
T000146,Route_17,Train,11,8.0,27,14.97,3.9,Fri,0,Rain,383.57,27.19
T000147,Route_1,Bus,10,5.2,39,3.06,2.5,Wed,0,Clear,97.26,35.26
T000148,Route_12,Ferry,2,21.3,40,10.23,4.9,Tue,0,Rain,401.74,55.22
T000149,Route_11,Subway,11,24.8,27,5.4,1.0,Wed,1,Clear,120.15,50.55
T000150,Route_1,Bus,1,43.7,33,13.86,1.1,Fri,0,Clear,413.04,106.49
T000151,Route_12,Tram,1,6.3,24,13.09,0.3,Wed,0,Clear,358.16,13.7
T000152,Route_2,Tram,2,4.4,34,14.87,2.9,Tue,0,Rain,605.11,12.76
T000153,Route_6,Ferry,15,18.2,34,14.83,17.2,Sun,0,Clear,423.58,43.51
T000154,Route_8,Bus,7,14.6,22,5.27,6.7,Sun,1,Clear,94.47,25.05
T000155,Route_16,Bus,21,9.1,34,5.57,2.3,Thu,0,Rain,216.69,26.18
T000156,Route_11,Bus,8,37.6,27,10.12,0.0,Thu,0,Clear,231.51,102.1
T000157,Route_20,Tram,2,44.3,41,7.65,6.8,Fri,0,Clear,313.43,102.01
T000158,Route_6,Tram,18,17.7,34,2.44,0.3,Wed,0,Clear,91.02,53.51
T000159,Route_1,Subway,7,35.9,24,2.4,1.5,Sun,1,Clear,46.91,92.35
T000160,Route_13,Ferry,8,34.1,24,4.08,5.5,Tue,0,Rain,96.67,79.76
T000161,Route_16,Ferry,6,8.9,40,11.8,4.9,Thu,0,Clear,553.87,13.23
T000162,Route_7,Train,4,38.5,34,14.72,1.5,Thu,0,Clear,421.7,74.83
T000163,Route_7,Ferry,15,0.6,32,13.56,5.3,Sun,1,Fog,349.33,5.0
T000164,Route_1,Ferry,14,12.5,40,11.04,35.6,Thu,0,Rain,488.78,39.52
T000165,Route_19,Train,14,23.6,34,13.87,5.7,Wed,0,Clear,431.83,62.49
T000166,Route_12,Tram,15,24.2,36,2.0,10.2,Sun,0,Snow,74.51,60.3
T000167,Route_10,Subway,0,18.3,22,11.8,9.2,Tue,0,Clear,225.54,45.67
T000168,Route_1,Subway,18,40.0,38,14.91,7.5,Thu,0,Clear,668.49,99.77
T000169,Route_3,Tram,10,39.5,35,12.09,4.0,Fri,0,Clear,449.41,113.99
T000170,Route_1,Subway,8,40.0,23,5.85,6.2,Fri,0,Clear,137.82,114.51
T000171,Route_20,Tram,12,24.1,41,3.77,0.4,Wed,0,Clear,150.1,60.01
T000172,Route_15,Train,0,9.6,43,3.89,0.3,Wed,0,Rain,183.61,7.54
T000173,Route_17,Train,17,24.6,24,10.23,8.7,Tue,0,Clear,210.93,74.59
T000174,Route_14,Train,9,34.4,33,12.86,3.5,Thu,0,Clear,431.27,90.6
T000175,Route_1,Train,0,11.9,31,3.79,3.5,Sun,0,Clear,107.22,24.82
T000176,Route_18,Subway,9,25.8,27,8.29,0.8,Wed,0,Clear,237.75,60.87
T000177,Route_18,Subway,18,23.2,29,6.57,2.3,Thu,0,Rain,162.7,55.33
T000178,Route_12,Bus,12,7.6,27,14.64,2.5,Sun,0,Fog,350.19,30.95
T000179,Route_15,Train,20,33.7,28,14.66,0.0,Sun,0,Clear,440.89,85.99
T000180,Route_16,Train,3,9.4,33,1.81,5.8,Thu,1,Snow,56.32,42.64
T000181,Route_12,Bus,9,40.0,29,4.29,1.2,Thu,0,Rain,105.62,98.49
T000182,Route_19,Tram,0,39.1,34,9.78,0.5,Tue,0,Rain,387.99,115.46
T000183,Route_13,Subway,17,4.8,34,3.7,1.0,Wed,0,Rain,147.33,21.39
T000184,Route_5,Bus,16,27.0,23,3.58,0.5,Thu,0,Clear,73.17,71.54
T000185,Route_13,Ferry,15,21.7,24,3.28,2.3,Wed,1,Rain,72.99,49.64
T000186,Route_9,Subway,1,29.2,33,7.9,9.9,Fri,0,Snow,290.43,75.52
T000187,Route_2,Ferry,20,14.9,26,5.69,0.8,Sat,1,Rain,118.9,46.25
T000188,Route_7,Tram,5,16.2,34,4.72,4.0,Sun,0,Clear,129.33,35.09
T000189,Route_6,Ferry,11,43.2,31,3.81,18.5,Sun,0,Clear,95.75,101.5
T000190,Route_13,Ferry,16,41.3,27,6.3,11.5,Mon,0,Clear,200.33,108.94
T000191,Route_4,Bus,4,5.3,24,3.03,1.6,Sun,1,Rain,64.46,13.91
T000192,Route_11,Bus,1,32.7,29,13.51,4.1,Sat,0,Rain,345.42,87.23
T000193,Route_20,Train,0,36.6,27,2.23,4.7,Fri,0,Clear,68.98,86.04
T000194,Route_2,Subway,10,44.8,33,8.97,4.3,Wed,0,Fog,275.62,116.06
T000195,Route_8,Ferry,2,39.7,32,10.5,1.5,Fri,0,Snow,358.28,120.63
T000196,Route_14,Ferry,3,6.0,22,4.61,1.7,Wed,0,Clear,93.23,5.0
T000197,Route_11,Train,19,39.2,34,14.6,1.8,Fri,0,Snow,531.54,111.55
T000198,Route_18,Subway,2,3.3,26,9.1,1.3,Wed,0,Snow,197.26,5.0
T000199,Route_3,Subway,11,40.5,24,13.49,16.7,Sun,1,Clear,351.12,96.43
T000200,Route_20,Bus,3,20.4,33,5.38,0.3,Sun,0,Clear,175.24,46.61
T000201,Route_17,Ferry,16,24.3,30,9.39,0.7,Sat,0,Clear,252.19,44.57
T000202,Route_2,Train,2,34.7,33,8.64,3.8,Sun,1,Clear,321.97,101.51
T000203,Route_4,Subway,21,32.7,34,8.8,4.5,Tue,0,Clear,290.94,75.15
T000204,Route_18,Tram,17,40.4,33,2.26,0.9,Mon,0,Clear,69.02,91.6
T000205,Route_8,Bus,11,3.4,26,7.07,10.1,Fri,0,Clear,175.34,12.65
T000206,Route_8,Ferry,9,26.3,34,7.38,0.2,Wed,0,Rain,208.23,69.61
T000207,Route_1,Tram,16,18.8,22,8.84,8.4,Thu,0,Clear,221.89,45.56
T000208,Route_2,Tram,6,32.9,30,7.49,4.1,Sun,0,Snow,183.41,108.88
T000209,Route_12,Subway,8,4.4,30,3.39,1.8,Sat,0,Clear,84.16,23.11
T000210,Route_4,Ferry,12,31.4,39,11.77,4.5,Tue,0,Clear,455.83,70.21
T000211,Route_20,Train,20,11.8,27,8.99,2.2,Mon,0,Clear,248.24,26.11
T000212,Route_1,Bus,22,19.5,30,4.39,0.7,Sun,0,Snow,157.07,65.0
T000213,Route_13,Train,21,11.4,22,8.36,8.0,Fri,0,Clear,201.11,30.05
T000214,Route_8,Bus,3,35.8,28,5.23,0.3,Wed,0,Clear,161.89,102.69
T000215,Route_17,Ferry,2,30.2,32,8.81,1.7,Sun,0,Rain,319.54,84.23
T000216,Route_9,Bus,3,44.7,32,5.83,2.3,Sun,0,Snow,203.97,120.66
T000217,Route_13,Bus,0,11.5,34,12.3,4.4,Thu,0,Clear,431.3,28.93
T000218,Route_3,Tram,9,2.4,22,13.98,7.3,Fri,0,Clear,300.34,5.0
T000219,Route_3,Tram,19,37.1,35,9.1,3.7,Wed,0,Rain,260.12,77.62
T000220,Route_16,Tram,13,43.1,35,5.56,5.5,Sat,0,Snow,166.76,90.21
T000221,Route_4,Train,11,35.3,31,2.79,5.4,Thu,0,Clear,93.65,99.87
T000222,Route_17,Ferry,2,7.9,28,11.88,4.4,Tue,1,Rain,313.65,32.08
T000223,Route_14,Tram,17,38.4,24,8.73,3.1,Sat,0,Clear,199.78,82.96
T000224,Route_4,Tram,11,44.6,28,12.87,4.7,Wed,1,Rain,342.46,112.51
T000225,Route_3,Bus,9,43.2,32,9.98,8.9,Thu,0,Clear,312.04,103.67
T000226,Route_10,Bus,21,37.0,29,5.41,0.5,Thu,0,Snow,137.1,94.16
T000227,Route_20,Subway,17,35.2,48,4.2,0.7,Tue,0,Snow,164.22,101.4
T000228,Route_9,Ferry,6,41.9,26,12.99,4.6,Fri,0,Rain,288.37,113.67
T000229,Route_2,Tram,7,36.7,25,5.18,6.1,Wed,0,Clear,135.0,80.93
T000230,Route_11,Tram,5,44.9,36,1.86,2.1,Tue,0,Clear,71.32,109.84
T000231,Route_7,Train,7,9.1,34,7.48,4.6,Tue,1,Rain,265.53,14.77
T000232,Route_7,Ferry,14,22.8,25,5.82,3.3,Fri,0,Clear,166.57,77.74
T000233,Route_5,Subway,18,10.9,33,7.4,9.9,Fri,0,Clear,278.11,18.61
T000234,Route_6,Subway,4,8.1,37,6.21,2.8,Mon,0,Fog,234.09,36.11
T000235,Route_11,Bus,3,30.3,36,9.39,1.4,Mon,0,Rain,379.96,69.54
T000236,Route_17,Tram,22,20.1,33,4.75,4.6,Sat,0,Clear,168.78,63.42
T000237,Route_19,Subway,11,4.1,36,12.24,4.0,Sat,0,Clear,516.11,5.0
T000238,Route_19,Train,10,25.5,36,2.76,3.5,Fri,0,Snow,101.02,59.91
T000239,Route_12,Train,9,32.6,39,7.99,6.2,Mon,0,Clear,323.65,81.87
T000240,Route_13,Bus,0,27.9,26,11.41,4.1,Wed,0,Rain,264.06,80.0
T000241,Route_16,Subway,6,19.4,34,12.72,1.8,Thu,0,Rain,412.5,30.97
T000242,Route_9,Bus,9,26.0,27,3.48,16.1,Thu,0,Rain,81.89,50.8
T000243,Route_9,Train,20,5.0,30,2.46,1.2,Wed,0,Clear,61.2,5.0
T000244,Route_14,Ferry,20,12.6,35,14.88,4.5,Tue,0,Clear,601.66,22.99
T000245,Route_3,Train,11,38.8,41,10.74,11.9,Tue,0,Rain,436.15,94.75
T000246,Route_2,Subway,3,27.2,28,2.7,0.2,Thu,0,Rain,61.07,69.36
T000247,Route_20,Ferry,18,15.0,33,5.84,2.2,Sat,0,Clear,177.7,49.69
T000248,Route_14,Ferry,8,44.6,23,6.86,2.6,Sun,0,Clear,158.74,106.49
T000249,Route_13,Train,12,15.5,29,13.51,2.6,Wed,0,Clear,350.49,38.87
T000250,Route_5,Ferry,8,24.2,27,6.85,13.6,Thu,0,Clear,159.11,63.39
T000251,Route_4,Tram,7,33.7,37,14.17,4.5,Sat,0,Rain,534.06,107.91
T000252,Route_5,Subway,12,43.1,37,10.91,3.6,Mon,0,Clear,475.45,113.66
T000253,Route_9,Tram,3,12.4,30,7.87,6.0,Fri,0,Clear,275.25,12.01
T000254,Route_14,Tram,7,8.7,21,6.76,1.1,Tue,1,Clear,140.43,6.87
T000255,Route_12,Tram,19,1.7,29,4.07,0.1,Sun,0,Rain,110.03,8.04
T000256,Route_13,Bus,12,11.3,34,2.17,1.2,Tue,0,Clear,59.48,14.02
T000257,Route_2,Bus,4,28.5,27,3.46,3.8,Thu,0,Clear,100.6,67.76
T000258,Route_20,Ferry,2,15.5,27,4.71,0.7,Tue,0,Clear,143.83,29.81
T000259,Route_13,Train,13,44.3,33,3.12,3.2,Sun,0,Clear,103.93,112.48
T000260,Route_20,Ferry,13,28.3,30,5.52,9.6,Wed,0,Snow,190.11,68.84
T000261,Route_1,Ferry,7,24.5,33,9.8,2.9,Wed,0,Clear,361.91,42.39
T000262,Route_8,Ferry,6,1.6,29,4.19,3.2,Fri,0,Rain,102.82,13.14
T000263,Route_11,Bus,17,30.0,36,8.07,1.9,Sun,0,Clear,245.54,68.83
T000264,Route_9,Train,6,39.1,32,10.64,11.9,Sun,0,Rain,295.73,105.07
T000265,Route_19,Subway,16,0.7,27,14.24,8.7,Fri,0,Rain,424.14,5.0
T000266,Route_5,Tram,5,30.1,28,5.43,3.7,Thu,0,Clear,148.96,62.87
T000267,Route_12,Bus,4,25.0,33,10.89,1.9,Sun,0,Clear,337.29,70.61
T000268,Route_15,Tram,20,12.6,23,13.84,7.8,Sat,0,Clear,274.96,49.93
T000269,Route_2,Tram,8,45.0,30,14.93,5.0,Sat,0,Rain,469.7,101.23
T000270,Route_7,Bus,1,39.5,28,12.19,2.3,Tue,0,Clear,274.42,99.89
T000271,Route_18,Ferry,4,40.3,36,7.38,15.8,Thu,0,Clear,266.45,91.86
T000272,Route_8,Ferry,5,26.7,38,14.97,5.2,Thu,0,Clear,547.48,68.59
T000273,Route_20,Bus,20,12.5,33,5.93,0.9,Mon,0,Clear,214.73,28.49
T000274,Route_15,Subway,5,3.5,32,14.76,2.6,Mon,0,Clear,442.26,5.0
T000275,Route_7,Subway,7,26.4,33,3.82,2.3,Wed,0,Clear,130.09,73.37
T000276,Route_1,Tram,15,0.6,39,2.41,5.3,Fri,0,Clear,96.01,5.0
T000277,Route_4,Subway,7,30.1,28,14.99,4.4,Mon,0,Clear,406.41,77.98
T000278,Route_13,Tram,9,41.1,25,7.51,0.6,Fri,0,Clear,189.7,91.86
T000279,Route_18,Ferry,13,41.3,30,9.77,1.7,Fri,0,Clear,262.73,104.97
T000280,Route_18,Ferry,18,30.4,36,7.73,5.9,Mon,0,Rain,330.97,84.73
T000281,Route_20,Ferry,10,31.1,30,4.39,9.1,Fri,0,Rain,117.9,102.12
T000282,Route_3,Subway,3,40.6,45,12.12,3.7,Sat,0,Rain,439.24,94.84
T000283,Route_17,Bus,17,23.4,30,2.81,9.0,Mon,0,Clear,71.99,63.67
T000284,Route_4,Tram,9,16.7,20,10.62,4.5,Sat,0,Rain,177.99,45.25
T000285,Route_3,Bus,15,39.3,33,5.74,2.8,Mon,0,Clear,163.97,103.54
T000286,Route_20,Bus,13,16.0,26,2.13,0.5,Sat,0,Clear,65.57,50.32
T000287,Route_6,Tram,2,17.8,39,5.14,4.2,Fri,0,Clear,164.8,33.22
T000288,Route_6,Subway,16,16.0,41,11.06,4.5,Mon,0,Rain,533.07,38.69
T000289,Route_10,Train,8,25.3,23,4.88,1.7,Sun,0,Fog,117.05,41.8
T000290,Route_18,Train,11,2.0,27,6.56,5.9,Tue,0,Clear,202.19,5.0
T000291,Route_2,Bus,17,23.1,21,2.8,0.1,Sun,0,Clear,57.68,45.43
T000292,Route_13,Tram,22,22.5,35,4.64,10.2,Thu,0,Clear,171.58,42.99
T000293,Route_8,Bus,6,42.2,22,3.77,13.3,Tue,0,Rain,87.48,99.9
T000294,Route_18,Subway,7,15.8,27,2.07,0.9,Thu,0,Rain,60.22,42.11
T000295,Route_3,Train,11,40.0,22,7.02,3.0,Fri,0,Rain,142.8,92.83
T000296,Route_10,Ferry,5,21.6,31,2.18,2.6,Sun,0,Clear,61.04,61.21
T000297,Route_12,Tram,16,16.8,26,9.18,2.7,Sun,0,Clear,224.02,57.15
T000298,Route_7,Train,14,18.1,19,7.34,10.3,Fri,0,Fog,117.28,35.25
T000299,Route_14,Tram,1,31.2,27,8.56,3.9,Wed,0,Clear,231.95,71.46
T000300,Route_14,Subway,7,34.4,34,4.91,10.8,Tue,0,Rain,139.56,76.72
T000301,Route_13,Train,8,30.4,24,2.33,2.1,Tue,0,Clear,54.7,83.77
T000302,Route_20,Bus,6,11.4,33,7.97,0.4,Wed,1,Rain,235.98,11.01
T000303,Route_7,Tram,0,42.9,28,10.75,12.4,Fri,0,Clear,331.89,106.89
T000304,Route_20,Bus,3,29.5,25,11.69,9.2,Fri,1,Snow,250.12,47.29
T000305,Route_15,Train,7,32.7,27,2.68,5.8,Tue,0,Rain,59.1,81.71
T000306,Route_7,Subway,8,22.3,38,8.42,0.2,Tue,0,Rain,294.63,49.15
T000307,Route_2,Subway,7,24.5,23,14.17,0.4,Thu,0,Snow,268.8,58.41
T000308,Route_8,Train,20,1.7,29,2.08,0.5,Wed,0,Clear,57.25,5.0
T000309,Route_5,Tram,17,44.7,30,2.12,5.4,Fri,0,Snow,54.38,113.78
T000310,Route_3,Subway,12,32.6,28,4.57,3.7,Thu,0,Clear,104.1,76.25
T000311,Route_11,Bus,22,7.5,31,3.35,1.2,Tue,0,Clear,99.07,39.34
T000312,Route_20,Train,21,6.0,35,4.84,1.3,Fri,0,Rain,146.2,32.08
T000313,Route_9,Train,20,5.5,34,7.69,3.2,Sun,0,Clear,230.46,5.0
T000314,Route_11,Tram,3,22.8,28,12.3,4.0,Sat,1,Clear,404.95,64.74
T000315,Route_3,Bus,18,6.6,29,14.92,2.8,Sat,0,Clear,507.77,22.99
T000316,Route_1,Tram,15,4.5,31,14.4,2.7,Sat,0,Snow,505.69,32.12
T000317,Route_15,Ferry,2,20.4,29,13.73,14.0,Sat,0,Snow,450.81,40.66
T000318,Route_20,Train,17,33.7,37,6.51,2.3,Sat,0,Clear,288.67,79.1
T000319,Route_18,Ferry,17,35.3,41,14.15,4.2,Mon,0,Rain,689.88,92.03
T000320,Route_13,Bus,8,7.4,26,4.63,1.2,Tue,0,Clear,113.47,5.0
T000321,Route_2,Tram,2,15.2,27,14.14,10.8,Sat,1,Clear,399.87,39.87
T000322,Route_4,Tram,17,21.3,31,14.06,8.6,Sun,0,Clear,473.91,66.7
T000323,Route_7,Bus,12,9.6,25,14.42,1.2,Sat,0,Clear,314.27,25.1
T000324,Route_14,Subway,22,40.2,25,12.16,0.2,Fri,0,Clear,351.43,112.78
T000325,Route_14,Ferry,9,1.9,30,8.15,4.4,Mon,0,Rain,278.52,5.0
T000326,Route_12,Train,10,13.7,28,10.65,4.8,Sun,1,Clear,305.54,35.37
T000327,Route_9,Bus,4,21.0,29,2.9,6.9,Sat,0,Clear,86.75,69.31
T000328,Route_14,Subway,18,2.5,26,8.71,0.5,Fri,0,Snow,241.94,13.21
T000329,Route_8,Tram,13,37.5,30,10.33,1.7,Tue,1,Clear,369.02,100.68
T000330,Route_10,Bus,13,44.8,18,10.15,2.3,Sat,0,Snow,160.37,114.1
T000331,Route_9,Subway,22,6.5,29,4.82,0.1,Sun,0,Clear,116.41,7.69
T000332,Route_15,Subway,7,19.7,34,5.74,2.4,Thu,0,Clear,182.61,46.4
T000333,Route_2,Tram,2,27.3,20,4.59,0.1,Tue,0,Clear,76.51,69.58
T000334,Route_8,Subway,19,21.8,28,2.89,9.6,Tue,0,Clear,81.75,61.32
T000335,Route_14,Ferry,10,24.3,37,10.64,3.6,Fri,0,Clear,412.82,64.32
T000336,Route_17,Bus,10,38.3,34,2.87,5.3,Sun,0,Clear,82.63,80.86
T000337,Route_4,Train,19,6.9,33,5.73,1.6,Fri,0,Rain,187.17,21.09
T000338,Route_20,Bus,4,30.1,25,11.19,6.1,Sat,0,Rain,311.59,67.54
T000339,Route_14,Tram,2,43.4,26,9.78,2.6,Wed,0,Rain,207.69,111.7
T000340,Route_8,Bus,17,39.4,23,11.47,1.4,Wed,0,Rain,298.77,109.52
T000341,Route_19,Train,4,7.3,24,12.8,10.0,Mon,1,Clear,304.57,9.82
T000342,Route_2,Ferry,7,9.6,25,3.57,2.3,Fri,0,Rain,74.24,21.54
T000343,Route_8,Ferry,8,23.1,25,6.25,2.0,Tue,0,Clear,175.11,65.02
T000344,Route_9,Bus,15,31.4,16,10.13,1.6,Tue,0,Clear,166.71,77.49
T000345,Route_7,Subway,15,27.1,28,1.96,2.8,Thu,0,Snow,58.62,82.97
T000346,Route_10,Bus,21,3.3,30,14.39,6.5,Tue,0,Clear,490.93,9.18
T000347,Route_1,Ferry,14,27.5,30,4.22,8.8,Sun,0,Snow,131.75,64.28
T000348,Route_3,Bus,17,16.9,36,1.79,9.7,Mon,0,Clear,62.2,28.82
T000349,Route_10,Bus,1,37.2,29,7.75,1.9,Sun,0,Fog,258.91,105.66
T000350,Route_18,Bus,8,16.8,35,7.41,12.4,Wed,0,Clear,233.14,54.94
T000351,Route_13,Tram,0,39.2,28,8.16,1.1,Sat,0,Clear,210.47,96.53
T000352,Route_2,Tram,5,35.2,38,13.71,5.3,Fri,1,Rain,509.93,91.31
T000353,Route_11,Bus,20,1.5,26,4.1,3.4,Sun,0,Clear,112.97,5.0
T000354,Route_11,Ferry,2,4.1,33,9.6,4.1,Thu,0,Snow,379.18,5.0
T000355,Route_10,Ferry,7,26.9,44,11.06,6.6,Tue,0,Clear,506.2,59.67
T000356,Route_9,Subway,22,28.9,31,14.74,13.7,Sun,0,Rain,543.1,81.99
T000357,Route_19,Subway,9,36.0,31,4.85,2.1,Tue,1,Clear,164.35,110.03
T000358,Route_18,Bus,21,17.3,37,2.94,6.3,Fri,0,Clear,126.48,33.79
T000359,Route_16,Train,18,37.6,32,9.09,0.5,Wed,0,Clear,269.8,92.31
T000360,Route_10,Tram,13,9.3,33,7.82,3.9,Fri,0,Clear,239.61,42.07
T000361,Route_9,Tram,19,37.3,36,9.17,10.3,Fri,0,Rain,317.56,76.43
T000362,Route_5,Tram,10,32.4,29,4.03,2.5,Tue,0,Rain,96.55,87.39
T000363,Route_2,Subway,8,7.7,30,10.79,1.9,Mon,0,Clear,267.36,16.86
T000364,Route_1,Train,3,1.3,33,6.33,8.7,Fri,0,Snow,214.25,5.0
T000365,Route_7,Train,13,24.9,37,11.53,9.2,Fri,0,Clear,409.05,64.78
T000366,Route_2,Subway,14,35.4,33,3.96,2.4,Thu,0,Rain,146.52,80.48
T000367,Route_2,Bus,15,22.0,46,13.4,1.4,Sat,0,Clear,709.86,53.13
T000368,Route_9,Train,6,20.5,31,4.1,5.7,Thu,0,Clear,107.1,45.02
T000369,Route_1,Tram,19,35.2,30,14.88,2.9,Fri,0,Clear,440.98,74.64
T000370,Route_6,Bus,20,39.8,40,13.11,9.8,Tue,0,Rain,520.37,82.68
T000371,Route_9,Train,10,3.0,33,4.04,5.5,Fri,0,Rain,145.43,28.97
T000372,Route_17,Tram,19,28.5,41,2.68,0.3,Mon,0,Clear,98.95,89.12
T000373,Route_14,Train,17,2.1,31,9.93,2.1,Fri,0,Clear,256.86,5.51
T000374,Route_4,Bus,8,5.2,36,3.66,4.9,Thu,0,Clear,115.38,11.52
T000375,Route_14,Train,10,40.1,37,8.14,9.6,Mon,0,Clear,303.99,102.05
T000376,Route_10,Train,2,18.4,24,10.59,1.2,Fri,0,Clear,218.65,40.0
T000377,Route_9,Train,18,30.5,28,8.4,11.6,Fri,0,Clear,208.47,77.95
T000378,Route_12,Ferry,19,6.4,27,3.65,13.4,Mon,0,Clear,82.55,32.39
T000379,Route_5,Ferry,7,37.1,34,13.97,14.0,Thu,0,Clear,479.24,83.07
T000380,Route_12,Tram,16,22.4,27,10.16,6.5,Sat,0,Clear,274.05,60.6
T000381,Route_16,Subway,15,26.5,38,9.66,12.5,Wed,0,Clear,301.76,71.59
T000382,Route_16,Tram,7,21.8,26,2.88,7.5,Mon,0,Rain,86.65,61.29
T000383,Route_5,Train,7,43.0,30,12.67,3.4,Fri,0,Clear,306.91,102.5
T000384,Route_4,Train,13,14.5,21,12.25,1.4,Fri,0,Clear,290.82,30.68
T000385,Route_5,Train,1,9.2,30,10.2,4.7,Sat,0,Rain,338.87,22.86
T000386,Route_17,Train,11,36.8,30,6.22,1.8,Sun,0,Clear,173.27,110.26
T000387,Route_12,Tram,20,36.7,31,5.38,3.3,Sat,0,Clear,170.9,99.99
T000388,Route_2,Bus,19,22.5,31,10.62,9.0,Sat,0,Fog,306.14,66.29
T000389,Route_18,Subway,17,44.6,31,9.12,2.9,Tue,0,Clear,256.61,113.81
T000390,Route_13,Bus,9,3.2,29,8.41,4.8,Fri,0,Rain,230.67,5.49
T000391,Route_14,Train,10,26.9,28,12.56,0.6,Sat,0,Clear,312.54,67.22
T000392,Route_19,Ferry,3,42.0,23,3.46,8.6,Sat,0,Clear,92.72,111.53
T000393,Route_8,Subway,3,18.1,32,14.33,4.9,Sun,1,Snow,394.65,53.15
T000394,Route_15,Train,20,34.2,32,13.69,0.1,Sun,0,Snow,499.52,75.9
T000395,Route_16,Ferry,9,6.3,29,11.85,1.7,Thu,0,Rain,287.35,53.74
T000396,Route_9,Subway,17,36.7,33,5.05,1.1,Mon,0,Clear,184.13,106.34
T000397,Route_14,Bus,5,5.6,19,11.38,12.2,Mon,1,Clear,249.28,23.6
T000398,Route_9,Ferry,11,19.7,30,8.89,0.9,Thu,0,Clear,224.16,53.33
T000399,Route_20,Ferry,7,27.7,37,7.71,2.7,Sat,0,Rain,285.04,61.76
T000400,Route_2,Bus,0,26.9,37,10.56,0.8,Wed,0,Clear,398.94,66.32
T000401,Route_19,Tram,9,42.5,25,13.71,5.7,Mon,0,Clear,369.16,112.4
T000402,Route_19,Subway,10,19.7,30,11.53,10.7,Sat,1,Clear,312.39,72.35
T000403,Route_15,Tram,8,10.3,28,9.17,7.9,Tue,1,Clear,299.35,29.93
T000404,Route_6,Ferry,10,25.8,18,14.8,0.6,Wed,0,Clear,303.17,75.52
T000405,Route_14,Train,16,1.2,27,9.41,0.7,Sat,0,Rain,207.03,9.74
T000406,Route_13,Bus,17,38.1,34,7.42,5.3,Sun,0,Rain,230.49,91.35
T000407,Route_4,Bus,13,22.8,23,8.68,0.4,Fri,1,Clear,172.17,58.54
T000408,Route_6,Ferry,15,38.9,23,4.41,3.2,Thu,0,Rain,86.32,103.96
T000409,Route_9,Bus,18,22.0,34,6.24,0.3,Tue,0,Clear,190.61,51.95
T000410,Route_18,Bus,16,31.4,29,8.75,0.6,Tue,0,Clear,227.21,74.97
T000411,Route_1,Train,5,41.5,28,5.23,2.1,Mon,0,Rain,149.84,107.59
T000412,Route_16,Tram,5,33.2,33,5.5,0.3,Fri,0,Clear,199.66,78.09
T000413,Route_5,Ferry,16,37.7,25,7.59,2.4,Thu,0,Snow,175.95,108.16
T000414,Route_5,Bus,12,5.8,38,2.42,0.1,Wed,0,Rain,94.16,5.0
T000415,Route_16,Train,21,15.8,33,14.06,6.4,Fri,0,Clear,520.34,20.13
T000416,Route_4,Subway,21,21.9,23,8.66,13.4,Mon,1,Clear,192.68,58.4
T000417,Route_2,Subway,16,12.8,29,11.39,3.0,Sun,1,Clear,278.92,38.78
T000418,Route_7,Tram,0,37.4,34,12.0,1.8,Tue,0,Rain,399.67,98.26
T000419,Route_14,Bus,8,18.0,32,14.87,7.5,Mon,0,Clear,418.18,58.18
T000420,Route_18,Train,13,4.2,25,10.32,0.1,Sat,0,Snow,231.46,5.0
T000421,Route_17,Train,10,41.0,31,7.36,12.4,Wed,0,Clear,240.3,113.62
T000422,Route_16,Tram,8,10.1,30,6.12,4.7,Sat,0,Clear,157.12,31.48
T000423,Route_7,Tram,10,19.5,27,6.63,22.1,Mon,0,Clear,182.25,43.44
T000424,Route_19,Train,17,27.2,23,1.66,2.9,Mon,0,Clear,45.09,52.29
T000425,Route_20,Tram,9,36.9,29,9.31,4.1,Tue,0,Clear,283.31,108.13
T000426,Route_11,Tram,17,40.9,38,2.19,23.7,Wed,0,Clear,71.23,102.47
T000427,Route_7,Bus,15,23.3,25,9.3,19.5,Thu,0,Snow,207.94,57.76
T000428,Route_8,Train,20,36.7,36,10.95,4.0,Fri,0,Rain,393.21,91.56
T000429,Route_10,Tram,20,28.4,28,7.54,1.4,Sun,1,Snow,183.53,83.89
T000430,Route_18,Tram,22,24.4,28,8.66,17.5,Fri,0,Clear,247.96,69.56
T000431,Route_15,Bus,16,38.4,29,7.47,2.7,Fri,1,Clear,221.89,87.02
T000432,Route_14,Subway,15,35.6,28,13.46,4.1,Fri,0,Snow,316.08,93.43
T000433,Route_12,Subway,18,32.4,33,14.71,11.3,Tue,1,Rain,569.96,79.16
T000434,Route_11,Ferry,5,12.4,26,9.06,2.0,Mon,0,Clear,197.46,33.77
T000435,Route_6,Tram,14,22.6,26,10.2,9.8,Thu,0,Clear,240.86,51.47
T000436,Route_13,Ferry,7,33.8,30,12.21,0.7,Wed,1,Clear,415.94,89.07
T000437,Route_4,Tram,19,9.0,22,8.18,3.4,Tue,0,Rain,179.01,15.93
T000438,Route_6,Tram,5,19.7,45,11.91,3.0,Thu,1,Clear,580.13,44.46
T000439,Route_16,Subway,6,5.4,27,12.83,5.9,Tue,0,Clear,360.16,5.0
T000440,Route_18,Bus,15,14.2,24,11.93,5.1,Sat,0,Rain,304.68,27.94
T000441,Route_2,Subway,22,17.0,23,14.27,9.9,Fri,1,Clear,301.13,49.88
T000442,Route_8,Subway,2,5.8,30,14.85,0.7,Mon,0,Clear,440.74,16.5
T000443,Route_15,Ferry,12,17.3,41,12.43,1.5,Sun,0,Snow,480.59,46.41
T000444,Route_11,Bus,3,0.6,23,9.68,1.1,Mon,0,Clear,238.36,9.82
T000445,Route_12,Ferry,1,39.7,41,2.51,6.7,Fri,0,Clear,87.58,90.13
T000446,Route_19,Subway,9,26.3,28,11.41,2.2,Fri,0,Clear,321.34,77.84
T000447,Route_6,Train,5,2.2,42,1.7,6.5,Tue,0,Clear,76.55,5.0
T000448,Route_1,Bus,17,10.0,35,3.15,4.2,Sun,0,Clear,107.77,21.79
T000449,Route_13,Tram,16,7.0,28,6.31,7.0,Thu,0,Clear,156.98,36.01
T000450,Route_11,Train,20,10.4,34,13.53,4.0,Thu,0,Snow,502.72,10.14
T000451,Route_17,Train,14,23.5,26,3.53,5.9,Fri,0,Clear,79.0,63.75
T000452,Route_7,Train,4,38.4,35,5.91,0.6,Sat,0,Clear,206.62,79.94
T000453,Route_3,Bus,0,24.4,25,1.51,2.2,Wed,0,Clear,32.2,57.6
T000454,Route_15,Train,5,9.5,33,9.58,2.6,Mon,1,Rain,325.56,22.93
T000455,Route_19,Bus,3,38.2,28,14.02,1.7,Mon,0,Clear,414.66,114.72
T000456,Route_6,Bus,11,10.1,25,14.82,4.7,Sun,0,Clear,350.33,30.11
T000457,Route_20,Subway,18,9.2,25,12.73,0.4,Sat,0,Clear,353.31,30.54
T000458,Route_1,Bus,16,29.0,36,13.74,2.7,Thu,0,Clear,467.31,80.5
T000459,Route_9,Subway,13,42.9,30,11.24,1.3,Sun,0,Snow,364.14,106.68
T000460,Route_17,Tram,7,32.6,23,1.96,3.3,Sun,0,Clear,40.0,89.35
T000461,Route_5,Bus,22,9.2,20,5.79,3.1,Mon,0,Snow,97.45,27.81
T000462,Route_20,Subway,14,0.7,24,3.01,3.4,Thu,0,Clear,58.86,5.0
T000463,Route_4,Ferry,11,14.5,31,14.8,11.5,Mon,0,Snow,511.95,22.01
T000464,Route_2,Tram,3,38.6,34,7.31,0.3,Mon,0,Rain,279.91,89.1
T000465,Route_1,Train,19,22.1,29,13.9,10.4,Sun,1,Clear,406.1,57.37
T000466,Route_9,Bus,11,21.1,32,11.22,12.7,Thu,0,Fog,309.2,49.86
T000467,Route_11,Train,10,4.5,31,3.47,9.7,Thu,0,Clear,106.13,26.21
T000468,Route_9,Bus,14,20.7,28,5.02,9.6,Wed,0,Clear,155.35,53.83
T000469,Route_8,Subway,11,20.0,32,1.61,0.1,Fri,0,Clear,50.03,58.53
T000470,Route_13,Bus,17,43.2,21,3.73,7.4,Sun,0,Rain,72.84,112.48
T000471,Route_1,Subway,14,29.5,31,6.24,0.2,Sun,0,Clear,223.91,69.56
T000472,Route_4,Tram,15,38.3,37,6.07,5.0,Thu,1,Clear,193.24,92.34
T000473,Route_10,Tram,8,44.7,30,7.75,3.2,Wed,0,Clear,220.73,94.74
T000474,Route_8,Ferry,2,17.0,33,2.77,6.0,Tue,0,Clear,96.81,39.42
T000475,Route_18,Bus,10,37.5,28,11.96,26.2,Sat,0,Clear,336.19,98.6
T000476,Route_16,Ferry,3,30.6,30,4.32,9.1,Mon,0,Snow,139.04,86.43
T000477,Route_2,Subway,10,16.5,22,5.26,6.7,Thu,0,Snow,119.27,36.89
T000478,Route_18,Tram,7,31.9,28,8.84,1.7,Thu,0,Clear,284.32,90.68
T000479,Route_14,Ferry,15,30.4,37,4.97,5.1,Mon,0,Clear,200.26,79.49
T000480,Route_6,Tram,20,14.4,34,8.85,6.3,Mon,0,Clear,254.13,25.51
T000481,Route_2,Subway,15,2.9,34,7.58,0.6,Tue,0,Clear,290.71,13.91
T000482,Route_5,Ferry,5,18.9,25,2.11,0.7,Thu,0,Rain,51.08,47.74
T000483,Route_5,Subway,20,27.0,29,9.1,7.9,Sun,0,Clear,231.09,53.84
T000484,Route_13,Subway,18,10.7,36,11.73,11.2,Fri,0,Clear,408.71,35.23
T000485,Route_16,Subway,8,1.8,28,4.43,1.0,Wed,0,Clear,146.29,5.0
T000486,Route_20,Subway,11,10.7,37,14.9,1.2,Tue,0,Clear,641.8,21.43
T000487,Route_20,Ferry,8,23.6,36,8.6,5.5,Mon,0,Rain,363.24,61.09
T000488,Route_11,Bus,1,8.2,27,14.2,17.6,Mon,0,Clear,406.39,12.12
T000489,Route_12,Bus,5,21.6,31,6.65,1.8,Wed,0,Rain,184.68,54.08
T000490,Route_16,Subway,9,16.4,26,13.16,1.3,Sun,1,Rain,401.65,39.44
T000491,Route_5,Bus,1,25.0,18,11.39,5.4,Sun,0,Clear,234.19,40.94
T000492,Route_13,Subway,4,37.2,29,6.75,0.0,Tue,0,Clear,161.18,99.54
T000493,Route_13,Train,12,21.7,39,7.13,4.1,Tue,0,Clear,325.55,65.15
T000494,Route_1,Ferry,16,37.5,36,4.08,2.1,Tue,0,Clear,119.68,95.47
T000495,Route_2,Ferry,13,18.6,25,12.05,3.2,Fri,0,Snow,338.49,37.19
T000496,Route_19,Ferry,3,15.9,29,10.0,1.6,Mon,0,Fog,334.37,40.52
T000497,Route_5,Train,10,31.2,32,8.24,1.6,Sat,1,Clear,238.26,70.94
T000498,Route_19,Tram,4,40.7,27,9.36,2.2,Fri,0,Clear,288.85,97.33
T000499,Route_14,Train,20,8.7,31,14.65,2.6,Wed,0,Clear,402.11,22.18
T000500,Route_5,Train,12,2.2,40,14.9,5.5,Tue,1,Rain,662.82,25.37
T000501,Route_18,Train,20,16.0,17,9.95,6.2,Thu,0,Clear,139.57,34.07
T000502,Route_6,Train,10,6.3,28,3.55,1.5,Sat,0,Rain,114.03,18.16
T000503,Route_18,Bus,1,5.2,28,1.51,12.9,Wed,0,Rain,35.72,13.98
T000504,Route_4,Tram,6,35.0,25,5.9,0.1,Wed,0,Clear,170.74,83.78
T000505,Route_2,Bus,8,21.6,20,4.72,0.3,Sat,0,Clear,109.57,60.6
T000506,Route_18,Ferry,21,1.3,25,6.66,2.6,Mon,0,Rain,143.04,16.09
T000507,Route_11,Tram,12,18.3,33,7.02,12.2,Mon,0,Snow,212.05,37.18
T000508,Route_5,Tram,12,28.7,43,2.12,31.4,Thu,0,Clear,87.3,73.22
T000509,Route_9,Subway,6,28.5,30,12.22,4.4,Tue,0,Clear,420.58,73.51
T000510,Route_18,Ferry,19,35.5,21,4.06,2.3,Thu,0,Clear,101.72,84.47
T000511,Route_15,Train,5,29.5,23,13.65,13.9,Fri,0,Clear,254.64,88.86
T000512,Route_13,Train,20,1.7,34,9.96,2.7,Fri,0,Clear,285.71,5.0
T000513,Route_20,Bus,5,3.3,31,14.42,10.4,Mon,1,Rain,478.54,5.0
T000514,Route_14,Tram,11,23.3,35,12.16,0.6,Fri,0,Snow,497.54,70.41
T000515,Route_8,Train,18,32.7,27,3.46,1.2,Wed,0,Clear,95.96,76.36
T000516,Route_11,Bus,8,29.9,26,8.87,0.2,Sun,1,Clear,218.19,59.01
T000517,Route_1,Train,2,23.0,41,4.8,1.8,Mon,0,Snow,212.24,63.94
T000518,Route_7,Subway,11,25.9,29,3.21,8.3,Mon,0,Clear,91.99,67.2
T000519,Route_1,Ferry,4,37.1,31,6.6,0.7,Thu,0,Clear,209.05,91.09
T000520,Route_17,Tram,20,0.6,26,10.16,15.0,Sun,0,Clear,308.93,5.0
T000521,Route_20,Subway,22,7.7,35,10.17,1.1,Wed,0,Clear,296.43,30.83
T000522,Route_13,Tram,17,1.4,38,14.24,3.6,Thu,0,Fog,565.79,5.0
T000523,Route_12,Tram,22,41.6,35,10.98,0.9,Sun,0,Rain,442.25,106.15
T000524,Route_18,Bus,9,7.7,32,7.11,14.7,Thu,0,Clear,261.98,22.92
T000525,Route_3,Train,13,14.1,28,8.71,0.4,Thu,0,Rain,259.94,27.3
T000526,Route_1,Train,21,10.8,23,12.25,1.9,Sun,0,Clear,236.69,20.89
T000527,Route_2,Bus,0,6.3,47,6.17,1.3,Tue,0,Clear,311.48,22.55
T000528,Route_20,Train,13,4.9,27,1.59,0.9,Sat,0,Fog,39.03,7.59
T000529,Route_4,Train,15,26.6,27,9.83,1.9,Sun,0,Rain,317.23,61.32
T000530,Route_8,Train,4,4.6,17,3.57,8.5,Tue,0,Clear,49.09,13.49
T000531,Route_4,Ferry,6,43.5,30,4.92,8.9,Tue,0,Rain,164.7,129.11
T000532,Route_2,Tram,5,28.6,41,12.55,15.9,Thu,0,Clear,452.28,85.8
T000533,Route_11,Bus,7,7.2,31,10.62,3.2,Fri,1,Clear,325.4,6.47
T000534,Route_12,Subway,10,35.8,26,8.33,8.5,Wed,0,Snow,248.74,98.93
T000535,Route_1,Tram,15,44.0,24,14.89,1.9,Fri,0,Clear,375.31,107.13
T000536,Route_14,Train,13,12.8,32,4.18,4.7,Mon,0,Rain,133.51,41.22
T000537,Route_6,Tram,12,19.0,22,5.98,4.8,Fri,0,Rain,108.74,42.36
T000538,Route_3,Tram,13,14.1,22,12.95,5.8,Fri,0,Clear,231.74,17.88
T000539,Route_14,Ferry,16,19.0,28,3.49,0.9,Sun,0,Rain,88.1,42.13
T000540,Route_10,Tram,1,0.7,35,5.71,12.5,Thu,0,Clear,210.65,5.0
T000541,Route_3,Bus,2,28.4,24,1.7,3.6,Thu,0,Rain,48.72,64.61
T000542,Route_11,Tram,16,40.0,21,10.38,6.0,Tue,1,Clear,211.75,112.83
T000543,Route_5,Subway,9,8.6,38,11.27,6.3,Sun,0,Clear,345.32,22.13
T000544,Route_18,Subway,22,4.4,30,8.05,1.3,Tue,0,Rain,269.93,9.14
T000545,Route_10,Subway,18,38.1,24,7.96,2.4,Thu,0,Clear,225.83,78.89
T000546,Route_18,Ferry,0,25.7,25,3.82,6.0,Sat,0,Clear,80.83,63.82
T000547,Route_7,Subway,21,34.2,26,8.06,5.9,Fri,0,Rain,171.52,87.94
T000548,Route_18,Tram,18,3.7,34,8.61,21.6,Fri,0,Rain,242.66,5.0
T000549,Route_18,Tram,21,7.7,32,10.45,6.6,Wed,1,Rain,279.0,25.63
T000550,Route_14,Train,22,27.4,34,7.87,11.9,Thu,0,Snow,299.4,72.0
T000551,Route_7,Subway,1,7.1,35,6.33,8.3,Fri,0,Rain,180.25,38.17
T000552,Route_20,Tram,13,11.0,20,14.07,2.2,Sun,0,Clear,318.44,23.1
T000553,Route_12,Subway,1,10.5,27,12.56,2.1,Fri,0,Clear,405.59,37.5
T000554,Route_10,Subway,13,1.9,34,14.48,8.5,Tue,0,Rain,444.61,17.4
T000555,Route_18,Ferry,18,16.9,32,9.34,5.0,Thu,0,Fog,287.3,31.11
T000556,Route_2,Tram,9,43.3,25,9.18,4.1,Wed,0,Clear,203.81,100.77
T000557,Route_15,Train,10,24.5,29,14.1,0.2,Sat,0,Clear,368.57,43.27
T000558,Route_15,Bus,4,12.3,35,9.7,4.2,Tue,0,Clear,373.36,5.0
T000559,Route_19,Subway,7,21.0,34,10.6,2.2,Thu,0,Snow,349.03,47.78
T000560,Route_1,Tram,2,20.3,27,8.33,1.7,Mon,0,Snow,236.53,57.47
T000561,Route_1,Ferry,8,29.8,24,11.51,0.9,Fri,0,Rain,287.55,67.9
T000562,Route_8,Ferry,18,34.0,39,10.73,1.9,Sat,0,Clear,374.38,89.19
T000563,Route_12,Ferry,20,37.8,31,8.42,2.5,Sat,0,Clear,215.75,109.19
T000564,Route_11,Tram,15,6.9,35,7.29,5.7,Thu,0,Clear,248.22,15.88
T000565,Route_2,Train,10,37.6,30,7.57,0.2,Mon,0,Clear,195.71,77.52
T000566,Route_13,Train,10,24.6,26,12.72,3.1,Sat,0,Clear,380.52,73.14
T000567,Route_16,Tram,1,29.7,27,11.87,2.7,Fri,0,Clear,300.92,78.07
T000568,Route_14,Train,13,36.8,33,1.81,3.1,Mon,0,Snow,59.51,102.69
T000569,Route_6,Train,10,36.9,31,11.57,11.0,Wed,0,Clear,424.8,83.15
T000570,Route_5,Train,0,5.2,36,10.22,3.7,Fri,0,Clear,438.76,5.0
T000571,Route_14,Ferry,2,24.5,45,11.75,0.4,Tue,0,Rain,628.15,52.78
T000572,Route_6,Bus,8,23.1,28,11.43,8.5,Sun,0,Snow,378.84,66.12
T000573,Route_12,Subway,7,16.8,42,11.17,9.8,Fri,0,Rain,526.93,56.69
T000574,Route_17,Tram,15,17.2,35,13.85,3.1,Sun,1,Clear,466.11,45.09
T000575,Route_9,Subway,4,39.1,27,5.11,11.6,Tue,0,Clear,143.75,109.65
T000576,Route_20,Bus,8,26.7,23,6.94,1.2,Tue,0,Rain,189.25,44.2
T000577,Route_4,Subway,1,12.6,36,11.6,0.6,Sun,0,Clear,419.61,35.21
T000578,Route_11,Train,19,7.3,41,3.97,13.8,Sat,0,Clear,171.95,12.04
T000579,Route_8,Ferry,14,5.4,27,6.31,1.8,Wed,0,Clear,202.85,9.61
T000580,Route_2,Subway,9,12.1,27,11.2,2.9,Thu,0,Clear,273.63,25.23
T000581,Route_17,Bus,9,30.1,34,2.12,5.2,Mon,1,Clear,69.17,74.75
T000582,Route_9,Train,16,44.3,41,9.67,2.0,Mon,0,Clear,444.03,96.14
T000583,Route_12,Bus,7,22.2,33,2.25,0.4,Tue,0,Rain,63.5,57.37
T000584,Route_10,Tram,16,18.7,37,8.46,1.0,Wed,0,Clear,306.82,41.77
T000585,Route_1,Train,16,19.1,28,2.68,9.4,Thu,0,Snow,87.47,37.65
T000586,Route_13,Ferry,22,17.0,24,8.77,0.5,Wed,0,Rain,216.56,61.75
T000587,Route_9,Train,14,38.7,38,6.47,0.9,Mon,0,Clear,276.3,96.08
T000588,Route_12,Subway,18,35.3,26,6.23,2.5,Fri,0,Clear,184.41,83.61
T000589,Route_7,Train,0,23.7,30,14.69,0.7,Tue,0,Clear,516.0,59.72
T000590,Route_12,Subway,8,13.1,30,14.47,5.4,Sun,0,Clear,411.26,37.87
T000591,Route_19,Subway,4,5.1,29,5.6,1.7,Mon,1,Rain,151.67,29.18
T000592,Route_17,Subway,9,30.4,28,1.56,7.6,Wed,1,Clear,45.19,75.44
T000593,Route_4,Train,0,21.3,36,5.35,5.1,Sun,0,Clear,156.93,39.43
T000594,Route_1,Train,17,15.9,19,11.9,3.1,Thu,0,Clear,203.58,34.58
T000595,Route_10,Bus,1,5.0,32,13.34,2.9,Sun,0,Rain,355.47,5.0
T000596,Route_14,Bus,8,43.6,35,8.54,2.1,Tue,0,Rain,271.92,119.41
T000597,Route_11,Bus,3,0.5,31,7.23,1.1,Mon,0,Rain,184.54,5.0
T000598,Route_6,Ferry,9,19.9,28,7.38,4.2,Tue,0,Fog,236.64,49.9
T000599,Route_17,Bus,8,25.4,24,7.23,2.3,Tue,0,Snow,200.3,62.9
T000600,Route_12,Subway,5,13.5,25,3.92,5.5,Fri,0,Clear,96.52,31.92
T000601,Route_9,Tram,2,10.2,27,6.28,0.6,Tue,0,Clear,151.06,14.45
T000602,Route_5,Bus,19,35.6,21,10.96,12.3,Tue,0,Clear,252.19,84.03
T000603,Route_14,Subway,18,14.0,33,10.95,4.0,Fri,0,Rain,317.68,38.56
T000604,Route_12,Subway,3,10.0,29,10.81,11.3,Wed,0,Rain,254.93,26.01
T000605,Route_12,Ferry,14,27.7,29,11.15,1.9,Tue,1,Clear,357.43,68.33
T000606,Route_7,Ferry,11,10.0,39,4.05,6.2,Wed,0,Clear,160.44,38.42
T000607,Route_10,Bus,6,33.3,32,12.87,1.3,Mon,0,Clear,371.08,79.02
T000608,Route_2,Bus,4,12.0,21,2.93,13.7,Wed,0,Rain,53.35,15.24
T000609,Route_2,Ferry,7,9.1,25,7.71,1.0,Mon,0,Clear,187.94,34.56
T000610,Route_8,Bus,12,21.1,28,13.07,3.6,Fri,0,Clear,422.67,46.39
T000611,Route_14,Ferry,21,15.3,32,5.07,2.6,Sun,0,Rain,172.84,35.48
T000612,Route_4,Bus,13,30.9,38,6.83,9.3,Thu,0,Clear,275.75,68.24
T000613,Route_10,Bus,9,34.8,30,6.98,1.9,Sat,0,Clear,250.81,90.07
T000614,Route_4,Ferry,5,44.3,20,13.84,1.5,Sat,0,Rain,302.33,105.53
T000615,Route_12,Bus,8,39.2,30,4.3,5.8,Mon,0,Clear,142.58,97.92
T000616,Route_12,Ferry,20,3.1,23,11.56,8.5,Wed,0,Clear,307.08,27.92
T000617,Route_3,Subway,14,42.9,22,10.29,1.4,Sun,0,Clear,208.09,92.7
T000618,Route_17,Tram,17,27.0,30,13.14,1.3,Sat,0,Snow,361.71,80.82
T000619,Route_16,Train,17,44.2,28,3.21,9.7,Fri,0,Rain,76.33,100.29
T000620,Route_19,Train,20,16.8,26,14.61,1.3,Wed,0,Rain,310.59,30.16
T000621,Route_8,Subway,4,17.3,26,8.02,0.5,Fri,0,Snow,187.06,43.43
T000622,Route_19,Subway,15,41.8,30,7.13,9.3,Tue,0,Snow,214.53,99.07
T000623,Route_17,Bus,3,19.0,32,4.28,12.1,Fri,0,Snow,148.14,52.49
T000624,Route_12,Subway,17,19.1,34,12.25,7.6,Sat,0,Rain,374.29,36.46
T000625,Route_17,Bus,5,25.8,27,4.66,5.7,Tue,0,Rain,128.51,62.13
T000626,Route_11,Tram,6,2.1,33,7.76,7.0,Thu,0,Clear,213.62,21.11
T000627,Route_18,Tram,5,22.2,33,8.44,6.0,Thu,0,Rain,283.11,67.83
T000628,Route_13,Ferry,1,20.1,42,5.17,6.7,Fri,0,Clear,188.25,31.27
T000629,Route_13,Ferry,19,1.1,38,9.88,4.7,Mon,1,Snow,307.24,18.01
T000630,Route_17,Train,8,13.3,29,2.14,0.7,Tue,0,Clear,61.15,29.18
T000631,Route_18,Subway,0,43.3,32,2.05,7.0,Tue,0,Clear,56.13,101.25
T000632,Route_2,Subway,8,42.8,34,10.16,1.2,Sun,0,Rain,414.46,93.09
T000633,Route_14,Train,7,34.9,34,1.73,3.3,Sat,0,Clear,51.34,76.46
T000634,Route_20,Tram,3,14.1,29,9.28,0.9,Mon,0,Clear,258.2,29.47
T000635,Route_15,Train,9,1.6,23,2.54,11.9,Mon,0,Rain,66.72,5.0
T000636,Route_9,Train,6,10.9,21,13.31,8.2,Mon,0,Clear,328.68,44.3
T000637,Route_12,Bus,0,9.3,30,5.14,4.4,Wed,1,Clear,184.48,12.6
T000638,Route_8,Tram,16,5.8,32,10.53,2.6,Mon,0,Clear,402.38,5.0
T000639,Route_6,Train,0,34.7,29,6.9,1.0,Thu,0,Rain,161.1,76.79
T000640,Route_13,Train,3,31.2,29,9.12,11.5,Thu,0,Rain,288.34,87.82
T000641,Route_17,Ferry,3,32.7,40,3.79,0.5,Thu,0,Clear,138.68,65.47
T000642,Route_8,Bus,9,42.1,30,14.14,3.3,Mon,0,Clear,365.03,127.12
T000643,Route_5,Subway,1,4.9,31,8.65,3.9,Thu,0,Clear,273.94,19.69
T000644,Route_12,Bus,10,7.5,19,9.84,2.4,Sun,0,Snow,213.79,20.56
T000645,Route_5,Tram,15,23.4,20,4.16,0.0,Thu,0,Rain,84.11,62.99
T000646,Route_6,Bus,11,19.4,32,2.85,6.1,Fri,0,Snow,95.28,52.62
T000647,Route_18,Bus,6,20.2,22,13.68,9.3,Thu,0,Clear,245.92,65.52
T000648,Route_1,Train,6,43.1,27,13.27,0.6,Tue,0,Rain,296.24,110.35
T000649,Route_15,Ferry,20,22.8,24,2.56,9.6,Thu,0,Clear,70.51,61.45
T000650,Route_9,Ferry,6,34.6,29,2.31,1.4,Sat,0,Clear,58.75,86.06
T000651,Route_5,Tram,21,6.4,36,13.44,2.1,Sat,0,Clear,500.52,5.0
T000652,Route_11,Tram,18,22.5,32,5.98,1.4,Tue,0,Clear,223.62,56.28
T000653,Route_14,Subway,12,13.8,32,11.49,0.9,Wed,1,Clear,432.91,28.75
T000654,Route_17,Ferry,10,40.4,36,3.04,4.5,Wed,0,Rain,116.09,93.05
T000655,Route_2,Train,4,37.9,27,10.34,0.2,Sat,0,Clear,267.24,88.6
T000656,Route_6,Train,22,2.6,31,3.07,3.5,Fri,0,Rain,76.67,5.0
T000657,Route_4,Subway,15,26.5,35,7.69,3.4,Wed,0,Rain,273.0,75.39
T000658,Route_15,Tram,22,39.2,35,6.9,0.2,Sun,1,Fog,282.13,90.07
T000659,Route_17,Train,15,21.9,42,1.56,4.0,Wed,0,Clear,58.28,51.77
T000660,Route_12,Ferry,6,13.5,28,12.88,0.2,Mon,0,Clear,336.4,16.56
T000661,Route_3,Train,9,33.8,30,12.22,0.3,Tue,0,Clear,324.69,94.98
T000662,Route_2,Ferry,21,18.5,28,13.76,2.2,Sun,0,Clear,410.33,43.91
T000663,Route_20,Train,22,33.0,24,5.41,4.5,Mon,0,Clear,111.31,73.13
T000664,Route_5,Subway,15,16.7,31,10.75,3.8,Wed,0,Snow,338.89,27.09
T000665,Route_14,Ferry,22,1.1,28,7.6,4.7,Wed,0,Clear,237.43,15.07
T000666,Route_7,Train,1,33.1,29,2.45,2.4,Sat,0,Clear,64.75,80.59
T000667,Route_10,Train,1,5.3,23,7.16,1.8,Sat,0,Clear,132.42,10.55
T000668,Route_14,Bus,18,5.4,24,3.08,2.2,Tue,1,Snow,71.69,23.95
T000669,Route_20,Ferry,21,43.2,41,5.73,3.8,Sat,0,Snow,257.08,112.1
T000670,Route_12,Subway,17,10.3,28,2.47,3.2,Wed,0,Clear,82.72,30.84
T000671,Route_10,Bus,6,10.8,32,9.89,9.6,Mon,0,Clear,348.01,34.72
T000672,Route_13,Tram,8,10.5,30,6.06,0.4,Sat,0,Clear,168.91,29.75
T000673,Route_14,Tram,22,1.6,22,7.51,1.9,Thu,0,Clear,189.66,14.95
T000674,Route_5,Subway,17,8.2,26,4.34,0.0,Tue,1,Clear,92.33,25.64
T000675,Route_16,Ferry,9,20.2,22,7.24,0.2,Sat,1,Clear,155.79,41.53
T000676,Route_15,Tram,19,10.7,31,13.06,15.1,Fri,1,Clear,422.47,11.53
T000677,Route_9,Tram,21,41.1,22,13.28,26.4,Sun,1,Clear,283.42,93.33
T000678,Route_9,Train,2,31.6,43,10.45,8.2,Wed,0,Rain,530.16,78.29
T000679,Route_3,Ferry,11,25.2,30,14.56,4.1,Thu,0,Clear,414.15,52.92
T000680,Route_17,Tram,8,18.2,37,2.18,2.1,Thu,0,Clear,78.47,30.9
T000681,Route_1,Tram,14,24.3,33,9.63,2.7,Sat,0,Clear,352.3,47.9
T000682,Route_13,Bus,12,38.5,32,11.91,5.0,Wed,0,Clear,391.25,75.64
T000683,Route_15,Subway,5,6.5,23,2.12,1.9,Thu,0,Clear,53.37,5.0
T000684,Route_17,Subway,10,32.7,33,12.64,2.5,Tue,0,Rain,434.63,69.27
T000685,Route_7,Bus,3,29.3,36,10.56,8.9,Sun,0,Clear,416.35,75.49
T000686,Route_11,Subway,12,36.1,33,11.38,7.8,Wed,0,Rain,385.08,94.71
T000687,Route_13,Train,9,39.1,30,3.57,2.5,Sat,0,Clear,90.8,105.03
T000688,Route_10,Bus,6,28.7,35,10.53,6.5,Thu,1,Clear,409.39,79.08
T000689,Route_8,Train,4,27.0,27,7.99,4.5,Mon,0,Rain,251.95,49.77
T000690,Route_8,Train,14,1.6,37,11.97,10.6,Tue,0,Clear,407.02,16.12
T000691,Route_6,Bus,5,8.7,33,5.4,0.2,Thu,0,Clear,206.64,22.14
T000692,Route_20,Ferry,4,11.4,29,10.82,12.5,Thu,0,Clear,290.34,27.51
T000693,Route_15,Bus,5,43.0,29,6.76,5.9,Tue,0,Snow,166.97,99.59
T000694,Route_12,Subway,18,13.3,24,12.08,3.4,Mon,1,Clear,306.44,27.66
T000695,Route_12,Ferry,16,14.8,29,3.22,3.1,Tue,0,Snow,77.81,40.32
T000696,Route_16,Subway,14,44.7,29,13.38,6.9,Tue,0,Clear,358.69,103.83
T000697,Route_1,Bus,11,34.1,32,10.66,17.8,Fri,0,Clear,326.19,79.92
T000698,Route_7,Train,4,24.6,33,5.16,2.6,Sun,0,Clear,145.19,66.1
T000699,Route_3,Ferry,10,15.8,30,2.21,6.3,Tue,0,Clear,67.7,33.72
T000700,Route_7,Ferry,5,1.1,29,14.69,11.0,Wed,0,Clear,472.76,5.0
T000701,Route_16,Bus,1,20.2,24,14.55,3.0,Sun,0,Rain,385.41,56.48
T000702,Route_3,Train,2,17.4,26,6.03,0.9,Thu,0,Rain,145.12,51.78
T000703,Route_12,Ferry,3,44.0,34,9.25,3.8,Mon,0,Rain,342.65,111.85
T000704,Route_1,Bus,8,38.2,24,4.92,3.7,Sat,0,Rain,118.16,91.46
T000705,Route_13,Bus,18,37.6,27,3.73,4.5,Fri,0,Clear,80.88,75.81
T000706,Route_4,Subway,18,16.5,28,6.98,6.9,Mon,1,Clear,166.96,45.06
T000707,Route_11,Bus,10,24.1,31,1.79,3.6,Wed,0,Clear,65.81,75.61
T000708,Route_19,Subway,10,16.7,36,10.24,0.7,Thu,0,Clear,370.89,43.69
T000709,Route_3,Ferry,17,28.2,38,2.12,6.8,Mon,0,Fog,82.22,73.91
T000710,Route_8,Subway,18,2.3,30,6.76,4.0,Sat,0,Clear,210.72,5.0
T000711,Route_2,Bus,14,19.2,33,1.65,1.2,Mon,0,Snow,59.12,35.09
T000712,Route_11,Ferry,1,8.9,36,6.77,9.7,Sat,0,Rain,235.94,39.94
T000713,Route_19,Ferry,9,10.3,26,3.54,0.6,Fri,0,Clear,92.2,19.61
T000714,Route_7,Train,4,29.8,39,11.4,0.8,Sun,0,Clear,441.55,79.12
T000715,Route_10,Subway,22,1.9,33,9.0,1.0,Tue,0,Clear,330.25,16.96
T000716,Route_11,Tram,15,35.8,28,10.44,14.3,Sun,0,Rain,243.03,88.64
T000717,Route_2,Ferry,0,13.6,26,3.06,1.2,Thu,0,Clear,84.74,45.46
T000718,Route_4,Tram,18,0.9,29,14.85,1.3,Sun,0,Clear,472.96,11.72
T000719,Route_6,Subway,13,11.1,33,2.14,4.7,Tue,0,Snow,75.33,22.31
T000720,Route_8,Tram,15,7.6,29,7.36,7.4,Mon,0,Clear,211.38,24.57
T000721,Route_13,Subway,15,28.2,29,14.04,0.3,Tue,0,Clear,343.37,75.31
T000722,Route_12,Train,18,29.0,27,3.31,3.1,Sat,0,Clear,103.78,70.75
T000723,Route_18,Tram,18,30.6,29,12.64,20.8,Sat,0,Clear,436.33,87.57
T000724,Route_1,Bus,2,22.5,26,9.0,2.2,Sat,0,Clear,273.12,50.84
T000725,Route_10,Ferry,2,35.3,32,7.74,1.6,Thu,0,Clear,218.19,89.02
T000726,Route_19,Ferry,22,36.1,28,1.83,7.4,Thu,0,Snow,58.06,84.3
T000727,Route_15,Tram,7,19.0,37,8.64,3.7,Wed,0,Rain,347.47,44.01
T000728,Route_15,Bus,13,41.0,37,11.6,2.8,Tue,0,Rain,401.76,96.22
T000729,Route_18,Subway,18,41.9,38,11.34,11.3,Thu,0,Clear,468.23,104.72
T000730,Route_19,Subway,22,24.3,32,13.95,7.6,Sun,0,Rain,509.61,64.09
T000731,Route_9,Ferry,12,28.2,33,5.02,5.9,Sat,1,Clear,140.2,47.49
T000732,Route_17,Bus,8,26.5,33,14.58,2.0,Wed,0,Clear,497.27,62.16
T000733,Route_4,Subway,11,12.5,27,5.18,0.8,Tue,0,Clear,114.13,26.66
T000734,Route_11,Train,17,1.7,39,11.77,5.7,Wed,0,Clear,461.39,5.0
T000735,Route_8,Train,9,26.5,31,6.75,1.7,Fri,0,Rain,178.67,74.84
T000736,Route_9,Subway,14,31.6,36,9.27,16.6,Sun,0,Clear,293.28,79.8
T000737,Route_6,Train,12,35.8,17,2.6,0.8,Wed,0,Clear,48.49,73.67
T000738,Route_20,Ferry,16,28.3,25,11.99,2.8,Fri,1,Snow,316.7,76.81
T000739,Route_18,Ferry,20,37.3,23,14.67,0.2,Sun,0,Rain,276.51,81.01
T000740,Route_13,Train,16,31.4,30,3.93,0.0,Fri,0,Clear,136.9,94.28
T000741,Route_5,Subway,7,1.5,30,1.98,11.2,Mon,1,Clear,55.55,5.0
T000742,Route_11,Ferry,8,40.4,33,5.7,1.1,Tue,0,Clear,163.1,93.01
T000743,Route_10,Bus,5,22.4,40,6.15,8.3,Thu,0,Rain,280.79,80.36
T000744,Route_3,Train,15,14.0,34,6.23,1.7,Tue,0,Clear,172.14,31.79
T000745,Route_2,Tram,19,27.2,27,5.68,1.9,Mon,0,Snow,175.37,88.16
T000746,Route_9,Subway,10,29.8,33,7.17,2.1,Wed,0,Clear,210.98,89.2
T000747,Route_20,Bus,20,30.9,30,9.89,5.2,Tue,0,Rain,309.69,88.71
T000748,Route_15,Tram,18,2.6,39,9.19,17.7,Thu,0,Clear,347.98,5.0
T000749,Route_20,Train,4,29.9,31,4.69,9.6,Wed,0,Clear,155.83,64.14
T000750,Route_12,Bus,8,24.9,22,4.2,8.7,Mon,0,Fog,84.08,69.21
T000751,Route_9,Train,15,31.2,31,5.05,4.0,Fri,0,Clear,128.31,95.8
T000752,Route_5,Tram,1,44.4,30,10.5,2.2,Wed,1,Clear,342.6,110.99
T000753,Route_1,Subway,21,26.5,24,3.64,0.7,Sun,0,Clear,89.65,69.7
T000754,Route_16,Bus,2,32.6,40,11.61,0.7,Thu,0,Clear,481.43,76.04
T000755,Route_17,Tram,11,4.7,34,2.93,1.3,Mon,0,Rain,89.81,5.0
T000756,Route_4,Tram,8,41.7,31,4.15,10.0,Thu,0,Fog,108.35,105.35
T000757,Route_14,Bus,3,29.0,30,1.87,5.0,Tue,0,Snow,46.89,62.63
T000758,Route_15,Subway,3,23.4,24,10.66,2.8,Sat,0,Clear,281.97,57.81
T000759,Route_18,Ferry,6,17.5,27,4.78,6.3,Tue,0,Rain,113.82,48.73
T000760,Route_4,Ferry,16,6.4,27,2.74,3.1,Sat,0,Clear,66.0,9.66
T000761,Route_2,Bus,13,41.9,25,10.71,2.8,Fri,0,Clear,242.27,112.4
T000762,Route_7,Bus,16,18.3,23,14.62,0.1,Sun,0,Fog,394.55,61.48
T000763,Route_10,Tram,0,12.2,30,8.79,7.5,Tue,0,Clear,313.22,13.56
T000764,Route_13,Bus,13,3.9,29,9.0,7.4,Tue,0,Clear,216.42,12.98
T000765,Route_15,Train,3,41.2,30,8.13,3.4,Thu,0,Clear,243.8,107.04
T000766,Route_18,Tram,1,31.6,40,5.55,5.5,Sat,0,Clear,250.41,90.56
T000767,Route_17,Tram,21,7.2,34,8.71,6.4,Tue,0,Clear,343.63,22.64
T000768,Route_15,Train,13,7.6,31,2.24,3.7,Wed,0,Rain,58.94,29.26
T000769,Route_12,Tram,3,42.0,30,7.74,1.7,Thu,0,Clear,253.99,86.52
T000770,Route_7,Subway,17,41.3,27,8.72,1.5,Wed,0,Clear,243.78,106.5
T000771,Route_19,Tram,18,28.6,33,8.72,9.7,Sat,0,Rain,234.66,65.47
T000772,Route_12,Train,9,7.2,31,9.15,1.6,Thu,1,Clear,285.66,14.08
T000773,Route_2,Tram,14,41.7,26,14.29,3.3,Sat,0,Rain,311.43,111.13
