trip_id,origin,destination,passengers,fare,distance_km,travel_time_min,time_of_day,is_weekend
T0001,Downtown,East,42,9.78,5.5,13.6,Morning,1
T0002,East,Harbor,33,14.61,25.1,66.3,Morning,0
T0003,Park,Airport,30,2.61,29.2,78.9,Morning,0
T0004,Downtown,East,31,9.9,5.9,13.1,Night,1
T0005,North,Park,25,9.93,25.2,63.4,Afternoon,0
T0006,East,North,29,9.38,1.9,8.6,Afternoon,0
T0007,East,Harbor,31,14.5,25.5,108.1,Afternoon,0
T0008,Harbor,Park,26,2.2,13.3,42.3,Morning,0
T0009,South,Central,34,9.88,27.9,110.1,Night,1
T0010,North,Central,19,6.23,22.2,86.7,Night,0
T0011,West,South,34,12.02,15.3,54.7,Afternoon,0
T0012,South,University,30,11.04,5.0,19.2,Afternoon,0
T0013,Downtown,South,35,13.33,24.3,62.2,Night,0
T0014,Park,Downtown,38,3.43,7.6,25.0,Evening,1
T0015,Downtown,Airport,30,4.89,4.5,13.5,Night,0
T0016,University,Park,28,5.3,8.2,33.4,Evening,0
T0017,University,Central,28,6.49,19.4,78.4,Afternoon,0
T0018,Airport,University,33,5.09,22.1,68.6,Evening,0
T0019,Central,Park,27,2.53,18.1,73.1,Morning,0
T0020,South,West,32,10.98,12.2,58.8,Morning,0
T0021,Harbor,North,26,12.62,17.1,61.4,Morning,0
T0022,West,Airport,38,5.63,21.3,96.7,Night,0
T0023,Central,Harbor,35,9.55,11.8,56.9,Night,0
T0024,North,South,33,4.92,21.7,58.7,Afternoon,1
T0025,University,Downtown,34,9.05,15.8,61.6,Morning,0
T0026,Airport,South,38,12.33,15.6,58.1,Afternoon,0
T0027,South,West,28,14.07,13.4,65.7,Night,1
T0028,West,University,26,6.84,12.4,56.4,Night,0
T0029,North,Downtown,28,5.84,10.4,47.1,Morning,1
T0030,Downtown,University,29,9.95,3.4,6.8,Evening,0
T0031,University,South,27,3.22,17.8,37.5,Afternoon,0
T0032,Airport,Downtown,26,5.94,16.6,49.4,Evening,0
T0033,West,University,21,8.91,16.7,65.3,Evening,1
T0034,Park,South,35,7.71,3.3,6.8,Night,1
T0035,Harbor,West,29,3.22,6.3,30.3,Evening,0
T0036,West,Downtown,34,9.36,5.6,13.2,Afternoon,0
T0037,Central,West,24,11.92,24.4,74.2,Afternoon,0
T0038,Park,Airport,32,6.87,19.1,67.2,Night,0
T0039,East,Harbor,37,12.41,20.6,76.8,Morning,1
T0040,West,South,36,4.69,8.9,23.6,Afternoon,0
T0041,North,East,27,7.01,20.8,62.8,Morning,0
T0042,Park,West,29,9.49,22.2,52.9,Morning,0
T0043,Downtown,West,25,11.62,7.9,24.8,Afternoon,0
T0044,Harbor,Airport,27,2.7,28.8,130.8,Afternoon,1
T0045,East,South,30,3.19,18.5,67.6,Morning,1
T0046,Harbor,Downtown,21,2.75,16.9,56.3,Night,0
T0047,North,Park,34,3.31,3.4,14.1,Morning,1
T0048,Park,North,21,14.83,11.9,36.9,Evening,1
T0049,Harbor,East,27,8.26,12.0,49.2,Morning,0
T0050,South,North,29,3.54,4.4,17.4,Evening,0
T0051,Harbor,Central,21,7.67,24.3,119.7,Afternoon,0
T0052,Airport,West,30,11.04,14.2,55.1,Afternoon,1
T0053,Harbor,University,28,6.36,5.9,23.3,Afternoon,0
T0054,West,Park,26,2.42,9.1,29.5,Evening,0
T0055,South,Downtown,42,9.97,13.1,63.0,Night,0
T0056,Downtown,Harbor,28,14.83,5.4,20.3,Afternoon,1
T0057,Central,North,29,5.55,2.6,12.1,Evening,1
T0058,Airport,South,31,14.28,25.6,70.3,Afternoon,0
T0059,South,West,25,10.04,11.4,26.7,Evening,0
T0060,Airport,South,30,9.17,17.3,79.9,Afternoon,0
T0061,Downtown,West,32,4.77,5.0,10.1,Afternoon,0
T0062,South,North,27,12.19,12.5,48.3,Night,1
T0063,East,Harbor,36,2.86,2.3,9.0,Afternoon,0
T0064,South,Park,29,7.2,21.2,53.9,Evening,0
T0065,South,North,32,12.68,11.0,33.5,Morning,0
T0066,West,Park,28,3.67,10.6,31.3,Morning,0
T0067,Airport,Harbor,19,12.48,22.7,58.0,Morning,0
T0068,Airport,University,30,2.81,5.3,12.7,Evening,1
T0069,North,Downtown,30,5.5,11.9,24.6,Afternoon,0
T0070,Park,Harbor,38,10.83,23.9,83.5,Morning,0
T0071,North,Harbor,31,6.92,10.8,50.7,Evening,0
T0072,Airport,West,40,4.93,11.6,40.2,Night,0
T0073,University,Downtown,36,2.24,21.2,105.9,Night,0
T0074,East,Downtown,34,8.2,25.3,66.2,Night,1
T0075,East,Central,34,11.19,23.3,52.6,Afternoon,1
T0076,South,Central,28,9.13,16.9,44.1,Evening,0
T0077,West,Park,34,8.13,12.9,39.4,Night,1
T0078,North,Airport,24,11.63,17.7,79.9,Morning,1
T0079,South,Airport,24,10.24,27.3,80.6,Afternoon,0
T0080,University,Downtown,32,7.7,17.7,54.4,Afternoon,0
T0081,West,Harbor,25,7.61,10.7,44.6,Evening,0
T0082,Central,West,34,14.97,22.8,94.0,Evening,0
T0083,East,Downtown,34,11.81,4.0,14.4,Afternoon,0
T0084,East,Harbor,30,8.32,12.9,55.5,Morning,0
T0085,East,West,34,12.75,28.8,87.2,Morning,0
T0086,Park,University,30,2.24,26.3,126.1,Afternoon,0
T0087,University,West,33,9.49,18.6,60.8,Evening,1
T0088,Airport,University,22,4.15,6.4,28.9,Afternoon,0
T0089,South,Harbor,32,11.68,7.0,30.4,Evening,0
T0090,East,Park,29,13.94,18.0,37.8,Night,0
T0091,Harbor,Downtown,24,6.05,23.6,67.0,Morning,0
T0092,Central,University,31,8.96,6.3,18.4,Afternoon,0
T0093,South,Harbor,38,4.48,2.1,7.0,Afternoon,0
T0094,South,North,30,7.21,17.2,42.5,Morning,1
T0095,Downtown,South,28,10.37,12.9,26.7,Morning,1
T0096,University,Central,31,4.55,15.7,59.3,Afternoon,0
T0097,South,Central,31,12.47,29.7,113.0,Evening,1
T0098,East,Airport,23,6.21,3.5,13.7,Evening,1
T0099,South,West,32,13.84,19.1,57.5,Evening,0
T0100,Downtown,East,32,9.18,13.6,39.4,Night,1
T0101,University,Central,37,13.63,24.2,79.3,Morning,0
T0102,University,North,32,3.81,25.2,124.9,Afternoon,0
T0103,Downtown,West,22,5.56,17.1,67.5,Evening,0
T0104,Park,Airport,37,9.81,20.3,51.2,Night,0
T0105,Park,North,24,3.08,18.5,50.6,Afternoon,0
T0106,East,Central,34,14.34,12.5,60.8,Morning,0
T0107,Park,East,31,12.94,25.5,124.3,Morning,0
T0108,North,Airport,27,7.37,21.4,81.4,Afternoon,0
T0109,North,Airport,27,14.51,23.9,97.4,Afternoon,0
T0110,University,South,34,10.56,21.1,95.8,Morning,0
T0111,Park,Harbor,41,11.17,27.8,70.7,Afternoon,1
T0112,West,University,27,14.62,28.4,97.1,Night,1
T0113,North,University,25,3.0,21.2,64.0,Evening,0
T0114,University,Central,31,11.59,16.1,52.8,Night,0
T0115,South,North,30,12.38,29.9,91.4,Evening,0
T0116,West,Park,31,7.18,3.7,11.0,Afternoon,1
T0117,Central,East,29,13.09,21.8,81.9,Morning,1
T0118,Harbor,Central,28,14.43,24.1,67.0,Afternoon,1
T0119,University,North,32,8.66,7.7,19.5,Morning,0
T0120,South,Harbor,27,14.6,26.6,127.4,Night,0
T0121,Park,South,34,4.0,24.7,65.9,Morning,0
T0122,Harbor,East,31,13.41,8.7,20.8,Night,1
T0123,Park,Harbor,27,11.56,9.2,25.3,Morning,0
T0124,Park,North,21,10.88,3.2,14.6,Afternoon,0
T0125,South,East,27,9.35,8.7,40.5,Evening,0
T0126,Central,Park,27,14.09,4.1,16.7,Morning,1
T0127,Park,Harbor,23,11.67,5.7,25.2,Evening,0
T0128,Downtown,North,26,14.76,19.3,53.7,Evening,0
T0129,South,Downtown,26,7.62,25.4,80.6,Morning,1
T0130,Airport,East,24,14.31,5.8,25.1,Evening,0
T0131,Airport,Harbor,34,11.86,1.7,3.5,Afternoon,0
T0132,South,University,29,14.96,13.4,44.8,Morning,1
T0133,East,North,35,3.71,26.2,128.0,Morning,1
T0134,West,East,28,14.79,12.9,60.3,Morning,0
T0135,Central,Park,34,8.13,16.8,41.5,Morning,0
T0136,University,North,34,3.71,1.9,9.3,Evening,1
T0137,Harbor,Downtown,23,7.59,6.8,23.7,Morning,0
T0138,West,North,35,7.92,1.3,3.0,Afternoon,0
T0139,Airport,Park,22,14.83,5.1,17.9,Evening,1
T0140,Park,University,30,6.56,2.0,4.4,Afternoon,0
T0141,Downtown,North,36,10.72,28.6,67.8,Night,0
T0142,Harbor,Downtown,32,14.16,28.5,110.4,Evening,0
T0143,Downtown,East,31,12.19,14.9,31.7,Morning,0
T0144,North,Downtown,31,8.23,18.9,56.3,Afternoon,1
T0145,Downtown,West,33,9.22,21.9,58.7,Night,1
T0146,South,East,33,2.4,8.5,28.7,Night,1
T0147,University,East,32,11.98,15.6,56.8,Afternoon,0
T0148,Park,West,28,9.77,24.0,95.1,Night,0
T0149,South,North,32,3.71,21.8,102.9,Morning,0
T0150,North,University,29,7.68,3.8,12.3,Afternoon,0
T0151,East,North,21,6.06,12.6,57.5,Morning,0
T0152,University,East,25,4.21,16.1,48.4,Evening,0
T0153,East,Harbor,32,4.17,5.9,12.4,Evening,0
T0154,West,Central,36,9.61,26.2,68.5,Morning,0
T0155,North,Park,30,2.51,4.5,15.2,Night,0
T0156,Central,East,16,14.83,29.0,58.4,Night,0
T0157,Harbor,Downtown,29,8.36,20.3,49.2,Morning,0
T0158,North,University,24,11.5,5.5,14.9,Night,0
T0159,Central,University,35,12.34,27.6,105.1,Night,1
T0160,West,Park,22,14.99,2.4,11.8,Afternoon,1
T0161,Harbor,West,31,13.42,12.7,37.9,Evening,1
T0162,North,Park,27,6.88,9.6,37.9,Afternoon,0
T0163,Park,Downtown,31,9.13,18.3,66.6,Afternoon,0
T0164,South,Harbor,33,8.03,12.0,55.1,Afternoon,0
T0165,West,Park,28,9.54,16.5,63.0,Evening,1
T0166,North,Airport,24,10.42,27.0,73.8,Night,0
T0167,West,Downtown,24,10.03,16.2,64.8,Night,0
T0168,University,East,34,14.7,24.9,88.7,Morning,1
T0169,Downtown,University,26,4.41,27.6,90.4,Morning,1
T0170,University,Downtown,32,9.72,24.0,94.6,Morning,0
T0171,Park,University,35,5.32,9.8,41.0,Night,0
T0172,Harbor,North,35,7.51,5.4,14.7,Night,0
T0173,West,Central,24,4.99,7.0,27.3,Morning,0
T0174,Harbor,Park,33,7.57,21.8,88.9,Night,0
T0175,South,West,34,5.56,3.3,7.5,Night,0
T0176,University,Central,25,2.9,16.1,35.4,Evening,0
T0177,West,Harbor,38,8.93,10.4,31.2,Evening,1
T0178,North,Downtown,31,8.05,2.7,10.1,Night,0
T0179,Harbor,Downtown,31,7.85,22.9,69.8,Evening,1
T0180,Downtown,South,40,12.95,16.1,62.3,Morning,1
T0181,Central,Airport,33,5.94,8.6,26.6,Morning,1
T0182,Harbor,Central,27,7.81,18.4,65.3,Night,0
T0183,Airport,West,28,7.16,16.7,64.7,Evening,0
T0184,Airport,South,35,3.05,12.7,32.0,Evening,0
T0185,East,North,32,3.72,26.0,124.0,Afternoon,0
T0186,Airport,East,30,3.9,11.7,25.7,Morning,0
T0187,East,West,29,10.33,7.3,28.0,Evening,0
T0188,South,Airport,35,2.76,29.9,64.9,Evening,1
T0189,South,Park,23,5.94,3.9,16.0,Morning,0
T0190,Downtown,Harbor,36,5.98,19.1,68.4,Afternoon,0
T0191,East,South,28,12.76,22.3,96.0,Morning,0
T0192,West,Downtown,35,10.85,6.5,25.1,Afternoon,1
T0193,West,Airport,30,9.12,14.2,64.3,Morning,0
T0194,East,North,27,8.19,11.9,37.9,Afternoon,1
T0195,Central,Park,22,14.26,24.5,54.5,Morning,1
T0196,University,West,36,7.02,14.1,37.7,Night,0
T0197,South,Airport,34,10.84,2.2,5.0,Evening,0
T0198,University,South,34,5.85,11.1,48.2,Evening,0
T0199,Park,West,31,2.89,13.3,29.9,Afternoon,1
T0200,University,Harbor,32,4.67,4.5,17.4,Evening,0
T0201,Park,Downtown,35,14.74,18.5,69.2,Evening,1
T0202,North,Central,40,6.84,13.5,44.9,Evening,1
T0203,East,Airport,33,2.17,29.8,119.5,Afternoon,1
T0204,Harbor,North,32,14.72,22.7,83.4,Morning,0
T0205,Airport,Downtown,17,3.71,22.1,98.2,Morning,0
T0206,University,Airport,31,8.61,9.6,35.6,Evening,1
T0207,Harbor,West,24,2.12,8.2,34.1,Night,0
T0208,Park,North,25,11.53,18.9,48.4,Afternoon,1
T0209,East,West,28,3.94,9.9,45.7,Night,0
T0210,East,West,35,3.79,20.2,40.6,Morning,0
T0211,East,Park,28,13.37,15.8,65.9,Morning,0
T0212,East,West,18,9.79,18.5,38.2,Afternoon,0
T0213,South,Downtown,33,14.77,7.1,31.7,Afternoon,0
T0214,Downtown,Central,29,4.87,18.3,77.2,Night,1
T0215,Central,North,32,4.32,20.9,103.9,Evening,1
T0216,Park,West,24,6.35,1.8,3.6,Evening,0
T0217,Central,East,41,7.59,26.3,119.1,Morning,1
T0218,Park,West,33,2.65,27.2,128.7,Evening,0
T0219,Harbor,Airport,25,7.18,27.8,94.8,Morning,0
T0220,Park,Airport,26,13.78,8.2,23.2,Evening,0
T0221,Airport,Park,30,2.81,27.3,66.0,Afternoon,0
T0222,Downtown,Airport,38,10.63,28.9,106.5,Night,0
T0223,University,Park,23,4.49,10.8,31.6,Night,1
T0224,Harbor,Central,23,5.26,25.7,94.6,Afternoon,0
T0225,North,Park,35,9.97,7.6,34.3,Afternoon,0
T0226,Airport,Park,33,7.35,19.9,72.3,Morning,0
T0227,Park,South,25,4.14,10.6,45.2,Afternoon,0
T0228,West,Downtown,24,14.31,17.2,73.3,Afternoon,0
T0229,University,South,39,8.47,4.1,16.1,Evening,0
T0230,South,Airport,45,8.8,9.3,40.8,Afternoon,0
T0231,Downtown,Park,28,8.93,5.6,22.8,Evening,0
T0232,South,East,38,8.59,18.3,38.5,Afternoon,1
T0233,West,East,37,11.62,10.3,51.0,Afternoon,0
T0234,North,West,33,10.93,3.7,7.7,Evening,0
T0235,West,South,36,11.23,10.1,34.5,Evening,0
T0236,West,Harbor,30,6.36,6.0,25.0,Evening,0
T0237,West,South,23,7.85,22.7,89.8,Evening,0
T0238,West,South,22,2.05,20.8,52.0,Evening,1
T0239,Downtown,University,20,13.26,7.3,22.3,Morning,1
T0240,West,East,33,13.79,20.5,75.3,Morning,0
T0241,Airport,East,28,7.37,24.3,83.4,Morning,0
T0242,Park,Airport,26,5.8,27.4,116.8,Evening,0
T0243,Downtown,Park,27,5.66,26.3,61.5,Evening,0
T0244,University,Central,25,8.09,9.7,37.0,Morning,0
T0245,Harbor,East,37,6.43,29.7,115.1,Afternoon,1
T0246,South,North,31,5.28,7.4,25.6,Evening,0
T0247,Harbor,East,37,14.43,1.7,7.1,Morning,1
T0248,Harbor,South,38,9.89,19.3,72.9,Evening,0
T0249,Downtown,East,28,10.48,28.6,108.6,Evening,0
T0250,Downtown,Airport,20,6.7,14.7,31.4,Morning,0
T0251,Central,Park,27,4.55,18.7,53.2,Morning,0
T0252,Airport,Central,15,6.41,24.3,90.2,Afternoon,0
T0253,Harbor,Park,36,12.64,16.4,76.2,Afternoon,0
T0254,South,Central,28,13.47,20.5,56.8,Evening,0
T0255,Park,Downtown,37,11.33,25.1,53.2,Night,0
T0256,East,Central,29,3.57,13.1,55.9,Morning,0
T0257,Harbor,Downtown,29,10.4,26.8,101.6,Afternoon,0
T0258,Harbor,Park,23,10.29,22.5,80.7,Evening,1
T0259,North,Central,33,7.84,3.4,11.0,Night,1
T0260,Harbor,Downtown,36,7.04,25.7,82.6,Morning,0
T0261,Airport,North,28,9.53,23.0,52.9,Night,0
T0262,Harbor,Airport,33,6.87,5.8,19.2,Morning,1
T0263,Central,West,27,6.93,1.2,3.8,Evening,0
T0264,Central,Downtown,36,12.94,17.8,65.6,Morning,0
T0265,North,Airport,30,3.29,7.1,33.7,Afternoon,0
T0266,Airport,West,27,9.84,25.0,123.7,Morning,1
T0267,East,Central,28,9.04,5.5,20.0,Afternoon,1
T0268,Downtown,South,28,11.22,6.1,21.6,Evening,0
T0269,Downtown,East,27,3.81,13.9,53.8,Afternoon,0
T0270,Central,East,38,9.4,19.0,49.5,Afternoon,0
T0271,Central,Airport,31,14.53,27.4,114.1,Afternoon,1
T0272,West,Downtown,35,12.32,9.0,41.7,Night,0
T0273,South,West,37,6.88,9.3,24.2,Evening,0
T0274,Harbor,South,31,14.75,12.8,57.5,Evening,0
T0275,South,Park,19,10.32,9.7,26.3,Afternoon,0
T0276,West,University,33,11.0,4.9,14.2,Afternoon,1
T0277,University,South,33,5.83,1.4,6.0,Evening,1
T0278,West,Harbor,33,7.19,22.0,62.4,Evening,0
T0279,South,Harbor,22,14.32,3.1,15.1,Afternoon,0
T0280,University,Central,30,11.19,2.5,5.5,Afternoon,0
T0281,North,University,28,3.98,8.7,18.0,Afternoon,1
T0282,Central,Park,25,4.79,13.1,55.9,Morning,1
T0283,Park,East,32,10.87,8.0,33.2,Evening,1
T0284,Airport,East,23,5.53,15.4,43.9,Morning,0
T0285,Harbor,Central,27,8.64,2.4,6.7,Evening,0
T0286,North,Harbor,34,3.32,11.4,32.2,Evening,0
T0287,East,North,38,13.83,11.9,58.4,Morning,0
T0288,Park,Central,40,10.79,5.0,13.9,Night,0
T0289,University,Central,26,10.25,30.0,69.4,Afternoon,0
T0290,Harbor,South,29,6.79,11.7,25.3,Evening,0
T0291,East,North,25,8.14,26.5,70.2,Evening,0
T0292,North,Park,23,11.6,10.2,39.9,Afternoon,1
T0293,Airport,Central,38,6.78,2.7,6.3,Afternoon,0
T0294,West,Airport,27,5.47,22.0,102.0,Morning,0
T0295,Central,West,29,4.86,4.8,22.0,Afternoon,0
T0296,Harbor,North,24,6.32,10.9,46.0,Morning,0
T0297,West,East,31,10.78,16.9,75.7,Evening,0
T0298,Airport,East,38,14.19,18.5,63.3,Morning,0
T0299,East,Harbor,41,14.89,16.8,82.1,Morning,0
T0300,Park,Downtown,23,12.16,17.8,43.4,Evening,0
T0301,Central,North,42,11.42,16.6,36.3,Evening,0
T0302,North,Airport,30,2.58,13.1,37.9,Evening,0
T0303,Park,West,44,14.07,23.1,84.0,Morning,0
T0304,South,Downtown,29,2.65,25.5,125.9,Evening,1
T0305,Airport,Park,26,9.72,3.1,12.1,Night,0
T0306,South,North,33,14.39,29.0,92.3,Night,1
T0307,East,Central,29,14.48,23.1,105.7,Evening,1
T0308,East,Airport,28,12.46,2.3,10.3,Morning,0
T0309,Airport,West,26,13.63,1.0,4.8,Morning,1
T0310,North,East,30,8.26,19.4,44.1,Morning,0
T0311,Downtown,Central,35,9.33,11.4,45.3,Morning,0
T0312,East,West,34,14.43,5.3,21.4,Morning,0
T0313,University,South,29,12.92,5.2,17.0,Night,1
T0314,West,Airport,38,4.66,8.4,24.3,Afternoon,0
T0315,Harbor,East,26,7.98,3.8,16.8,Morning,1
T0316,University,Harbor,32,13.39,16.6,47.4,Afternoon,0
T0317,West,Park,30,14.65,7.6,22.0,Afternoon,0
T0318,South,Downtown,25,11.64,25.6,83.7,Afternoon,0
T0319,Harbor,South,24,13.73,24.4,120.9,Evening,0
T0320,West,Harbor,33,9.08,21.6,54.0,Evening,0
T0321,Park,Airport,26,5.86,21.7,92.9,Morning,0
T0322,Harbor,South,28,12.76,21.2,87.9,Afternoon,1
T0323,Downtown,University,37,2.4,2.5,6.1,Morning,0
T0324,West,South,22,10.72,13.6,49.7,Afternoon,0
T0325,East,West,28,12.91,1.3,5.5,Night,0
T0326,East,Harbor,33,9.1,29.0,62.6,Afternoon,1
T0327,Airport,Harbor,24,9.19,12.5,29.9,Night,0
T0328,East,University,27,8.52,3.1,9.0,Night,1
T0329,Downtown,South,32,4.12,6.4,13.2,Afternoon,0
T0330,Central,Downtown,27,7.26,3.0,13.0,Morning,0
T0331,South,Downtown,27,6.86,28.4,111.4,Evening,0
T0332,Downtown,South,35,14.87,10.4,50.3,Night,0
T0333,Park,Central,22,14.73,17.1,44.0,Afternoon,0
T0334,Central,University,26,8.28,8.8,25.2,Evening,1
T0335,Downtown,University,20,11.05,14.3,32.5,Afternoon,0
T0336,Airport,South,28,7.86,20.5,76.8,Afternoon,0
T0337,North,West,42,4.01,28.4,119.5,Night,0
T0338,Airport,East,33,7.31,1.4,5.4,Morning,0
T0339,Central,West,34,11.61,7.2,28.9,Afternoon,1
T0340,North,East,38,12.49,26.0,115.6,Afternoon,0
T0341,South,Harbor,25,10.72,21.3,55.7,Evening,1
T0342,East,Central,25,5.22,2.8,9.5,Evening,0
T0343,North,University,36,12.7,28.0,101.9,Morning,0
T0344,Central,University,34,2.89,11.8,56.0,Afternoon,0
T0345,Central,North,38,12.24,14.2,55.2,Morning,1
T0346,Park,University,29,14.17,2.9,12.8,Morning,0
T0347,Harbor,East,31,8.1,1.8,4.8,Morning,1
T0348,Airport,North,28,3.45,16.0,69.6,Night,1
T0349,South,West,29,2.1,27.8,92.6,Afternoon,0
T0350,Park,East,37,4.81,24.5,106.7,Evening,0
T0351,Park,Downtown,25,13.75,3.3,14.6,Afternoon,0
T0352,West,University,34,9.94,5.7,22.7,Morning,0
T0353,Downtown,Central,30,5.86,16.7,50.7,Afternoon,1
T0354,South,East,25,9.9,8.1,17.6,Afternoon,0
T0355,University,Harbor,33,11.8,6.9,20.6,Afternoon,0
T0356,Central,Airport,22,3.86,21.1,55.2,Afternoon,1
T0357,Downtown,Central,42,9.95,25.9,104.0,Afternoon,1
T0358,Park,Harbor,34,11.78,14.5,67.0,Morning,0
T0359,Airport,Park,30,12.67,12.7,44.0,Morning,0
T0360,Harbor,University,25,8.23,6.3,26.5,Evening,0
T0361,Central,South,28,7.64,29.9,110.0,Afternoon,0
T0362,Airport,Harbor,20,8.04,22.0,87.2,Evening,0
T0363,North,Central,28,3.24,4.0,8.6,Afternoon,0
T0364,Park,West,30,10.81,23.0,47.0,Morning,1
T0365,Downtown,Park,27,4.06,8.5,32.4,Afternoon,1
T0366,Park,West,31,5.99,13.0,53.9,Afternoon,0
T0367,Harbor,University,32,13.29,22.0,93.2,Afternoon,0
T0368,North,East,36,12.35,8.9,36.2,Morning,1
T0369,Central,Airport,33,9.74,8.7,34.6,Evening,1
T0370,Downtown,University,24,11.09,11.7,38.5,Morning,0
T0371,Airport,West,32,12.19,13.4,35.0,Afternoon,1
T0372,Downtown,Harbor,33,11.72,24.6,101.2,Night,1
T0373,Park,South,23,6.69,23.7,87.8,Afternoon,0
T0374,South,Downtown,32,2.51,25.3,97.5,Afternoon,0
T0375,West,South,34,11.2,12.3,33.0,Afternoon,1
T0376,North,University,32,8.1,13.8,48.2,Night,0
T0377,Airport,Park,30,12.83,11.5,52.8,Morning,1
T0378,West,University,33,10.43,9.0,22.2,Evening,0
T0379,University,Airport,29,12.89,5.9,12.2,Evening,0
T0380,University,Airport,38,12.84,19.6,43.9,Evening,0
T0381,Airport,East,21,13.45,26.6,105.8,Morning,1
T0382,University,West,23,4.81,21.0,80.2,Evening,1
T0383,West,East,27,7.15,20.4,95.4,Afternoon,0
T0384,North,South,29,8.17,2.6,12.6,Morning,0
T0385,East,South,22,4.02,7.0,27.3,Morning,0
T0386,Park,Downtown,28,5.93,29.3,73.5,Night,1
T0387,Airport,Harbor,23,8.3,9.8,36.1,Evening,0
T0388,Airport,Harbor,27,2.04,6.1,28.0,Afternoon,1
T0389,Park,Harbor,34,6.73,6.5,19.9,Afternoon,1
T0390,Central,University,38,4.54,15.2,64.2,Afternoon,0
T0391,South,University,22,7.41,15.9,74.9,Night,1
T0392,Airport,South,34,13.3,12.7,62.3,Night,1
T0393,Airport,Downtown,37,13.11,15.2,49.0,Night,0
T0394,Airport,Harbor,31,12.21,8.3,40.1,Night,0
T0395,West,East,33,4.84,26.3,72.4,Morning,0
T0396,Park,North,18,5.02,8.7,31.9,Morning,0
T0397,University,North,35,2.08,23.4,96.1,Evening,1
T0398,Central,University,41,11.21,14.8,59.5,Evening,0
T0399,Central,Harbor,25,8.09,23.4,55.5,Evening,0
T0400,Harbor,East,35,4.8,10.7,36.5,Evening,1
T0401,University,Harbor,40,9.94,6.8,14.7,Afternoon,0
T0402,Central,Airport,31,7.04,2.9,6.0,Evening,0
T0403,Harbor,Central,25,2.39,28.9,115.6,Night,0
T0404,Central,Downtown,33,13.03,28.5,132.5,Evening,0
T0405,East,West,33,6.51,13.6,59.8,Morning,0
T0406,University,Central,41,4.58,5.8,15.7,Evening,0
T0407,Downtown,Park,39,2.07,2.7,12.9,Evening,0
T0408,South,East,26,14.24,23.7,80.4,Night,0
T0409,North,University,39,10.98,8.9,22.8,Morning,0
T0410,Harbor,East,36,11.55,16.4,47.0,Afternoon,0
T0411,East,Park,24,9.11,27.2,82.4,Evening,0
T0412,North,Airport,36,10.54,27.1,86.5,Afternoon,0
T0413,Downtown,West,21,6.7,3.7,13.8,Morning,1
T0414,North,Central,33,13.23,7.5,34.5,Evening,1
T0415,Airport,Park,25,3.5,1.8,6.4,Morning,1
T0416,Central,North,23,13.67,22.6,50.4,Night,1
T0417,Central,North,31,12.85,11.4,54.0,Afternoon,0
T0418,University,Airport,34,5.58,6.9,14.2,Evening,0
T0419,Downtown,Park,27,10.5,19.0,56.8,Night,1
T0420,Downtown,University,30,2.57,21.1,83.3,Morning,0
T0421,Park,University,27,13.69,28.9,96.3,Evening,0
T0422,West,East,31,13.79,5.5,14.7,Afternoon,1
T0423,South,Downtown,26,12.87,2.5,8.3,Afternoon,0
T0424,South,Downtown,30,7.57,22.2,99.4,Morning,1
T0425,Airport,Harbor,36,6.93,27.5,75.8,Evening,0
T0426,Harbor,West,38,13.5,17.2,77.3,Evening,0
T0427,East,Central,34,10.72,24.4,117.9,Afternoon,1
T0428,Park,South,29,5.96,6.7,14.8,Night,0
T0429,East,University,29,4.22,13.1,56.1,Night,0
T0430,Park,Downtown,35,4.08,10.7,23.9,Morning,1
T0431,Airport,University,23,13.29,27.9,90.8,Morning,0
T0432,Central,East,28,9.58,1.3,5.8,Afternoon,0
T0433,East,University,30,11.77,4.8,17.1,Morning,0
T0434,Central,North,25,14.1,3.8,12.6,Afternoon,1
T0435,Downtown,University,18,7.75,10.7,34.1,Afternoon,0
T0436,Park,West,35,4.0,5.3,14.9,Afternoon,0
T0437,North,Airport,36,6.39,24.3,66.5,Night,0
T0438,East,West,27,3.44,19.8,91.6,Evening,0
T0439,East,North,28,11.59,11.5,46.0,Morning,0
T0440,Park,Harbor,33,13.26,9.4,32.0,Evening,0
T0441,North,South,27,13.06,6.8,32.9,Evening,1
T0442,Downtown,West,35,12.64,2.2,10.1,Night,0
T0443,West,University,26,3.34,4.7,23.0,Evening,1
T0444,South,Central,41,2.07,1.0,3.3,Morning,0
T0445,Park,University,27,10.48,8.3,32.7,Morning,0
T0446,North,Park,31,3.64,1.8,7.0,Evening,1
T0447,Downtown,North,29,4.27,9.6,38.2,Night,0
T0448,West,East,31,2.9,3.6,13.7,Afternoon,1
T0449,Airport,Harbor,34,14.93,18.6,54.3,Evening,0
T0450,Airport,South,26,3.06,27.8,82.8,Morning,0
T0451,Airport,Central,33,6.46,4.9,11.2,Evening,1
T0452,North,Airport,22,11.48,23.6,55.6,Morning,1
T0453,Central,East,23,12.6,26.9,120.4,Night,0
T0454,Harbor,Airport,25,8.24,5.0,11.2,Evening,1
T0455,Airport,South,38,6.16,14.8,43.8,Afternoon,1
T0456,University,South,28,10.67,4.5,16.6,Morning,1
T0457,South,Downtown,35,11.98,9.9,34.5,Evening,0
T0458,University,East,31,5.67,9.6,27.3,Evening,0
T0459,Downtown,South,31,5.04,19.5,87.0,Morning,0
T0460,Airport,East,27,13.67,24.5,91.8,Evening,0
T0461,Downtown,East,24,9.23,11.4,54.0,Morning,0
T0462,Harbor,Park,36,14.57,19.2,92.1,Evening,0
T0463,Airport,Park,26,9.6,29.1,91.2,Morning,0
T0464,East,South,29,7.21,4.3,20.2,Afternoon,0
T0465,West,Downtown,32,12.58,28.3,111.6,Night,0
T0466,Park,Harbor,32,7.22,10.8,25.7,Afternoon,0
T0467,Central,West,25,9.18,18.3,84.3,Afternoon,0
T0468,South,West,31,9.36,27.3,87.2,Morning,0
T0469,East,Airport,21,11.82,18.0,80.8,Morning,0
T0470,East,North,27,10.82,10.4,51.5,Afternoon,0
T0471,University,Harbor,28,9.55,28.1,113.0,Afternoon,1
T0472,Airport,University,36,3.72,13.8,54.1,Afternoon,0
T0473,South,University,38,4.81,13.8,29.7,Evening,1
T0474,North,West,28,9.21,25.0,97.2,Evening,0
T0475,Downtown,University,32,10.13,17.6,44.9,Morning,0
T0476,Park,West,30,10.66,3.3,11.1,Morning,0
T0477,South,Downtown,28,14.38,26.6,74.9,Morning,0
T0478,South,Airport,25,3.48,27.6,119.6,Evening,1
T0479,Central,Airport,29,9.66,14.2,47.5,Night,1
T0480,Park,Harbor,24,10.98,22.1,47.4,Night,0
T0481,North,Park,18,11.96,13.0,51.5,Afternoon,0
T0482,Harbor,North,22,4.2,2.5,9.5,Morning,0
T0483,North,South,32,12.97,10.4,42.3,Night,1
T0484,University,Park,32,9.96,1.5,3.8,Evening,0
T0485,Central,East,30,4.36,28.8,134.3,Evening,0
T0486,Airport,University,31,10.23,23.3,116.1,Morning,1
T0487,Airport,West,29,7.32,11.3,32.8,Evening,1
T0488,North,University,25,4.58,10.1,27.1,Morning,1
T0489,South,University,35,5.4,21.2,78.3,Evening,1
T0490,Central,University,27,2.79,21.1,53.8,Afternoon,0
T0491,Harbor,Airport,21,3.36,4.7,17.6,Morning,0
T0492,Central,West,28,13.66,6.7,13.8,Night,0
T0493,Harbor,North,32,9.95,9.6,26.5,Afternoon,0
T0494,University,Downtown,28,9.72,18.1,39.9,Evening,0
T0495,Park,Harbor,25,7.2,24.5,50.1,Evening,0
T0496,Harbor,East,26,9.25,21.5,85.7,Evening,1
T0497,East,Park,37,5.0,27.0,74.8,Morning,0
T0498,East,Harbor,29,13.85,2.2,7.7,Evening,1
T0499,Downtown,Harbor,35,7.02,11.8,55.2,Morning,0
T0500,East,University,23,11.48,17.7,46.3,Afternoon,0
T0501,North,Downtown,27,7.18,1.2,4.3,Night,1
T0502,Harbor,East,35,11.95,5.2,20.5,Evening,0
T0503,Central,Park,38,12.56,3.4,12.9,Afternoon,0
T0504,Downtown,North,27,10.7,7.7,21.0,Afternoon,0
T0505,Airport,South,42,10.61,22.8,101.2,Night,0
T0506,Downtown,Park,21,10.12,19.5,57.0,Night,1
T0507,Airport,University,28,12.87,16.9,43.4,Evening,0
T0508,Central,East,40,7.23,14.6,60.1,Night,0
T0509,University,East,22,13.52,2.4,11.6,Evening,0
T0510,University,South,32,3.72,29.4,110.0,Night,1
T0511,Central,South,28,6.47,16.1,53.5,Night,0
T0512,Harbor,Airport,19,8.16,14.1,64.9,Afternoon,0
T0513,West,Downtown,32,7.95,8.4,35.9,Afternoon,0
T0514,Airport,Central,39,2.71,6.9,22.5,Morning,0
T0515,East,Downtown,36,4.18,4.5,9.9,Evening,1
T0516,Central,North,22,6.53,11.9,45.9,Evening,0
T0517,East,Downtown,22,11.75,9.0,34.7,Morning,0
T0518,Central,Airport,33,13.41,23.4,94.0,Morning,0
T0519,East,South,35,9.31,9.1,39.6,Night,0
T0520,North,Airport,30,6.24,28.7,67.8,Morning,1
T0521,Airport,Harbor,27,5.04,3.0,7.6,Afternoon,0
T0522,South,Downtown,34,12.92,10.8,44.7,Night,0
T0523,Downtown,Park,34,6.24,1.6,6.9,Morning,1
T0524,Airport,West,24,11.59,5.0,16.7,Afternoon,0
T0525,Central,West,40,12.66,26.8,69.5,Morning,0
T0526,East,University,31,4.53,14.0,62.7,Evening,0
T0527,Central,Downtown,22,12.31,7.4,18.9,Night,0
T0528,Park,Central,17,7.1,28.5,69.0,Evening,0
T0529,Downtown,Airport,28,6.45,19.2,49.5,Morning,1
T0530,Downtown,University,38,12.51,3.0,9.0,Afternoon,0
T0531,Downtown,University,36,9.18,8.0,26.3,Night,0
T0532,South,Harbor,31,11.87,21.7,55.9,Afternoon,0
T0533,East,North,38,10.89,1.7,7.1,Afternoon,0
T0534,West,Airport,28,3.91,9.6,21.9,Night,0
T0535,Harbor,University,27,4.1,29.0,75.9,Evening,0
T0536,Downtown,Harbor,21,11.48,9.7,37.0,Morning,1
T0537,East,North,30,9.53,2.6,7.6,Afternoon,0
T0538,Downtown,South,21,10.99,8.6,33.3,Evening,0
T0539,Central,East,31,12.55,10.9,36.0,Evening,0
T0540,East,West,41,11.64,24.3,110.4,Afternoon,0
T0541,Park,Airport,33,11.74,11.4,44.3,Morning,1
T0542,Park,Downtown,30,6.95,4.1,14.7,Afternoon,0
T0543,Central,North,33,7.81,4.6,12.0,Morning,0
T0544,Harbor,Downtown,25,12.91,17.0,41.7,Evening,0
T0545,University,North,37,6.02,28.2,99.9,Afternoon,0
T0546,North,West,36,7.12,14.7,67.2,Afternoon,1
T0547,West,University,36,7.59,5.8,23.9,Afternoon,0
T0548,Airport,Central,30,12.87,21.4,102.5,Evening,0
T0549,Downtown,Airport,30,2.69,22.1,52.1,Afternoon,0
T0550,Downtown,East,24,11.25,27.1,101.4,Morning,0
T0551,Park,North,24,8.33,1.7,4.7,Afternoon,0
T0552,West,East,25,4.42,3.5,11.5,Evening,0
T0553,West,Downtown,31,14.13,27.8,97.3,Afternoon,1
T0554,Airport,Downtown,27,2.16,17.0,71.9,Afternoon,0
T0555,University,West,30,5.08,15.0,49.4,Morning,0
T0556,Park,Harbor,35,9.5,4.5,9.4,Morning,1
T0557,Downtown,Harbor,41,3.31,12.4,47.8,Night,0
T0558,North,Harbor,32,5.01,12.7,63.4,Night,0
T0559,Central,Harbor,30,10.91,9.4,24.5,Morning,0
T0560,University,North,19,13.87,18.7,68.1,Morning,0
T0561,Park,University,31,3.29,1.5,7.2,Afternoon,0
T0562,North,Airport,28,6.5,2.0,8.6,Evening,0
T0563,West,East,32,6.03,6.9,32.4,Evening,0
T0564,East,Airport,28,11.05,28.4,141.5,Afternoon,0
T0565,Central,University,25,4.65,23.3,76.4,Afternoon,0
T0566,Harbor,West,27,8.57,12.7,49.5,Evening,0
T0567,North,South,33,14.2,9.0,26.9,Evening,1
T0568,South,Park,25,7.19,8.0,21.0,Night,1
T0569,University,East,35,13.3,6.2,30.2,Morning,0
T0570,Harbor,East,30,5.15,9.5,45.1,Morning,0
T0571,Central,University,33,14.4,26.1,97.4,Evening,0
T0572,Airport,University,29,7.34,15.6,31.6,Evening,0
T0573,University,South,30,8.07,11.4,41.3,Evening,0
T0574,East,South,33,13.22,14.9,33.0,Afternoon,0
T0575,Park,Downtown,24,12.7,10.0,32.1,Afternoon,1
T0576,South,North,24,11.3,29.2,76.1,Morning,0
T0577,North,South,30,13.58,14.4,59.3,Night,0
T0578,University,Central,34,4.4,2.1,4.4,Evening,0
T0579,East,Harbor,29,12.19,1.3,5.6,Night,0
T0580,Central,West,30,13.54,26.9,81.0,Evening,1
T0581,University,Downtown,18,13.58,8.6,29.4,Afternoon,1
T0582,South,Central,31,4.01,13.7,48.5,Morning,0
T0583,North,Airport,29,7.11,8.5,25.9,Evening,0
T0584,South,East,33,9.93,28.3,123.6,Morning,0
T0585,East,South,26,8.93,12.8,32.0,Night,1
T0586,East,Harbor,19,3.35,9.6,21.7,Evening,0
T0587,University,South,30,6.39,21.5,55.0,Evening,0
T0588,Downtown,Airport,29,9.43,26.0,63.0,Afternoon,1
T0589,Airport,North,28,7.95,12.4,57.2,Morning,1
T0590,South,North,26,13.64,29.0,96.7,Afternoon,0
T0591,Airport,University,22,3.38,24.8,60.0,Evening,0
T0592,Park,West,34,11.93,15.9,69.0,Afternoon,0
T0593,Central,West,28,13.05,12.0,42.0,Morning,0
T0594,Park,South,25,2.39,25.5,86.1,Morning,0
T0595,Park,South,20,6.52,19.0,69.0,Morning,0
T0596,Central,West,25,11.15,7.3,22.6,Afternoon,1
T0597,South,East,29,11.32,11.4,32.0,Afternoon,0
T0598,Airport,Central,24,10.26,29.8,129.1,Morning,0
T0599,Park,Airport,27,5.82,13.9,58.3,Evening,1
T0600,Harbor,Park,33,13.9,5.5,23.6,Afternoon,0
T0601,South,Harbor,27,13.56,17.5,68.2,Afternoon,0
T0602,Downtown,North,40,10.48,2.5,8.4,Afternoon,0
T0603,Airport,University,22,12.5,23.3,54.5,Evening,1
T0604,West,Central,32,8.87,2.0,7.8,Morning,0
T0605,Park,North,25,9.61,15.2,54.2,Evening,0
T0606,West,University,29,11.65,19.7,57.9,Evening,0
T0607,Downtown,West,23,12.67,29.1,97.9,Afternoon,0
T0608,Airport,South,29,12.26,18.5,73.2,Night,0
T0609,Central,Airport,28,2.28,3.7,14.8,Night,0
T0610,South,University,35,9.65,7.2,16.4,Morning,0
T0611,Park,West,37,12.2,28.5,80.4,Afternoon,1
T0612,Airport,Central,33,2.74,10.9,43.8,Morning,0
T0613,South,West,37,8.51,17.6,42.5,Night,0
T0614,Central,Airport,33,5.31,19.3,40.0,Evening,0
T0615,North,Park,30,10.89,22.8,95.5,Night,0
T0616,West,Downtown,42,3.62,16.2,37.8,Morning,1
T0617,Harbor,Park,45,5.39,25.3,105.0,Evening,1
T0618,Park,East,26,5.98,23.0,88.8,Morning,0
T0619,Harbor,Airport,27,6.19,23.5,52.1,Evening,1
T0620,Airport,West,30,5.9,1.6,5.1,Morning,1
T0621,Harbor,South,34,5.06,15.3,72.8,Morning,0
T0622,South,Harbor,30,3.91,19.7,53.2,Morning,0
T0623,Central,East,24,14.79,27.3,59.1,Evening,0
T0624,Downtown,Central,38,10.54,27.3,68.4,Night,0
T0625,East,Central,29,12.64,10.7,40.0,Afternoon,0
T0626,West,South,23,4.56,3.8,9.6,Night,1
T0627,North,Park,28,4.84,2.6,5.3,Morning,0
T0628,Central,East,24,10.77,29.4,145.8,Evening,0
T0629,East,North,22,13.83,12.1,47.1,Afternoon,0
T0630,South,Airport,41,13.37,22.4,61.8,Morning,0
T0631,Harbor,North,34,11.35,1.8,5.7,Evening,0
T0632,Downtown,South,28,3.4,1.5,7.0,Morning,1
T0633,Harbor,Park,25,10.62,29.0,137.7,Afternoon,1
T0634,Airport,West,24,3.3,8.9,39.5,Afternoon,0
T0635,Park,North,29,14.82,24.8,70.6,Morning,0
T0636,North,South,27,2.82,18.7,92.7,Afternoon,1
T0637,Downtown,Airport,31,2.45,19.4,88.8,Afternoon,0
T0638,Central,North,34,13.83,5.5,21.3,Morning,0
T0639,West,North,27,10.09,26.6,129.6,Morning,1
T0640,South,Airport,27,10.97,28.4,110.7,Afternoon,0
T0641,North,University,34,13.41,8.8,43.6,Afternoon,0
T0642,University,West,29,9.52,18.3,77.3,Morning,0
T0643,Central,South,25,6.66,29.9,102.8,Afternoon,0
T0644,Central,Downtown,35,11.34,18.0,62.6,Morning,0
T0645,Park,Airport,36,8.33,28.1,110.0,Night,0
T0646,University,North,40,4.36,9.8,21.0,Afternoon,1
T0647,North,East,40,6.97,1.8,8.3,Afternoon,0
T0648,South,East,29,14.51,29.0,83.1,Afternoon,1
T0649,North,Park,27,14.84,12.3,51.6,Evening,0
T0650,South,Downtown,16,14.03,11.6,26.8,Evening,0
T0651,University,Downtown,32,2.41,4.5,17.7,Night,0
T0652,West,Park,23,2.48,3.3,13.4,Evening,0
T0653,South,University,35,12.47,25.7,73.6,Night,0
T0654,Central,South,31,10.39,1.5,7.3,Morning,0
T0655,North,Harbor,31,10.66,24.9,50.7,Afternoon,0
T0656,Airport,East,33,11.95,15.1,36.9,Evening,0
T0657,South,Park,21,11.91,18.0,50.3,Morning,0
T0658,West,East,30,11.8,4.8,17.6,Afternoon,0
T0659,Park,Downtown,35,7.82,4.0,8.1,Evening,1
T0660,North,West,21,6.16,23.1,101.9,Afternoon,0
T0661,West,University,29,11.1,23.0,53.3,Afternoon,1
T0662,Central,University,30,8.96,12.4,56.5,Afternoon,0
T0663,Downtown,Central,36,6.33,15.3,56.8,Morning,1
T0664,West,North,27,5.1,28.5,83.2,Morning,0
T0665,Central,University,27,9.17,11.3,37.9,Night,0
T0666,Central,Park,30,11.5,3.2,12.9,Morning,0
T0667,Downtown,Central,39,8.01,24.7,100.2,Morning,1
T0668,University,Central,30,3.61,4.6,17.2,Evening,0
T0669,East,North,23,8.42,14.2,29.9,Evening,0
T0670,West,South,28,13.25,18.5,77.3,Morning,0
T0671,West,Airport,34,3.01,1.5,3.5,Afternoon,1
T0672,Downtown,South,29,3.41,26.4,114.8,Morning,0
T0673,Airport,South,33,11.42,15.7,63.2,Morning,1
T0674,South,Downtown,30,2.21,22.2,103.4,Morning,0
T0675,Harbor,South,31,5.93,14.3,40.7,Afternoon,0
T0676,Airport,Downtown,31,11.4,15.7,55.0,Morning,0
T0677,Central,Downtown,27,3.89,21.2,83.4,Evening,1
T0678,Airport,Downtown,32,13.62,16.1,45.0,Evening,1
T0679,North,South,35,13.55,21.1,57.6,Night,0
T0680,North,Harbor,28,3.97,24.2,99.6,Morning,0
T0681,West,North,43,6.61,15.6,54.3,Morning,0
T0682,Park,East,24,7.45,12.3,49.3,Morning,0
T0683,South,Park,34,4.17,24.1,100.4,Morning,0
T0684,Downtown,Harbor,22,2.48,27.6,111.0,Night,1
T0685,South,Downtown,36,14.76,3.8,11.1,Evening,0
T0686,Harbor,North,29,14.5,23.5,90.8,Evening,1
T0687,University,South,30,6.99,13.9,33.7,Morning,0
T0688,Park,North,27,14.54,21.8,108.6,Evening,0
T0689,Downtown,Harbor,28,11.14,1.6,6.3,Morning,0
T0690,West,Harbor,28,13.03,26.8,92.4,Evening,0
T0691,Central,North,34,10.42,1.8,7.1,Afternoon,0
T0692,Harbor,University,28,2.69,2.1,8.7,Afternoon,0
T0693,Park,Downtown,23,11.91,27.1,108.3,Morning,0
T0694,Airport,University,29,5.56,29.4,111.5,Evening,0
T0695,Downtown,University,35,7.82,28.7,136.6,Afternoon,0
T0696,Harbor,University,39,10.18,8.5,37.2,Evening,0
T0697,Central,West,39,4.5,18.6,74.9,Afternoon,1
T0698,West,Downtown,32,2.36,8.2,27.5,Evening,0
T0699,Downtown,West,36,10.43,22.1,86.2,Morning,0
T0700,University,Downtown,39,9.13,24.1,90.3,Night,0
T0701,University,Harbor,27,4.71,7.0,17.9,Morning,0
T0702,Harbor,Downtown,34,14.85,14.5,31.5,Morning,0
T0703,West,North,28,8.41,6.2,26.3,Morning,0
T0704,West,Downtown,31,3.49,4.7,16.7,Morning,0
T0705,East,South,25,14.99,19.0,62.7,Morning,0
T0706,North,University,21,8.49,18.4,40.3,Evening,0
T0707,East,North,30,13.08,11.3,31.6,Night,1
T0708,Park,Airport,35,10.45,22.9,88.4,Afternoon,1
T0709,University,South,32,7.28,29.1,68.1,Morning,0
T0710,Downtown,Central,26,11.18,7.9,25.0,Afternoon,1
T0711,Downtown,Park,23,14.52,18.6,92.2,Evening,0
T0712,South,West,37,2.68,23.7,107.5,Evening,0
T0713,North,University,25,12.3,6.4,14.1,Night,0
T0714,South,University,28,9.21,27.1,129.7,Morning,0
T0715,Downtown,South,29,4.45,24.3,119.3,Morning,0
T0716,Harbor,Central,31,3.88,13.8,41.5,Afternoon,0
T0717,East,South,34,6.76,2.5,10.8,Night,0
T0718,Airport,Park,28,4.47,24.7,58.1,Evening,0
T0719,Park,Downtown,31,4.2,19.5,95.9,Evening,0
T0720,University,Harbor,30,13.86,26.3,92.3,Afternoon,0
T0721,Central,Airport,24,7.9,9.7,30.7,Night,1
T0722,Central,Harbor,30,6.76,24.4,87.1,Morning,0
T0723,Airport,East,41,13.3,23.2,63.5,Morning,0
T0724,Airport,Park,25,8.52,22.0,51.6,Afternoon,0
T0725,Park,Central,36,12.5,21.1,77.4,Evening,0
T0726,East,Central,20,9.93,8.4,27.1,Evening,0
T0727,Airport,South,21,5.42,22.0,56.5,Night,0
T0728,North,South,27,5.11,13.1,36.1,Afternoon,0
T0729,Central,South,28,7.04,24.1,70.3,Morning,1
T0730,East,North,35,10.4,26.3,55.9,Evening,0
T0731,University,Harbor,37,5.39,26.4,112.4,Morning,0
T0732,Central,Downtown,28,9.07,3.1,13.6,Morning,0
T0733,Park,South,28,6.97,9.8,20.4,Morning,0
T0734,Airport,North,26,4.96,10.8,37.9,Afternoon,0
T0735,Park,Downtown,29,7.69,7.7,22.1,Evening,0
T0736,South,Downtown,29,3.17,10.8,24.5,Night,1
T0737,East,North,23,11.21,6.2,28.7,Afternoon,0
T0738,Park,South,35,13.1,22.4,104.0,Afternoon,1
T0739,South,Park,34,8.74,18.0,45.5,Night,0
T0740,Airport,University,39,2.82,18.3,69.8,Morning,1
T0741,Park,East,27,13.31,19.4,48.5,Afternoon,0
T0742,Park,West,18,8.26,15.6,46.0,Evening,1
T0743,Harbor,North,31,5.95,12.6,37.0,Afternoon,0
T0744,Downtown,Central,30,3.44,7.4,25.0,Afternoon,1
T0745,Harbor,University,27,12.06,2.5,5.1,Evening,0
T0746,West,Central,37,8.27,16.1,79.3,Night,0
T0747,North,South,30,14.51,9.4,42.9,Afternoon,0
T0748,Park,West,23,10.05,5.6,27.6,Night,0
T0749,Park,North,24,7.84,18.4,40.7,Morning,1
T0750,Central,East,35,6.25,19.2,54.3,Night,0
T0751,Park,University,20,5.94,12.4,31.5,Afternoon,1
T0752,South,Park,21,6.42,25.8,85.3,Morning,0
T0753,University,West,35,6.18,14.5,70.0,Night,0
T0754,Central,East,30,13.71,28.0,88.1,Afternoon,1
T0755,Park,University,29,4.59,2.1,8.2,Morning,0
T0756,Central,West,30,14.71,6.8,18.0,Morning,0
T0757,University,East,39,7.36,28.1,60.3,Morning,0
T0758,East,Park,28,11.39,26.0,103.0,Afternoon,0
T0759,University,South,29,9.4,12.1,51.7,Afternoon,0
T0760,East,Central,35,4.97,26.6,54.8,Evening,0
T0761,University,East,28,10.8,21.4,104.1,Afternoon,0
T0762,North,University,36,10.59,14.7,38.1,Evening,0
T0763,University,Park,31,11.73,25.0,107.9,Morning,0
T0764,East,Central,40,12.95,9.8,32.2,Afternoon,0
T0765,East,Central,25,14.07,17.8,71.3,Night,0
T0766,Central,Park,35,6.9,16.5,33.0,Morning,0
T0767,South,Park,35,4.49,15.6,71.8,Morning,0
T0768,South,West,25,6.03,25.9,106.2,Afternoon,0
T0769,East,Central,35,10.27,14.2,65.1,Night,1
T0770,West,East,26,8.58,1.5,7.3,Morning,0
T0771,Central,North,23,12.78,9.8,33.3,Morning,0
T0772,Central,South,26,13.84,28.4,101.0,Evening,1
T0773,University,Downtown,27,5.15,27.8,99.2,Morning,0
T0774,West,Central,37,2.12,8.5,27.3,Afternoon,0
T0775,South,Harbor,31,5.68,2.1,10.5,Afternoon,1
T0776,Central,North,17,6.16,25.3,100.3,Morning,1
T0777,West,University,32,2.87,1.8,5.0,Night,0
T0778,West,University,22,4.06,23.8,69.9,Afternoon,0
T0779,Downtown,Harbor,30,7.33,15.0,33.1,Morning,0
T0780,North,University,39,8.85,23.2,46.7,Night,0
T0781,Downtown,Park,23,3.72,23.5,65.6,Night,1
T0782,University,Airport,30,5.98,20.0,54.4,Morning,1
T0783,South,Downtown,27,11.49,12.9,50.2,Evening,1
T0784,West,Harbor,23,5.59,27.2,121.3,Afternoon,1
T0785,Park,South,32,7.17,10.4,51.5,Morning,0
T0786,East,Park,40,6.94,15.6,59.3,Afternoon,0
T0787,Airport,Central,24,9.04,4.8,20.6,Night,1
T0788,University,Downtown,30,14.14,6.3,17.4,Afternoon,0
T0789,Park,Downtown,29,5.47,15.8,38.5,Evening,0
T0790,Harbor,Central,42,3.71,9.8,45.8,Night,1
T0791,East,Central,42,2.12,13.8,29.6,Afternoon,0
T0792,Harbor,South,33,11.8,29.1,126.1,Morning,0
T0793,University,West,37,12.56,25.7,122.1,Morning,1
T0794,Park,Central,18,11.36,13.9,38.5,Morning,0
T0795,Airport,Harbor,34,2.63,14.0,46.7,Night,0
T0796,North,University,33,11.93,29.8,118.5,Morning,0
T0797,Central,Airport,25,9.08,9.2,44.7,Evening,1
T0798,Airport,Park,19,9.64,27.0,106.8,Afternoon,1
T0799,Harbor,University,32,6.86,20.4,45.3,Morning,1
T0800,North,West,28,7.74,23.4,65.2,Morning,0
