trip_id,route,vehicle_type,departure_hour,distance_km,passengers,fare_amount,delay_minutes,day_of_week,is_holiday,weather_condition,is_delayed,cancellation_risk
T000001,Route_6,Tram,21,43.0,20,5.39,0.6,Sat,0,Fog,0,0.285
T000002,Route_6,Tram,0,34.3,30,13.92,3.4,Thu,0,Clear,1,0.07
T000003,Route_7,Bus,17,18.3,20,5.57,7.0,Thu,0,Clear,0,0.091
T000004,Route_12,Tram,8,15.0,31,9.91,14.5,Wed,0,Clear,1,0.057
T000005,Route_8,Bus,5,2.0,27,12.6,2.6,Fri,0,Clear,0,0.217
T000006,Route_14,Ferry,4,15.8,26,1.52,7.7,Mon,0,Clear,0,0.23
T000007,Route_14,Subway,6,0.8,30,5.46,5.0,Fri,0,Rain,0,0.158
T000008,Route_19,Train,7,12.4,27,10.63,1.6,Tue,0,Clear,0,0.079
T000009,Route_11,Tram,21,16.3,27,10.09,10.6,Sun,0,Rain,1,0.006
T000010,Route_10,Bus,0,15.1,36,10.67,6.8,Wed,0,Clear,0,0.285
T000011,Route_4,Subway,14,10.9,27,3.69,0.8,Sun,0,Clear,1,0.079
T000012,Route_6,Train,12,13.7,29,3.39,11.3,Wed,0,Clear,1,0.105
T000013,Route_5,Subway,0,41.8,36,14.14,6.6,Tue,0,Rain,0,0.063
T000014,Route_3,Subway,11,32.7,28,10.46,4.9,Fri,0,Rain,0,0.167
T000015,Route_13,Train,14,15.7,28,8.09,3.4,Sat,0,Rain,0,0.032
T000016,Route_10,Tram,15,38.9,35,3.71,3.3,Wed,0,Clear,0,0.204
T000017,Route_6,Train,5,3.7,32,3.74,10.6,Sat,0,Fog,1,0.04
T000018,Route_20,Bus,2,2.2,28,6.73,7.2,Fri,0,Clear,1,0.268
T000019,Route_11,Tram,16,29.7,37,14.68,11.9,Wed,0,Clear,1,0.154
T000020,Route_12,Ferry,2,10.4,35,2.27,19.9,Mon,0,Clear,1,0.266
T000021,Route_1,Subway,11,3.0,24,7.84,3.1,Sat,0,Clear,0,0.247
T000022,Route_13,Subway,10,29.8,27,2.73,3.6,Fri,0,Clear,0,0.157
T000023,Route_9,Bus,7,6.0,28,6.2,3.8,Tue,0,Fog,0,0.177
T000024,Route_17,Bus,8,35.2,40,6.0,10.6,Wed,0,Snow,1,0.036
T000025,Route_14,Train,2,18.4,32,5.8,3.2,Wed,1,Rain,0,0.048
T000026,Route_15,Tram,20,36.2,34,14.88,1.9,Mon,0,Snow,0,0.284
T000027,Route_5,Tram,9,21.0,34,12.05,2.2,Sun,0,Clear,1,0.146
T000028,Route_1,Bus,6,2.1,36,12.22,1.0,Tue,0,Rain,0,0.161
T000029,Route_12,Train,19,30.4,28,13.04,2.6,Wed,0,Clear,0,0.183
T000030,Route_12,Bus,16,16.2,31,6.86,28.7,Tue,1,Clear,1,0.16
T000031,Route_12,Tram,13,17.7,32,3.03,3.7,Tue,0,Clear,0,0.039
T000032,Route_15,Bus,15,8.9,30,5.05,7.3,Mon,0,Clear,0,0.19
T000033,Route_13,Subway,1,16.0,28,4.55,9.4,Sun,0,Clear,0,0.226
T000034,Route_16,Subway,17,39.8,26,2.78,0.1,Thu,0,Clear,1,0.273
T000035,Route_13,Subway,15,36.8,36,4.48,10.0,Wed,0,Clear,0,0.247
T000036,Route_6,Bus,10,16.9,33,3.97,2.7,Wed,0,Rain,0,0.219
T000037,Route_19,Ferry,19,28.7,31,11.51,12.6,Fri,0,Rain,1,0.11
T000038,Route_4,Tram,3,25.3,37,9.0,10.2,Wed,0,Clear,1,0.045
T000039,Route_12,Subway,21,12.2,32,2.48,9.9,Mon,0,Clear,0,0.06
T000040,Route_20,Bus,6,8.6,26,11.54,14.8,Fri,0,Rain,1,0.058
T000041,Route_16,Ferry,21,29.9,26,14.78,2.7,Mon,0,Rain,0,0.051
T000042,Route_16,Train,3,36.6,25,2.99,1.0,Thu,0,Rain,0,0.126
T000043,Route_2,Train,3,1.8,29,9.01,4.6,Mon,0,Rain,1,0.029
T000044,Route_13,Train,16,10.2,32,8.98,17.4,Wed,0,Clear,1,0.001
T000045,Route_16,Train,21,42.1,35,13.74,10.1,Mon,0,Clear,1,0.059
T000046,Route_17,Ferry,0,33.8,29,6.28,3.6,Mon,0,Clear,0,0.289
T000047,Route_16,Tram,11,3.4,20,10.93,1.9,Sun,0,Clear,0,0.214
T000048,Route_18,Subway,0,22.2,30,2.42,3.5,Mon,0,Clear,1,0.243
T000049,Route_2,Ferry,5,17.4,37,9.07,16.9,Mon,0,Clear,1,0.011
T000050,Route_19,Train,14,3.3,24,7.71,1.9,Sat,0,Clear,1,0.288
T000051,Route_10,Train,16,40.1,27,11.95,5.3,Tue,0,Rain,0,0.106
T000052,Route_17,Subway,6,27.5,34,8.96,3.3,Thu,0,Clear,0,0.03
T000053,Route_18,Train,14,11.2,21,11.76,4.8,Fri,0,Clear,0,0.049
T000054,Route_18,Subway,15,14.1,28,10.39,4.5,Wed,0,Fog,0,0.075
T000055,Route_16,Bus,7,2.4,21,7.93,1.9,Thu,0,Rain,0,0.014
T000056,Route_16,Ferry,21,11.0,23,6.09,5.3,Sun,0,Clear,0,0.158
T000057,Route_20,Train,9,40.4,27,6.48,1.2,Thu,0,Rain,0,0.207
T000058,Route_5,Train,1,31.3,23,14.67,4.8,Sat,0,Rain,0,0.251
T000059,Route_13,Tram,16,42.1,23,14.58,1.7,Sun,0,Rain,0,0.137
T000060,Route_15,Train,15,41.3,29,9.39,4.8,Sat,1,Clear,0,0.119
T000061,Route_11,Subway,16,1.4,32,10.69,1.2,Wed,0,Snow,0,0.027
T000062,Route_15,Subway,15,22.7,30,4.97,3.8,Tue,0,Clear,0,0.243
T000063,Route_14,Subway,3,13.2,30,13.57,5.8,Sat,0,Clear,0,0.151
T000064,Route_15,Tram,22,1.6,33,11.88,1.6,Sat,0,Clear,0,0.046
T000065,Route_3,Ferry,5,36.4,20,8.39,2.7,Tue,0,Clear,0,0.1
T000066,Route_7,Tram,0,6.6,33,7.53,1.6,Sun,0,Clear,0,0.125
T000067,Route_17,Ferry,1,16.7,31,8.13,0.3,Sun,0,Clear,0,0.204
T000068,Route_15,Train,12,25.8,27,11.67,22.6,Tue,0,Clear,1,0.137
T000069,Route_4,Subway,21,32.1,37,6.4,18.6,Wed,0,Snow,1,0.124
T000070,Route_18,Ferry,11,28.5,28,3.7,0.7,Wed,0,Clear,0,0.076
T000071,Route_14,Bus,10,26.8,30,2.52,16.9,Tue,0,Rain,1,0.118
T000072,Route_17,Subway,5,6.2,27,9.23,4.2,Tue,0,Rain,0,0.181
T000073,Route_4,Train,12,18.2,23,4.57,1.5,Mon,0,Rain,0,0.169
T000074,Route_8,Ferry,12,29.8,27,7.93,2.5,Sun,0,Clear,0,0.007
T000075,Route_8,Tram,13,23.3,22,9.8,1.2,Thu,0,Clear,0,0.131
T000076,Route_15,Subway,15,19.8,29,5.98,2.3,Sun,0,Clear,0,0.231
T000077,Route_10,Bus,9,12.3,32,4.46,1.3,Wed,0,Clear,0,0.159
T000078,Route_11,Subway,8,44.2,22,14.51,0.0,Tue,0,Rain,0,0.103
T000079,Route_5,Tram,14,30.5,34,13.69,3.4,Sun,0,Clear,1,0.173
T000080,Route_11,Bus,7,7.5,31,12.07,3.1,Sat,0,Clear,0,0.011
T000081,Route_19,Tram,6,39.0,31,8.54,1.0,Sat,0,Rain,0,0.066
T000082,Route_20,Tram,16,11.8,27,3.8,1.7,Tue,0,Clear,0,0.236
T000083,Route_15,Train,16,19.0,33,7.9,2.4,Mon,0,Rain,1,0.164
T000084,Route_9,Tram,3,38.9,26,5.41,6.9,Mon,0,Snow,1,0.114
T000085,Route_1,Bus,6,29.2,25,2.73,6.1,Mon,0,Clear,1,0.186
T000086,Route_15,Bus,11,27.0,27,14.36,5.1,Mon,0,Rain,1,0.056
T000087,Route_12,Tram,7,8.5,28,7.52,1.8,Tue,0,Clear,0,0.046
T000088,Route_20,Ferry,18,23.8,17,7.33,10.8,Sun,0,Clear,1,0.184
T000089,Route_17,Tram,16,18.7,26,1.98,1.5,Sat,1,Rain,0,0.257
T000090,Route_14,Subway,17,42.2,32,4.15,4.8,Thu,0,Rain,0,0.265
T000091,Route_15,Tram,11,40.9,29,4.4,1.0,Wed,1,Clear,0,0.163
T000092,Route_8,Tram,20,31.8,42,4.85,1.9,Tue,0,Rain,0,0.026
T000093,Route_7,Bus,0,26.4,26,3.24,2.4,Sun,1,Fog,0,0.071
T000094,Route_5,Bus,21,13.4,35,6.3,19.3,Sat,0,Clear,1,0.207
T000095,Route_11,Subway,10,14.0,30,3.5,1.5,Tue,0,Clear,0,0.299
T000096,Route_20,Train,16,3.6,41,11.7,5.6,Thu,0,Rain,0,0.28
T000097,Route_20,Tram,2,15.8,13,3.27,1.8,Fri,0,Clear,1,0.181
T000098,Route_18,Ferry,5,44.8,33,3.05,43.6,Thu,0,Rain,1,0.177
T000099,Route_20,Subway,9,37.6,30,4.55,6.5,Tue,1,Clear,0,0.187
T000100,Route_11,Bus,6,39.0,36,13.89,1.2,Tue,0,Clear,0,0.067
T000101,Route_15,Tram,16,2.4,36,6.67,1.3,Tue,0,Clear,0,0.073
T000102,Route_1,Ferry,5,37.7,28,3.44,11.3,Mon,0,Rain,1,0.264
T000103,Route_18,Train,21,44.3,30,13.59,6.0,Fri,0,Clear,1,0.163
T000104,Route_2,Ferry,14,11.4,27,10.48,11.4,Fri,0,Clear,1,0.069
T000105,Route_8,Ferry,1,2.2,23,2.03,0.6,Mon,0,Clear,0,0.283
T000106,Route_6,Train,12,8.8,30,8.71,1.9,Fri,0,Clear,0,0.24
T000107,Route_14,Bus,2,31.0,28,1.99,0.9,Wed,0,Snow,0,0.075
T000108,Route_16,Tram,22,13.0,25,7.33,3.6,Wed,0,Rain,0,0.056
T000109,Route_16,Subway,17,37.7,25,13.2,1.0,Mon,0,Snow,0,0.08
T000110,Route_14,Tram,8,19.3,22,8.62,2.1,Sat,0,Rain,0,0.189
T000111,Route_12,Bus,6,23.8,40,7.37,5.8,Fri,0,Clear,0,0.012
T000112,Route_11,Train,10,17.0,28,6.79,10.0,Mon,0,Clear,0,0.233
T000113,Route_2,Ferry,11,34.6,29,7.24,1.0,Wed,0,Clear,0,0.281
T000114,Route_14,Bus,7,21.6,28,3.3,6.6,Tue,0,Clear,0,0.206
T000115,Route_9,Ferry,9,20.4,30,10.2,0.1,Thu,0,Rain,0,0.169
T000116,Route_8,Train,19,4.6,32,10.2,2.3,Sun,0,Clear,0,0.047
T000117,Route_3,Tram,11,6.6,25,14.96,6.6,Sat,0,Clear,0,0.224
T000118,Route_1,Tram,12,14.6,29,6.04,0.9,Mon,0,Clear,0,0.215
T000119,Route_15,Train,6,4.8,30,8.38,4.0,Sat,0,Snow,0,0.119
T000120,Route_9,Bus,1,44.0,27,2.48,9.4,Mon,0,Rain,1,0.046
T000121,Route_13,Subway,1,1.4,20,3.46,7.9,Sun,0,Snow,0,0.297
T000122,Route_6,Ferry,13,23.5,36,5.11,10.8,Tue,0,Clear,1,0.228
T000123,Route_14,Train,21,27.6,24,9.92,9.7,Tue,0,Clear,0,0.172
T000124,Route_16,Bus,4,41.1,29,13.43,3.6,Tue,0,Clear,0,0.181
T000125,Route_19,Bus,14,13.4,21,1.99,0.2,Mon,0,Clear,0,0.116
T000126,Route_6,Train,10,15.4,26,5.6,1.1,Wed,0,Rain,0,0.229
T000127,Route_17,Train,18,6.8,34,13.95,1.2,Thu,0,Clear,0,0.294
T000128,Route_8,Tram,11,8.6,29,14.31,5.1,Fri,1,Clear,0,0.198
T000129,Route_1,Ferry,18,4.2,26,4.66,22.8,Fri,0,Rain,1,0.214
T000130,Route_2,Train,8,18.8,23,9.32,5.8,Sun,0,Rain,0,0.26
T000131,Route_15,Subway,16,5.0,26,2.93,5.4,Tue,0,Clear,0,0.066
T000132,Route_12,Tram,7,26.5,29,3.97,7.2,Wed,0,Clear,0,0.245
T000133,Route_15,Tram,13,3.3,33,9.44,2.3,Fri,0,Clear,0,0.147
T000134,Route_12,Ferry,22,5.9,31,10.34,6.2,Tue,0,Clear,1,0.244
T000135,Route_13,Ferry,3,31.7,29,12.33,2.3,Sat,0,Rain,0,0.282
T000136,Route_10,Bus,6,10.8,26,7.77,4.4,Wed,0,Rain,0,0.289
T000137,Route_8,Bus,20,42.4,20,12.59,0.9,Fri,0,Clear,0,0.116
T000138,Route_15,Train,20,20.1,23,1.89,2.1,Tue,0,Clear,1,0.272
T000139,Route_14,Tram,6,16.9,33,6.26,7.2,Fri,0,Clear,0,0.067
T000140,Route_9,Train,13,42.4,27,11.69,1.1,Tue,0,Rain,0,0.048
T000141,Route_18,Ferry,21,16.6,28,9.23,4.9,Sun,0,Fog,0,0.087
T000142,Route_2,Tram,19,29.3,29,10.03,1.3,Sat,0,Clear,1,0.264
T000143,Route_18,Ferry,19,4.5,37,12.82,0.7,Sun,0,Clear,0,0.088
T000144,Route_14,Ferry,14,39.7,29,9.57,1.8,Sat,0,Clear,1,0.248
T000145,Route_3,Train,21,6.1,30,7.92,15.1,Sat,0,Rain,1,0.161
T000146,Route_18,Tram,2,1.6,26,6.82,5.8,Thu,0,Clear,0,0.131
T000147,Route_1,Train,13,37.9,35,13.38,5.7,Thu,0,Clear,0,0.115
T000148,Route_6,Train,18,42.0,34,3.89,2.6,Thu,0,Fog,1,0.064
T000149,Route_9,Bus,7,29.2,33,9.55,7.3,Wed,0,Clear,0,0.115
T000150,Route_17,Train,6,15.7,39,13.23,9.1,Sun,0,Clear,1,0.16
T000151,Route_3,Ferry,14,31.9,35,10.87,2.2,Sat,0,Rain,0,0.182
T000152,Route_16,Tram,3,3.5,27,10.64,6.1,Fri,0,Clear,0,0.272
T000153,Route_5,Bus,9,22.8,24,6.91,2.7,Sun,0,Clear,0,0.278
T000154,Route_1,Train,22,2.5,18,7.08,10.9,Fri,0,Rain,1,0.22
T000155,Route_3,Ferry,8,2.1,25,4.75,4.6,Sun,1,Clear,0,0.219
T000156,Route_7,Tram,11,39.0,31,2.22,0.3,Sun,0,Rain,0,0.014
T000157,Route_5,Tram,14,20.4,35,8.17,1.5,Sun,1,Rain,0,0.234
T000158,Route_10,Bus,16,24.9,19,3.77,9.7,Thu,0,Clear,1,0.226
T000159,Route_4,Tram,14,18.0,35,9.42,2.7,Mon,0,Clear,1,0.287
T000160,Route_8,Subway,9,6.1,26,6.86,2.2,Wed,0,Fog,0,0.165
T000161,Route_10,Tram,20,35.2,29,6.31,2.1,Thu,0,Rain,0,0.131
T000162,Route_19,Tram,10,7.9,31,7.75,9.9,Sat,1,Clear,0,0.052
T000163,Route_4,Ferry,9,2.0,30,12.93,5.0,Wed,0,Rain,1,0.246
T000164,Route_6,Train,4,27.8,34,2.71,0.8,Thu,0,Rain,0,0.128
T000165,Route_10,Bus,19,17.4,34,5.67,1.4,Wed,0,Clear,0,0.158
T000166,Route_20,Tram,5,42.5,23,14.26,1.9,Tue,0,Clear,0,0.203
T000167,Route_10,Bus,1,8.9,26,12.06,3.5,Fri,0,Clear,0,0.207
T000168,Route_16,Subway,12,33.4,21,2.54,10.0,Sat,0,Clear,0,0.014
T000169,Route_8,Subway,20,22.9,26,10.52,2.1,Thu,0,Clear,1,0.112
T000170,Route_18,Bus,8,27.3,35,10.96,0.2,Fri,0,Rain,0,0.287
T000171,Route_3,Tram,9,16.2,40,4.61,1.8,Tue,0,Clear,0,0.158
T000172,Route_5,Bus,3,24.9,27,10.54,1.8,Thu,0,Snow,1,0.011
T000173,Route_18,Train,11,26.0,23,7.53,13.5,Tue,0,Rain,1,0.267
T000174,Route_1,Bus,17,7.1,23,5.65,4.5,Thu,0,Clear,0,0.097
T000175,Route_17,Ferry,1,4.0,32,6.8,11.5,Thu,0,Rain,1,0.06
T000176,Route_20,Tram,3,37.9,35,8.9,8.1,Tue,0,Rain,0,0.073
T000177,Route_5,Bus,14,9.5,30,4.54,0.6,Tue,1,Clear,1,0.013
T000178,Route_10,Train,8,3.9,27,10.85,1.7,Fri,0,Rain,0,0.057
T000179,Route_15,Tram,21,21.8,28,11.87,4.7,Tue,1,Clear,0,0.277
T000180,Route_6,Ferry,16,8.6,40,14.93,4.4,Sun,0,Clear,0,0.275
T000181,Route_11,Ferry,5,9.0,32,7.83,4.8,Thu,0,Clear,0,0.106
T000182,Route_5,Subway,4,38.3,24,9.43,4.7,Sun,0,Clear,0,0.15
T000183,Route_3,Bus,18,34.5,20,12.54,2.2,Thu,0,Clear,0,0.211
T000184,Route_4,Tram,18,3.1,31,12.77,0.9,Fri,0,Clear,1,0.024
T000185,Route_2,Subway,18,12.7,22,10.21,1.4,Sat,0,Rain,0,0.152
T000186,Route_19,Bus,14,35.5,33,5.47,2.0,Sat,0,Rain,0,0.203
T000187,Route_15,Tram,1,6.3,37,13.32,7.3,Thu,1,Snow,0,0.147
T000188,Route_19,Ferry,10,10.7,25,3.99,4.7,Mon,0,Clear,0,0.1
T000189,Route_15,Bus,12,25.6,29,11.07,11.0,Sun,0,Clear,1,0.165
T000190,Route_7,Subway,6,7.8,35,14.87,3.3,Wed,0,Clear,0,0.118
T000191,Route_18,Tram,7,22.6,35,5.73,2.3,Wed,0,Rain,1,0.066
T000192,Route_3,Bus,10,9.5,26,9.62,1.3,Sat,0,Rain,0,0.16
T000193,Route_2,Bus,7,26.6,32,8.45,8.4,Tue,0,Snow,0,0.165
T000194,Route_2,Tram,9,16.1,39,3.96,4.7,Sun,0,Rain,0,0.027
T000195,Route_6,Train,21,25.6,31,1.78,2.1,Tue,0,Rain,0,0.105
T000196,Route_2,Tram,13,12.0,28,4.81,5.1,Tue,0,Fog,0,0.04
T000197,Route_1,Subway,16,37.8,27,4.73,0.2,Fri,0,Clear,0,0.13
T000198,Route_12,Bus,7,32.6,35,12.72,7.2,Mon,0,Clear,1,0.019
T000199,Route_3,Ferry,15,3.1,33,14.33,0.3,Tue,0,Rain,0,0.138
T000200,Route_13,Subway,19,15.6,30,7.01,0.1,Sat,0,Rain,1,0.277
T000201,Route_18,Tram,14,24.9,33,8.35,6.8,Tue,0,Clear,0,0.045
T000202,Route_10,Tram,16,6.8,32,12.79,1.1,Fri,0,Clear,0,0.207
T000203,Route_15,Subway,15,6.3,43,9.87,25.8,Mon,0,Clear,1,0.282
T000204,Route_4,Subway,10,4.4,31,9.73,0.8,Sun,0,Rain,0,0.22
T000205,Route_19,Subway,6,44.8,41,12.52,31.2,Sat,0,Clear,1,0.25
T000206,Route_1,Ferry,4,23.0,34,11.14,2.2,Sun,0,Rain,0,0.015
T000207,Route_18,Bus,20,16.8,30,8.55,27.5,Sun,0,Snow,1,0.159
T000208,Route_1,Bus,1,11.6,24,2.49,0.8,Wed,0,Clear,0,0.144
T000209,Route_7,Ferry,17,12.4,20,2.33,2.3,Tue,0,Rain,0,0.158
T000210,Route_19,Subway,19,18.1,31,1.83,10.1,Fri,0,Rain,1,0.21
T000211,Route_20,Bus,10,44.5,36,5.95,3.7,Thu,0,Clear,1,0.115
T000212,Route_19,Tram,13,4.0,27,14.41,3.3,Wed,0,Clear,0,0.042
T000213,Route_7,Bus,22,41.7,32,13.27,13.5,Thu,0,Snow,1,0.021
T000214,Route_17,Subway,14,20.5,26,4.69,1.9,Sat,0,Clear,0,0.053
T000215,Route_1,Subway,10,14.6,34,2.63,0.1,Tue,0,Clear,1,0.038
T000216,Route_12,Ferry,15,26.5,32,6.32,6.6,Tue,0,Rain,0,0.07
T000217,Route_11,Bus,7,3.2,32,2.96,0.1,Fri,0,Clear,0,0.019
T000218,Route_7,Subway,19,17.5,23,13.0,0.9,Tue,0,Clear,0,0.134
T000219,Route_9,Train,12,33.3,35,9.29,4.2,Fri,0,Clear,0,0.068
T000220,Route_3,Train,12,3.0,34,13.62,12.3,Thu,0,Clear,1,0.174
T000221,Route_4,Bus,5,44.6,27,8.57,4.0,Sat,0,Clear,1,0.079
T000222,Route_4,Bus,3,10.9,26,8.78,3.2,Sat,0,Snow,0,0.021
T000223,Route_1,Train,8,36.8,25,3.27,1.1,Wed,1,Clear,0,0.022
T000224,Route_1,Ferry,8,13.4,29,4.38,2.2,Sun,1,Fog,0,0.144
T000225,Route_18,Tram,17,4.6,31,12.32,6.2,Wed,0,Clear,0,0.011
T000226,Route_1,Ferry,16,4.0,26,3.63,3.6,Sun,1,Clear,0,0.079
T000227,Route_20,Tram,7,10.2,34,10.3,5.5,Mon,0,Clear,1,0.041
T000228,Route_9,Ferry,5,2.5,36,8.89,10.8,Fri,0,Clear,1,0.022
T000229,Route_16,Bus,4,7.8,32,8.96,2.9,Fri,0,Clear,0,0.25
T000230,Route_18,Subway,13,0.6,19,5.43,10.5,Fri,1,Rain,1,0.044
T000231,Route_15,Train,12,44.9,34,5.89,4.3,Fri,0,Snow,0,0.118
T000232,Route_13,Bus,19,41.5,36,5.01,0.2,Mon,0,Clear,0,0.251
T000233,Route_1,Subway,11,7.5,39,5.98,1.0,Tue,0,Clear,1,0.142
T000234,Route_12,Ferry,6,25.8,25,9.09,4.4,Sat,0,Rain,0,0.203
T000235,Route_20,Ferry,19,13.5,21,11.27,5.7,Tue,0,Clear,1,0.107
T000236,Route_20,Subway,11,23.8,34,11.51,1.1,Tue,0,Rain,0,0.217
T000237,Route_8,Bus,0,33.6,20,4.07,4.0,Wed,0,Clear,1,0.205
T000238,Route_15,Bus,21,13.1,33,2.64,14.6,Tue,0,Clear,1,0.19
T000239,Route_14,Tram,1,24.9,32,12.25,0.8,Fri,0,Rain,0,0.065
T000240,Route_4,Subway,19,30.8,29,11.05,2.7,Mon,0,Clear,1,0.006
T000241,Route_12,Train,8,11.3,21,14.14,4.4,Sun,0,Clear,0,0.261
T000242,Route_11,Tram,3,8.8,34,12.95,0.9,Wed,0,Clear,0,0.167
T000243,Route_16,Subway,0,27.3,27,14.68,1.8,Thu,0,Clear,0,0.002
T000244,Route_1,Tram,8,4.4,31,13.88,9.5,Fri,0,Clear,0,0.017
T000245,Route_3,Bus,7,1.6,34,12.2,0.1,Sun,0,Rain,0,0.121
T000246,Route_16,Bus,21,30.4,32,10.49,0.8,Mon,0,Clear,0,0.051
T000247,Route_2,Ferry,10,33.8,22,7.66,4.7,Thu,0,Clear,0,0.179
T000248,Route_19,Bus,4,8.0,41,14.06,7.2,Tue,0,Clear,0,0.228
T000249,Route_11,Train,18,28.2,31,12.12,0.9,Thu,0,Clear,0,0.126
T000250,Route_6,Train,11,16.7,37,8.57,7.8,Fri,0,Snow,0,0.225
T000251,Route_7,Bus,15,32.8,37,3.36,0.8,Tue,0,Snow,0,0.13
T000252,Route_12,Tram,15,6.6,30,6.49,1.6,Fri,0,Rain,0,0.225
T000253,Route_6,Ferry,4,35.3,29,5.2,5.9,Thu,0,Rain,0,0.141
T000254,Route_9,Train,1,42.2,30,4.5,0.0,Fri,0,Clear,0,0.029
T000255,Route_9,Tram,15,30.8,27,2.31,4.9,Fri,0,Clear,0,0.179
T000256,Route_5,Train,12,15.0,34,6.24,8.0,Sat,0,Clear,1,0.135
T000257,Route_19,Subway,2,15.6,39,6.68,3.6,Tue,0,Fog,1,0.111
T000258,Route_8,Bus,10,43.7,27,14.55,3.2,Mon,0,Clear,0,0.22
T000259,Route_5,Ferry,2,28.1,31,8.27,1.1,Wed,0,Fog,1,0.061
T000260,Route_14,Tram,22,5.1,24,8.15,3.4,Thu,0,Snow,0,0.233
T000261,Route_14,Subway,22,42.2,22,5.0,2.0,Sat,0,Clear,0,0.058
T000262,Route_10,Train,16,22.9,33,14.62,3.3,Tue,0,Clear,0,0.163
T000263,Route_2,Tram,0,39.1,27,14.3,1.7,Mon,1,Clear,0,0.071
T000264,Route_18,Train,14,43.1,26,9.4,10.1,Sun,0,Fog,1,0.142
T000265,Route_17,Bus,13,31.6,30,9.68,2.0,Wed,0,Clear,0,0.14
T000266,Route_20,Tram,17,36.0,27,10.62,1.7,Fri,0,Snow,0,0.211
T000267,Route_17,Train,21,1.2,33,8.14,12.5,Wed,1,Clear,1,0.064
T000268,Route_8,Bus,4,33.6,29,13.24,1.2,Tue,0,Rain,0,0.027
T000269,Route_18,Subway,20,26.6,27,6.51,18.6,Fri,0,Clear,1,0.006
T000270,Route_17,Ferry,17,24.5,32,6.42,23.1,Mon,0,Clear,1,0.088
T000271,Route_6,Subway,22,19.2,34,9.9,10.2,Fri,0,Rain,1,0.173
T000272,Route_6,Ferry,19,9.3,29,13.36,6.2,Thu,0,Clear,0,0.016
T000273,Route_10,Subway,19,17.0,31,4.27,13.4,Wed,1,Clear,1,0.037
T000274,Route_13,Bus,17,25.8,31,6.85,1.0,Mon,0,Snow,0,0.161
T000275,Route_9,Subway,10,9.3,29,11.91,4.5,Sat,0,Clear,0,0.114
T000276,Route_9,Bus,13,24.0,25,4.5,1.0,Thu,0,Rain,1,0.178
T000277,Route_4,Subway,3,1.2,32,9.63,11.5,Fri,0,Rain,1,0.225
T000278,Route_10,Train,0,30.0,27,6.01,5.2,Mon,0,Rain,0,0.012
T000279,Route_16,Subway,7,26.9,36,1.58,10.5,Fri,0,Fog,1,0.104
T000280,Route_10,Ferry,8,4.7,37,6.01,0.4,Thu,0,Clear,0,0.221
T000281,Route_16,Train,12,44.6,35,6.4,2.2,Sun,0,Snow,1,0.205
T000282,Route_14,Tram,7,43.2,32,13.42,7.9,Wed,0,Clear,0,0.117
T000283,Route_9,Train,16,3.0,26,7.33,1.2,Wed,0,Rain,0,0.119
T000284,Route_11,Tram,12,41.0,29,12.1,0.8,Tue,0,Fog,0,0.21
T000285,Route_2,Ferry,11,12.7,24,13.0,0.9,Mon,0,Rain,0,0.152
T000286,Route_9,Subway,14,28.4,25,13.64,3.5,Fri,0,Rain,0,0.095
T000287,Route_5,Ferry,10,11.5,22,13.81,11.6,Thu,0,Clear,1,0.225
T000288,Route_15,Ferry,21,13.5,30,3.19,10.9,Mon,1,Rain,1,0.014
T000289,Route_17,Tram,20,23.7,32,10.24,5.9,Wed,0,Clear,0,0.111
T000290,Route_7,Ferry,18,26.5,35,9.45,1.1,Tue,0,Clear,1,0.257
T000291,Route_9,Bus,9,22.4,41,8.46,8.6,Sun,0,Clear,0,0.109
T000292,Route_7,Tram,4,17.5,29,4.98,6.2,Sat,0,Clear,0,0.292
T000293,Route_4,Ferry,4,19.2,33,8.23,10.5,Sat,0,Clear,1,0.088
T000294,Route_15,Tram,0,18.4,31,14.19,8.4,Mon,0,Rain,0,0.194
T000295,Route_5,Bus,6,26.3,27,14.94,0.0,Sat,0,Clear,1,0.246
T000296,Route_7,Ferry,22,10.9,36,7.05,5.5,Fri,0,Clear,0,0.23
T000297,Route_17,Subway,16,4.2,32,5.64,1.8,Tue,0,Clear,0,0.154
T000298,Route_9,Ferry,13,42.3,29,7.38,4.2,Sun,0,Rain,0,0.282
T000299,Route_20,Ferry,19,6.6,16,10.97,1.1,Tue,0,Rain,1,0.261
T000300,Route_2,Subway,18,16.6,23,10.24,11.9,Sun,0,Snow,1,0.003
T000301,Route_13,Train,1,6.1,34,5.17,11.2,Wed,0,Clear,1,0.267
T000302,Route_17,Train,6,35.5,25,5.46,10.0,Sun,0,Rain,0,0.229
T000303,Route_9,Bus,15,21.3,34,5.62,13.1,Tue,0,Clear,1,0.247
T000304,Route_4,Ferry,18,26.5,27,8.75,7.3,Thu,0,Rain,0,0.058
T000305,Route_3,Subway,3,23.1,25,5.6,1.2,Thu,0,Rain,1,0.089
T000306,Route_19,Ferry,11,15.9,22,6.03,1.0,Tue,0,Clear,0,0.232
T000307,Route_15,Tram,8,5.6,31,14.56,7.4,Sat,0,Rain,0,0.216
T000308,Route_3,Subway,8,34.7,36,2.35,0.1,Wed,0,Clear,0,0.06
T000309,Route_4,Train,8,35.6,25,13.86,1.4,Sun,0,Clear,0,0.274
T000310,Route_15,Subway,4,2.4,23,12.89,3.3,Mon,0,Clear,0,0.056
T000311,Route_2,Bus,11,27.0,37,4.42,0.4,Mon,0,Clear,0,0.007
T000312,Route_7,Ferry,11,19.1,27,13.27,4.8,Tue,0,Clear,0,0.163
T000313,Route_5,Train,19,19.8,33,10.63,0.4,Sat,0,Snow,0,0.218
T000314,Route_17,Ferry,0,8.8,37,9.73,13.8,Sun,0,Fog,1,0.126
T000315,Route_13,Ferry,3,7.8,30,9.27,5.9,Sun,1,Clear,1,0.074
T000316,Route_14,Bus,19,19.2,37,14.42,0.0,Mon,0,Snow,0,0.239
T000317,Route_16,Train,2,5.6,37,4.91,0.7,Wed,0,Clear,0,0.058
T000318,Route_12,Ferry,3,7.3,21,13.08,1.0,Fri,0,Clear,0,0.256
T000319,Route_6,Train,10,2.3,31,10.27,8.1,Thu,0,Rain,1,0.247
T000320,Route_1,Subway,19,4.1,33,2.04,2.5,Sat,0,Rain,0,0.091
T000321,Route_2,Tram,19,18.3,33,6.44,1.3,Sat,0,Rain,0,0.242
T000322,Route_15,Ferry,9,17.6,34,8.18,1.8,Wed,0,Clear,0,0.105
T000323,Route_20,Subway,22,18.4,32,7.64,10.7,Wed,0,Clear,1,0.285
T000324,Route_15,Train,20,34.4,32,13.54,2.0,Tue,1,Clear,0,0.146
T000325,Route_17,Ferry,10,0.7,29,14.77,11.1,Sun,0,Rain,1,0.048
T000326,Route_19,Bus,17,2.0,33,3.21,0.8,Sat,1,Clear,0,0.171
T000327,Route_12,Tram,14,15.4,24,7.03,4.5,Sat,0,Clear,0,0.056
T000328,Route_3,Bus,22,42.0,25,11.37,3.9,Mon,1,Clear,0,0.157
T000329,Route_18,Tram,11,38.6,22,7.52,11.4,Mon,0,Rain,1,0.241
T000330,Route_1,Tram,3,22.4,29,3.72,1.6,Thu,0,Clear,1,0.297
T000331,Route_12,Tram,10,24.9,33,14.77,0.0,Fri,0,Clear,1,0.293
T000332,Route_1,Tram,4,17.5,35,5.93,2.6,Sat,0,Rain,1,0.285
T000333,Route_1,Tram,12,43.1,37,10.88,5.5,Sun,0,Clear,0,0.026
T000334,Route_2,Ferry,7,44.9,41,3.22,0.9,Fri,0,Clear,0,0.052
T000335,Route_7,Subway,16,8.4,24,12.67,1.9,Tue,0,Clear,0,0.061
T000336,Route_4,Bus,19,5.6,30,10.52,22.3,Thu,0,Rain,1,0.037
T000337,Route_10,Subway,18,12.7,30,10.03,9.8,Sun,0,Clear,0,0.012
T000338,Route_17,Ferry,0,12.6,33,5.97,7.5,Sat,0,Clear,1,0.262
T000339,Route_16,Train,16,25.8,35,4.91,0.5,Wed,0,Snow,0,0.245
T000340,Route_18,Train,3,23.0,28,10.98,5.9,Tue,0,Clear,1,0.008
T000341,Route_1,Subway,2,18.7,31,10.12,19.0,Tue,0,Clear,1,0.121
T000342,Route_2,Ferry,13,25.5,36,11.23,0.5,Sat,1,Rain,0,0.199
T000343,Route_13,Subway,5,17.1,28,9.25,0.2,Thu,0,Clear,0,0.157
T000344,Route_6,Train,18,10.0,34,13.52,1.6,Tue,0,Clear,0,0.229
T000345,Route_6,Train,22,31.3,27,11.8,9.3,Sun,0,Clear,0,0.108
T000346,Route_6,Bus,22,39.5,27,2.23,19.5,Wed,0,Clear,1,0.275
T000347,Route_4,Tram,6,2.6,31,10.19,0.4,Sat,0,Rain,0,0.193
T000348,Route_12,Subway,16,11.2,28,11.7,1.8,Mon,0,Clear,0,0.176
T000349,Route_19,Tram,16,26.2,32,3.63,12.2,Sat,0,Rain,1,0.106
T000350,Route_17,Tram,7,29.2,34,13.7,1.7,Wed,0,Rain,0,0.137
T000351,Route_16,Bus,15,24.4,37,13.31,4.2,Sun,0,Clear,0,0.175
T000352,Route_7,Tram,8,33.7,35,5.42,0.2,Mon,0,Rain,1,0.289
T000353,Route_3,Subway,16,31.6,20,2.79,3.6,Sat,0,Rain,1,0.164
T000354,Route_16,Subway,7,26.1,27,11.35,9.7,Wed,1,Clear,0,0.074
T000355,Route_5,Subway,15,8.8,27,5.19,6.7,Thu,0,Clear,1,0.055
T000356,Route_17,Train,14,6.8,25,6.88,1.1,Sat,0,Clear,0,0.171
T000357,Route_4,Subway,17,26.2,26,13.57,2.5,Sun,1,Rain,0,0.065
T000358,Route_20,Ferry,15,18.9,24,5.66,0.8,Fri,0,Rain,0,0.188
T000359,Route_18,Ferry,12,20.9,28,10.76,5.9,Fri,0,Clear,1,0.071
T000360,Route_14,Bus,2,17.7,32,7.09,3.1,Wed,0,Clear,0,0.029
T000361,Route_19,Train,21,22.6,30,2.7,3.1,Fri,0,Clear,1,0.267
T000362,Route_6,Tram,17,10.9,25,8.95,16.2,Tue,0,Clear,1,0.257
T000363,Route_10,Bus,11,17.9,35,5.31,24.7,Sun,0,Clear,1,0.023
T000364,Route_1,Train,11,35.6,33,10.52,9.0,Sun,0,Clear,1,0.193
T000365,Route_1,Subway,7,31.2,36,12.3,1.6,Thu,0,Snow,0,0.083
T000366,Route_13,Train,0,4.5,34,7.27,14.3,Sun,0,Rain,1,0.298
T000367,Route_6,Tram,0,23.9,35,3.66,6.7,Fri,0,Snow,1,0.022
T000368,Route_7,Tram,1,34.8,26,7.02,10.7,Tue,0,Clear,1,0.183
T000369,Route_11,Train,20,6.3,27,14.73,2.4,Mon,0,Rain,1,0.136
T000370,Route_13,Bus,17,31.0,32,7.04,4.7,Wed,0,Clear,0,0.096
T000371,Route_9,Ferry,18,15.0,34,4.32,0.4,Thu,0,Clear,0,0.138
T000372,Route_16,Tram,9,44.7,27,11.54,8.7,Tue,0,Snow,0,0.009
T000373,Route_7,Subway,16,8.0,21,2.02,0.4,Sun,0,Rain,0,0.207
T000374,Route_12,Bus,7,42.9,30,2.75,0.6,Wed,0,Clear,0,0.266
T000375,Route_1,Subway,3,9.2,47,1.87,2.7,Sat,0,Clear,0,0.178
T000376,Route_13,Tram,19,40.3,38,13.49,13.9,Sat,0,Rain,1,0.003
T000377,Route_13,Subway,5,37.5,34,1.59,1.1,Sat,1,Clear,0,0.209
T000378,Route_2,Bus,0,25.7,32,4.67,5.3,Sun,0,Clear,0,0.151
T000379,Route_9,Ferry,7,14.6,20,3.06,3.5,Fri,0,Clear,0,0.231
T000380,Route_17,Tram,16,43.3,28,13.45,4.5,Sun,0,Rain,0,0.136
T000381,Route_12,Tram,3,30.9,33,7.9,1.2,Sun,0,Rain,0,0.122
T000382,Route_17,Bus,6,6.0,37,4.12,17.5,Thu,0,Clear,1,0.293
T000383,Route_1,Subway,17,26.2,22,4.1,2.8,Wed,0,Rain,1,0.09
T000384,Route_13,Bus,16,26.2,24,10.66,22.6,Sun,0,Clear,1,0.059
T000385,Route_5,Train,3,36.0,33,8.72,2.5,Thu,0,Clear,0,0.265
T000386,Route_6,Tram,9,16.6,28,3.63,3.1,Sun,0,Rain,0,0.261
T000387,Route_4,Bus,15,30.8,19,4.87,2.7,Wed,0,Clear,0,0.163
T000388,Route_7,Subway,19,29.8,27,7.81,18.0,Wed,0,Rain,1,0.243
T000389,Route_1,Train,8,41.2,26,10.13,4.6,Mon,0,Rain,0,0.244
T000390,Route_8,Ferry,1,2.3,29,12.97,7.9,Wed,0,Rain,0,0.267
T000391,Route_3,Tram,16,15.5,30,3.87,1.4,Mon,0,Rain,1,0.226
T000392,Route_4,Tram,10,5.8,29,8.23,2.2,Fri,0,Rain,0,0.088
T000393,Route_15,Ferry,9,35.6,45,12.22,1.3,Mon,0,Fog,0,0.061
T000394,Route_3,Train,19,30.1,28,11.04,1.9,Tue,0,Clear,0,0.213
T000395,Route_8,Bus,14,4.0,31,14.05,4.8,Fri,0,Fog,0,0.234
T000396,Route_5,Subway,8,19.5,22,14.34,1.4,Sat,0,Snow,0,0.3
T000397,Route_5,Tram,13,0.9,42,14.69,0.5,Tue,0,Clear,0,0.095
T000398,Route_9,Bus,8,26.9,33,4.71,22.3,Fri,0,Clear,1,0.043
T000399,Route_7,Bus,14,40.1,26,13.95,7.9,Fri,0,Rain,0,0.068
T000400,Route_8,Train,6,10.0,31,3.83,7.0,Sat,0,Clear,1,0.015
T000401,Route_10,Ferry,8,11.3,27,9.27,2.6,Sun,0,Clear,0,0.178
T000402,Route_20,Tram,14,10.2,31,13.91,10.8,Tue,0,Rain,1,0.207
T000403,Route_19,Tram,12,14.6,30,13.19,11.5,Wed,1,Snow,1,0.036
T000404,Route_12,Bus,21,31.3,23,5.65,7.8,Fri,1,Rain,1,0.285
T000405,Route_5,Ferry,6,40.7,20,8.36,2.9,Wed,0,Rain,0,0.183
T000406,Route_8,Train,17,20.6,25,4.76,0.9,Sat,0,Clear,0,0.282
T000407,Route_12,Train,22,22.7,29,4.13,0.9,Tue,0,Rain,0,0.263
T000408,Route_8,Subway,12,38.5,39,7.18,0.4,Mon,0,Snow,0,0.249
T000409,Route_9,Tram,4,25.0,29,7.2,7.0,Sun,0,Clear,0,0.293
T000410,Route_15,Train,20,11.8,29,10.34,1.0,Tue,0,Clear,0,0.095
T000411,Route_2,Subway,10,45.0,26,11.74,15.3,Sat,0,Snow,1,0.031
T000412,Route_5,Ferry,15,35.9,32,4.36,2.6,Thu,0,Clear,0,0.281
T000413,Route_8,Tram,8,35.7,30,7.7,25.7,Sat,0,Snow,1,0.289
T000414,Route_13,Tram,9,41.3,35,8.53,0.0,Sun,1,Rain,1,0.223
T000415,Route_13,Tram,14,30.7,28,10.05,0.3,Mon,0,Fog,1,0.234
T000416,Route_19,Subway,1,34.8,33,8.92,10.0,Sat,0,Rain,0,0.088
T000417,Route_12,Bus,10,34.1,31,6.65,4.0,Wed,0,Clear,0,0.117
T000418,Route_9,Tram,6,22.3,30,14.46,3.8,Mon,0,Clear,0,0.186
T000419,Route_17,Subway,1,16.1,29,3.01,6.2,Thu,0,Clear,0,0.049
T000420,Route_12,Subway,1,42.2,37,3.75,4.8,Fri,0,Rain,1,0.221
T000421,Route_15,Ferry,18,25.0,32,13.31,3.5,Fri,0,Rain,0,0.164
T000422,Route_17,Subway,22,29.4,22,4.26,5.2,Fri,0,Clear,0,0.206
T000423,Route_4,Ferry,18,26.5,26,8.01,0.9,Tue,1,Clear,1,0.104
T000424,Route_8,Train,13,39.8,27,1.61,2.0,Tue,1,Clear,0,0.143
T000425,Route_17,Subway,21,40.8,38,3.85,1.8,Sat,0,Clear,0,0.185
T000426,Route_11,Tram,3,24.9,29,11.61,4.0,Sat,0,Clear,0,0.043
T000427,Route_18,Train,13,36.1,27,4.52,2.9,Mon,0,Clear,0,0.16
T000428,Route_11,Ferry,6,21.4,41,3.39,0.9,Mon,0,Rain,0,0.09
T000429,Route_6,Tram,13,15.4,38,8.39,6.0,Sat,0,Rain,0,0.252
T000430,Route_16,Tram,11,40.5,36,6.63,1.7,Sun,0,Clear,0,0.158
T000431,Route_13,Subway,16,26.9,33,3.24,10.5,Fri,0,Clear,1,0.234
T000432,Route_18,Bus,14,33.6,32,14.91,1.0,Wed,0,Clear,0,0.266
T000433,Route_4,Subway,7,43.0,30,11.2,0.1,Mon,0,Rain,0,0.16
T000434,Route_14,Subway,14,10.1,23,5.94,25.3,Tue,0,Clear,1,0.079
T000435,Route_9,Train,19,14.6,27,4.76,7.7,Fri,0,Clear,0,0.286
T000436,Route_5,Subway,21,21.3,35,14.83,0.4,Thu,0,Clear,1,0.128
T000437,Route_10,Subway,6,15.2,32,14.95,4.8,Sat,0,Rain,1,0.096
T000438,Route_4,Train,9,39.0,33,4.51,9.7,Mon,0,Clear,0,0.106
T000439,Route_16,Ferry,20,31.3,29,12.01,2.8,Thu,0,Clear,0,0.22
T000440,Route_2,Subway,13,43.5,25,11.97,6.6,Wed,0,Rain,0,0.259
T000441,Route_5,Train,13,22.0,24,8.8,1.5,Fri,0,Clear,0,0.11
T000442,Route_5,Subway,9,30.8,22,5.27,3.6,Sat,0,Fog,1,0.217
T000443,Route_5,Subway,4,21.1,35,9.07,3.7,Fri,1,Rain,0,0.291
T000444,Route_9,Train,19,10.1,34,7.95,2.1,Mon,0,Clear,0,0.285
T000445,Route_6,Train,0,11.8,21,2.2,5.6,Wed,0,Clear,0,0.014
T000446,Route_11,Ferry,11,26.8,32,13.89,0.7,Wed,0,Clear,1,0.182
T000447,Route_16,Subway,20,43.1,27,2.68,3.5,Sat,0,Clear,0,0.06
T000448,Route_16,Train,1,33.4,24,6.24,8.4,Sat,0,Clear,1,0.296
T000449,Route_14,Tram,3,11.0,28,11.05,0.8,Sun,1,Clear,1,0.011
T000450,Route_20,Train,18,33.6,25,5.56,9.9,Tue,0,Snow,0,0.134
T000451,Route_6,Train,1,9.0,20,5.11,3.5,Fri,0,Rain,0,0.141
T000452,Route_10,Ferry,20,1.6,33,2.19,1.6,Thu,0,Clear,0,0.059
T000453,Route_9,Ferry,7,23.8,37,7.21,13.7,Tue,0,Clear,1,0.266
T000454,Route_16,Ferry,5,16.2,33,1.87,1.8,Mon,0,Snow,0,0.109
T000455,Route_15,Tram,13,39.1,24,14.08,4.5,Fri,0,Clear,0,0.208
T000456,Route_2,Train,9,15.7,27,12.82,4.6,Sun,0,Rain,1,0.001
T000457,Route_16,Subway,9,11.1,37,3.23,0.9,Thu,0,Clear,0,0.114
T000458,Route_19,Train,18,36.5,24,12.18,7.5,Wed,0,Snow,0,0.197
T000459,Route_8,Tram,8,5.5,23,3.6,7.2,Tue,1,Rain,0,0.165
T000460,Route_14,Bus,16,6.8,25,8.58,1.9,Mon,0,Clear,0,0.156
T000461,Route_10,Bus,5,28.2,30,11.38,19.5,Wed,1,Rain,1,0.112
T000462,Route_12,Ferry,5,0.8,31,4.89,0.8,Thu,0,Rain,0,0.19
T000463,Route_13,Train,21,2.9,36,8.96,0.2,Thu,0,Rain,0,0.216
T000464,Route_1,Tram,21,31.4,26,5.76,8.1,Fri,0,Clear,1,0.294
T000465,Route_15,Ferry,6,25.6,30,7.0,6.9,Tue,0,Clear,0,0.229
T000466,Route_18,Train,13,40.2,36,7.75,9.5,Fri,0,Rain,1,0.181
T000467,Route_10,Bus,5,41.3,23,2.83,2.9,Mon,0,Rain,0,0.11
T000468,Route_18,Ferry,9,12.6,40,8.86,5.2,Thu,1,Rain,1,0.013
T000469,Route_6,Ferry,19,29.0,43,4.77,5.9,Mon,0,Snow,1,0.053
T000470,Route_17,Tram,19,15.6,23,10.44,3.7,Mon,0,Rain,0,0.071
T000471,Route_11,Bus,0,39.2,28,5.77,2.7,Sun,0,Rain,0,0.22
T000472,Route_11,Bus,4,26.2,19,3.25,0.7,Mon,0,Clear,0,0.296
T000473,Route_11,Subway,6,39.0,27,9.63,2.7,Sun,0,Clear,0,0.058
T000474,Route_18,Subway,18,13.8,32,11.82,0.5,Fri,0,Clear,0,0.261
T000475,Route_19,Subway,10,10.8,35,6.4,0.2,Wed,0,Rain,1,0.069
T000476,Route_12,Train,5,29.2,29,2.99,17.3,Wed,0,Rain,1,0.117
T000477,Route_8,Subway,7,35.4,38,2.75,14.9,Sun,1,Clear,1,0.063
T000478,Route_13,Ferry,6,3.6,44,7.53,2.9,Tue,0,Fog,0,0.127
T000479,Route_5,Ferry,6,18.8,21,2.07,9.8,Sat,0,Rain,1,0.204
T000480,Route_8,Subway,15,25.6,34,2.28,0.2,Mon,0,Rain,0,0.284
T000481,Route_6,Ferry,3,27.2,36,13.62,0.0,Fri,0,Fog,0,0.147
T000482,Route_3,Tram,19,37.0,43,11.11,1.5,Sat,0,Clear,0,0.21
T000483,Route_12,Train,12,43.9,36,9.96,4.6,Thu,0,Rain,1,0.163
T000484,Route_4,Tram,19,17.5,32,2.87,5.3,Tue,0,Clear,0,0.253
T000485,Route_8,Ferry,11,4.7,40,4.18,0.4,Wed,0,Clear,0,0.292
T000486,Route_11,Tram,5,41.2,29,13.48,4.6,Wed,0,Clear,0,0.086
T000487,Route_19,Train,2,17.0,26,11.32,6.3,Mon,0,Clear,0,0.234
T000488,Route_1,Subway,10,8.9,31,13.91,7.3,Sun,0,Clear,0,0.142
T000489,Route_17,Subway,9,5.3,27,6.82,0.8,Sun,0,Clear,1,0.133
T000490,Route_3,Bus,12,15.8,29,12.14,1.3,Mon,0,Snow,0,0.284
T000491,Route_19,Tram,22,28.6,31,3.8,1.1,Wed,0,Rain,0,0.29
T000492,Route_8,Bus,0,6.0,35,6.16,4.0,Sun,1,Clear,0,0.247
T000493,Route_7,Train,16,19.7,37,4.53,0.2,Fri,0,Snow,0,0.13
T000494,Route_6,Ferry,19,29.4,40,3.91,10.8,Mon,0,Clear,1,0.267
T000495,Route_19,Train,17,26.2,29,10.24,9.6,Mon,0,Rain,0,0.167
T000496,Route_6,Bus,4,41.2,31,11.65,8.8,Sat,0,Snow,0,0.185
T000497,Route_19,Tram,14,27.1,27,9.64,2.7,Fri,0,Clear,0,0.19
T000498,Route_12,Tram,16,28.2,46,8.49,3.6,Fri,0,Rain,0,0.296
T000499,Route_9,Bus,7,44.1,26,3.2,7.6,Fri,0,Fog,1,0.233
T000500,Route_11,Bus,6,3.3,28,6.06,2.1,Thu,0,Clear,0,0.045
T000501,Route_16,Ferry,15,0.6,35,7.3,1.2,Wed,0,Snow,1,0.05
T000502,Route_20,Train,3,41.3,41,7.05,0.6,Tue,0,Clear,1,0.056
T000503,Route_19,Subway,6,8.8,31,3.38,0.9,Sat,0,Clear,0,0.145
T000504,Route_4,Ferry,10,23.6,26,5.91,5.8,Thu,0,Clear,0,0.112
T000505,Route_1,Subway,15,32.3,34,5.48,0.3,Tue,0,Rain,0,0.247
T000506,Route_8,Train,9,25.0,33,7.03,0.6,Fri,1,Clear,0,0.008
T000507,Route_8,Subway,10,9.1,33,2.71,7.7,Thu,0,Clear,0,0.156
T000508,Route_9,Tram,20,28.7,39,4.37,2.8,Thu,0,Rain,0,0.014
T000509,Route_10,Tram,21,33.9,26,10.22,9.7,Sat,0,Rain,0,0.147
T000510,Route_6,Ferry,2,37.2,28,7.22,6.2,Sun,0,Rain,0,0.276
T000511,Route_8,Train,3,19.1,26,8.62,2.7,Sat,0,Clear,1,0.07
T000512,Route_9,Ferry,10,33.6,24,14.37,7.4,Fri,0,Rain,0,0.282
T000513,Route_15,Tram,11,8.5,29,10.13,0.2,Mon,0,Clear,0,0.101
T000514,Route_18,Train,4,41.2,28,9.12,6.6,Thu,0,Snow,1,0.093
T000515,Route_11,Bus,13,13.5,42,14.86,0.1,Wed,0,Clear,0,0.037
T000516,Route_4,Tram,15,35.7,33,13.88,0.9,Thu,0,Clear,0,0.157
T000517,Route_17,Train,4,19.9,31,1.88,1.9,Thu,0,Rain,0,0.141
T000518,Route_14,Subway,12,23.7,35,14.06,0.1,Thu,0,Clear,0,0.002
T000519,Route_7,Bus,8,21.1,34,6.27,0.6,Sat,0,Rain,0,0.105
T000520,Route_2,Bus,22,30.7,32,2.18,11.8,Tue,0,Clear,1,0.151
T000521,Route_16,Bus,17,23.8,39,11.99,0.1,Wed,0,Snow,0,0.039
T000522,Route_14,Train,22,11.9,31,7.95,4.0,Wed,0,Clear,1,0.236
T000523,Route_16,Bus,0,3.3,35,13.07,6.3,Sun,1,Clear,0,0.261
T000524,Route_5,Train,10,24.0,19,12.68,11.0,Wed,0,Clear,1,0.153
T000525,Route_2,Tram,4,1.6,21,6.25,1.3,Sat,0,Rain,0,0.093
T000526,Route_20,Bus,8,18.0,24,2.79,4.1,Wed,0,Clear,0,0.042
T000527,Route_11,Ferry,14,3.2,29,13.87,5.0,Sat,0,Rain,0,0.041
T000528,Route_20,Train,2,29.3,32,7.04,1.3,Wed,0,Rain,1,0.047
T000529,Route_11,Train,8,19.1,28,6.43,17.0,Sun,0,Rain,1,0.251
T000530,Route_14,Tram,5,17.6,27,7.31,0.0,Tue,0,Clear,1,0.19
T000531,Route_18,Train,9,28.4,26,4.83,0.9,Thu,0,Clear,1,0.001
T000532,Route_4,Ferry,14,21.4,30,13.87,19.1,Wed,0,Clear,1,0.179
T000533,Route_9,Ferry,6,40.4,35,3.9,6.1,Wed,1,Clear,0,0.089
T000534,Route_17,Subway,9,41.9,27,2.4,1.0,Wed,0,Clear,0,0.053
T000535,Route_7,Bus,3,12.7,27,5.14,7.7,Tue,0,Clear,0,0.256
T000536,Route_15,Bus,19,19.7,34,11.58,4.9,Sun,0,Clear,0,0.277
T000537,Route_7,Bus,17,17.5,19,8.72,2.9,Tue,0,Fog,1,0.198
T000538,Route_7,Train,21,31.0,30,9.52,0.2,Fri,1,Snow,0,0.016
T000539,Route_20,Ferry,6,2.7,26,14.24,6.0,Sat,1,Clear,0,0.181
T000540,Route_9,Subway,20,4.1,37,14.7,0.7,Sat,0,Clear,0,0.275
T000541,Route_9,Subway,5,4.0,24,6.04,2.8,Thu,0,Clear,0,0.257
T000542,Route_14,Ferry,12,42.8,30,9.13,13.4,Mon,0,Clear,1,0.11
T000543,Route_17,Bus,21,17.0,27,9.01,8.2,Tue,0,Clear,0,0.258
T000544,Route_3,Bus,9,44.8,23,2.35,7.7,Tue,1,Rain,0,0.018
T000545,Route_19,Bus,0,7.9,46,4.86,10.3,Wed,0,Snow,1,0.029
T000546,Route_11,Train,22,5.9,45,3.12,2.9,Mon,1,Fog,0,0.292
T000547,Route_10,Subway,0,43.1,37,8.31,5.3,Mon,0,Clear,0,0.204
T000548,Route_14,Train,1,8.4,45,7.42,4.6,Wed,0,Snow,1,0.212
T000549,Route_17,Tram,2,4.6,30,5.64,12.0,Wed,0,Fog,1,0.142
T000550,Route_15,Tram,10,25.6,27,4.21,2.2,Tue,1,Clear,1,0.218
T000551,Route_13,Subway,6,16.3,24,13.33,2.2,Sun,0,Clear,0,0.163
T000552,Route_12,Bus,5,40.1,31,12.8,0.3,Sat,0,Rain,0,0.193
T000553,Route_17,Ferry,12,35.9,20,13.08,7.5,Sun,0,Rain,0,0.072
T000554,Route_11,Subway,10,27.9,24,13.08,9.8,Tue,1,Clear,0,0.294
T000555,Route_16,Subway,0,35.8,29,11.63,9.0,Sat,0,Clear,0,0.252
T000556,Route_2,Train,10,40.9,28,11.19,10.1,Fri,1,Rain,1,0.258
T000557,Route_2,Ferry,4,44.9,29,9.56,7.5,Thu,1,Rain,0,0.006
T000558,Route_6,Ferry,19,3.0,20,11.91,12.0,Wed,0,Rain,1,0.06
T000559,Route_10,Ferry,6,39.4,29,11.45,2.3,Sat,0,Clear,1,0.222
T000560,Route_8,Train,16,40.6,27,6.79,3.2,Sun,0,Rain,0,0.103
T000561,Route_4,Subway,13,19.4,28,13.3,8.0,Fri,0,Rain,0,0.183
T000562,Route_18,Tram,6,29.6,27,13.51,0.8,Sat,0,Clear,0,0.098
T000563,Route_3,Subway,16,44.2,26,6.58,8.6,Sun,0,Clear,0,0.015
T000564,Route_17,Subway,12,35.9,37,11.74,1.8,Wed,0,Snow,1,0.181
T000565,Route_4,Tram,1,26.9,29,7.89,1.5,Mon,0,Rain,1,0.19
T000566,Route_15,Train,2,27.0,37,14.27,3.7,Sun,0,Rain,0,0.208
T000567,Route_7,Ferry,5,29.4,34,7.25,3.6,Fri,0,Snow,0,0.132
T000568,Route_12,Ferry,17,20.6,25,4.06,3.7,Sat,0,Clear,0,0.067
T000569,Route_10,Subway,21,28.8,34,12.8,1.0,Mon,0,Snow,0,0.273
T000570,Route_3,Ferry,7,24.7,22,10.06,6.3,Fri,1,Clear,0,0.111
T000571,Route_16,Train,15,2.8,34,3.44,4.6,Sat,0,Clear,0,0.171
T000572,Route_3,Tram,5,29.8,29,2.38,1.4,Sat,0,Snow,0,0.023
T000573,Route_20,Ferry,8,13.7,26,10.07,1.5,Tue,0,Clear,0,0.039
T000574,Route_3,Ferry,15,21.3,27,6.45,2.8,Tue,0,Rain,0,0.066
T000575,Route_17,Tram,18,3.6,26,13.84,7.4,Sat,0,Clear,0,0.251
T000576,Route_15,Bus,0,32.7,36,3.96,19.6,Fri,0,Clear,1,0.091
T000577,Route_11,Subway,1,15.6,35,6.82,11.2,Tue,0,Rain,1,0.298
T000578,Route_9,Subway,15,9.4,35,3.21,0.2,Sat,0,Snow,0,0.146
T000579,Route_7,Subway,0,39.3,34,8.16,12.3,Mon,0,Rain,1,0.198
T000580,Route_7,Bus,21,20.7,23,13.54,13.4,Sat,0,Rain,1,0.049
T000581,Route_8,Train,18,35.3,28,6.69,5.0,Fri,0,Clear,0,0.217
T000582,Route_4,Train,4,44.7,31,2.25,0.8,Tue,0,Clear,0,0.018
T000583,Route_5,Tram,19,41.9,22,7.15,12.0,Tue,0,Clear,1,0.229
T000584,Route_10,Ferry,19,2.1,27,8.04,5.1,Wed,0,Rain,0,0.288
T000585,Route_16,Tram,17,27.2,30,8.17,6.1,Fri,0,Snow,0,0.047
T000586,Route_15,Train,9,35.4,27,6.48,12.3,Wed,0,Rain,1,0.142
T000587,Route_2,Ferry,21,10.3,33,5.74,0.3,Thu,0,Rain,1,0.212
T000588,Route_5,Subway,17,2.5,27,12.0,2.7,Thu,0,Clear,0,0.09
T000589,Route_3,Bus,8,37.7,28,9.4,9.7,Tue,0,Clear,0,0.118
T000590,Route_16,Bus,13,11.8,28,4.83,1.4,Tue,0,Clear,0,0.3
T000591,Route_20,Subway,20,3.0,23,3.26,8.3,Fri,0,Snow,0,0.069
T000592,Route_11,Tram,22,15.8,37,9.61,5.5,Thu,0,Rain,0,0.102
T000593,Route_7,Train,0,6.4,19,7.84,4.1,Tue,0,Clear,0,0.017
T000594,Route_8,Subway,22,11.7,23,13.48,6.9,Sat,0,Clear,0,0.272
T000595,Route_13,Ferry,0,21.5,29,7.92,2.2,Wed,0,Rain,0,0.109
T000596,Route_3,Ferry,10,7.9,32,3.79,4.7,Tue,0,Clear,0,0.127
T000597,Route_3,Subway,8,10.2,28,2.89,0.2,Thu,0,Clear,0,0.294
T000598,Route_8,Bus,1,13.8,31,9.62,2.4,Sat,0,Clear,0,0.157
T000599,Route_3,Bus,3,11.6,34,8.28,0.5,Fri,0,Clear,1,0.275
T000600,Route_9,Subway,6,26.2,25,8.2,3.2,Sat,0,Rain,0,0.273
T000601,Route_7,Ferry,13,42.3,32,2.29,0.5,Mon,0,Clear,0,0.207
T000602,Route_17,Train,12,21.6,31,1.53,13.8,Mon,0,Rain,1,0.075
T000603,Route_6,Ferry,0,39.8,29,4.96,2.1,Mon,1,Rain,0,0.207
T000604,Route_11,Ferry,13,23.1,36,14.14,1.1,Sat,0,Clear,0,0.176
T000605,Route_17,Train,14,37.1,31,11.98,6.4,Sat,0,Clear,0,0.291
T000606,Route_13,Tram,0,22.5,37,5.75,3.2,Wed,0,Clear,0,0.06
T000607,Route_16,Ferry,3,30.5,30,5.42,12.4,Tue,0,Clear,1,0.18
T000608,Route_1,Bus,19,40.6,32,1.73,28.2,Fri,1,Rain,1,0.24
T000609,Route_10,Bus,13,17.5,21,6.81,1.6,Sun,0,Rain,0,0.135
T000610,Route_17,Ferry,8,7.5,42,8.8,0.5,Sun,0,Clear,0,0.208
T000611,Route_5,Subway,9,30.0,40,6.72,0.1,Wed,0,Clear,0,0.161
T000612,Route_3,Tram,1,16.7,29,13.42,2.6,Sat,0,Clear,0,0.269
T000613,Route_17,Train,2,21.0,34,4.42,3.1,Mon,0,Clear,1,0.29
T000614,Route_2,Ferry,1,44.6,39,14.4,18.5,Sat,0,Clear,1,0.226
T000615,Route_6,Train,1,3.4,29,9.12,21.3,Thu,1,Snow,1,0.117
T000616,Route_15,Subway,22,2.1,39,6.38,0.8,Tue,0,Clear,0,0.214
T000617,Route_4,Subway,1,20.5,32,11.67,2.0,Tue,0,Clear,0,0.226
T000618,Route_19,Bus,12,28.1,31,9.19,0.1,Sat,0,Clear,0,0.043
T000619,Route_13,Subway,5,12.5,33,1.69,6.0,Thu,0,Clear,0,0.177
T000620,Route_7,Train,5,2.7,36,7.66,9.6,Thu,0,Fog,1,0.121
T000621,Route_11,Tram,2,4.2,33,5.91,5.5,Fri,0,Rain,1,0.132
T000622,Route_6,Bus,19,21.4,26,8.84,2.6,Mon,0,Clear,0,0.278
T000623,Route_17,Tram,13,29.8,33,6.81,7.6,Sat,0,Rain,0,0.18
T000624,Route_12,Train,13,21.0,30,3.09,2.5,Sat,0,Rain,1,0.223
T000625,Route_20,Ferry,14,1.8,18,7.39,2.3,Sat,0,Clear,0,0.013
T000626,Route_2,Subway,17,43.4,29,10.86,2.9,Mon,0,Clear,0,0.201
T000627,Route_17,Bus,7,37.3,28,10.64,9.7,Thu,0,Clear,0,0.078
T000628,Route_20,Ferry,7,17.2,23,4.02,2.0,Thu,0,Clear,0,0.055
T000629,Route_12,Ferry,9,30.7,36,7.62,5.1,Wed,0,Snow,0,0.195
T000630,Route_10,Tram,19,8.9,28,5.23,20.9,Mon,0,Snow,1,0.015
T000631,Route_2,Tram,19,3.5,36,9.74,4.4,Fri,0,Clear,0,0.039
T000632,Route_2,Tram,21,40.7,34,4.95,1.1,Mon,0,Clear,0,0.234
T000633,Route_17,Ferry,4,28.3,32,10.34,21.1,Mon,0,Clear,1,0.24
T000634,Route_12,Train,0,2.5,41,4.94,6.2,Fri,0,Clear,0,0.061
T000635,Route_4,Train,8,24.8,31,1.63,0.8,Mon,0,Rain,0,0.264
T000636,Route_1,Train,12,20.1,31,6.09,2.0,Fri,0,Rain,0,0.185
T000637,Route_16,Subway,0,22.2,26,3.35,5.6,Sun,0,Snow,0,0.288
T000638,Route_1,Bus,5,10.2,29,9.98,16.9,Fri,0,Clear,1,0.144
T000639,Route_16,Subway,10,4.9,22,4.78,7.7,Fri,1,Clear,0,0.023
T000640,Route_2,Ferry,6,10.1,32,4.08,2.1,Mon,0,Rain,1,0.073
T000641,Route_13,Ferry,7,27.4,30,2.12,1.0,Fri,0,Clear,0,0.281
T000642,Route_15,Bus,20,4.9,33,13.85,1.9,Thu,0,Clear,0,0.058
T000643,Route_7,Train,22,7.3,31,12.88,1.4,Fri,0,Fog,0,0.095
T000644,Route_6,Train,12,25.5,31,12.78,11.1,Fri,0,Clear,1,0.242
T000645,Route_2,Subway,14,1.2,34,3.4,4.5,Thu,0,Clear,0,0.034
T000646,Route_18,Subway,16,37.0,38,7.39,1.7,Fri,0,Clear,0,0.211
T000647,Route_2,Ferry,6,22.3,23,12.64,4.9,Tue,0,Snow,0,0.072
T000648,Route_20,Train,5,2.7,29,3.26,1.6,Mon,0,Clear,0,0.208
T000649,Route_6,Bus,9,22.7,36,8.17,3.5,Mon,1,Rain,0,0.09
T000650,Route_1,Bus,9,13.3,34,3.54,6.6,Fri,0,Rain,0,0.261
T000651,Route_12,Train,21,17.1,33,9.13,2.9,Tue,1,Snow,0,0.197
T000652,Route_7,Bus,21,26.8,25,4.67,4.2,Sun,0,Rain,1,0.019
T000653,Route_5,Bus,16,34.8,33,10.68,0.7,Fri,0,Clear,0,0.225
T000654,Route_2,Bus,22,32.7,32,8.51,2.1,Mon,0,Clear,0,0.201
T000655,Route_1,Train,7,10.4,40,10.58,6.4,Thu,0,Clear,0,0.023
T000656,Route_3,Tram,17,40.1,31,2.8,5.2,Sun,0,Rain,1,0.1
T000657,Route_19,Bus,10,26.7,34,3.66,4.2,Thu,0,Rain,0,0.225
T000658,Route_18,Ferry,22,11.4,36,9.96,14.4,Fri,1,Clear,1,0.297
T000659,Route_2,Train,17,19.8,27,10.88,11.0,Fri,0,Rain,1,0.272
T000660,Route_19,Train,22,31.2,23,12.46,7.9,Thu,0,Clear,0,0.144
T000661,Route_1,Subway,16,34.7,34,11.61,10.0,Fri,0,Clear,0,0.142
T000662,Route_6,Tram,0,12.7,34,10.59,3.1,Sat,0,Rain,1,0.139
T000663,Route_12,Ferry,9,22.2,31,6.34,5.2,Sat,0,Clear,0,0.212
T000664,Route_20,Train,4,13.1,34,3.47,2.8,Sun,0,Clear,0,0.149
T000665,Route_20,Subway,2,1.0,32,9.45,6.4,Wed,0,Clear,0,0.227
T000666,Route_18,Tram,3,26.8,30,13.85,0.0,Sat,0,Clear,0,0.2
T000667,Route_14,Tram,2,24.7,24,9.26,4.5,Fri,0,Fog,0,0.206
T000668,Route_10,Train,0,15.2,34,13.68,0.2,Thu,0,Clear,0,0.161
T000669,Route_4,Subway,8,31.4,34,1.92,7.1,Thu,0,Clear,1,0.218
T000670,Route_10,Subway,11,18.7,39,13.08,20.4,Fri,0,Clear,1,0.239
T000671,Route_2,Train,22,34.0,26,12.82,0.7,Mon,0,Fog,0,0.218
T000672,Route_13,Bus,14,4.7,26,4.87,3.4,Sun,0,Clear,1,0.104
T000673,Route_5,Train,6,42.8,27,3.6,6.8,Mon,0,Fog,0,0.264
T000674,Route_10,Bus,17,17.4,27,8.09,1.4,Wed,0,Clear,0,0.193
T000675,Route_1,Tram,7,10.4,33,5.47,4.2,Fri,0,Clear,0,0.284
T000676,Route_16,Tram,17,12.3,24,9.39,2.0,Fri,0,Clear,0,0.207
T000677,Route_5,Subway,11,4.0,25,9.12,0.7,Mon,0,Clear,0,0.244
T000678,Route_5,Bus,7,34.2,23,7.31,9.0,Wed,0,Clear,0,0.068
T000679,Route_13,Ferry,15,34.8,30,14.11,0.1,Mon,0,Rain,1,0.143
T000680,Route_7,Ferry,13,16.4,32,1.66,8.8,Fri,1,Clear,0,0.026
T000681,Route_9,Ferry,15,3.8,28,13.57,3.9,Sun,0,Rain,0,0.159
T000682,Route_2,Subway,22,0.9,33,14.65,13.4,Wed,0,Snow,1,0.283
T000683,Route_8,Subway,0,41.6,31,4.19,2.5,Sun,0,Rain,0,0.119
T000684,Route_13,Train,12,19.6,28,2.71,9.5,Mon,0,Clear,1,0.162
T000685,Route_4,Ferry,22,1.9,31,6.13,3.5,Thu,0,Clear,0,0.06
T000686,Route_1,Ferry,6,38.5,35,6.88,3.8,Thu,0,Clear,1,0.25
T000687,Route_8,Bus,19,8.3,30,3.29,14.8,Sun,0,Rain,1,0.179
T000688,Route_15,Train,20,33.7,22,2.11,1.2,Mon,0,Snow,0,0.129
T000689,Route_12,Bus,7,5.7,28,4.55,8.2,Sun,0,Rain,1,0.275
