trip_id,route,vehicle,scheduled_min,actual_min,delay_min,passengers,weather,peak_hour,day_of_week
T0001,Route_D,Metro,30.2,40.6,10.4,52,Clear,0,4
T0002,Route_D,Tram,12.3,18.1,5.9,58,Clear,0,3
T0003,Route_B,Metro,57.5,57.7,0.2,52,Clear,0,5
T0004,Route_C,Ferry,66.6,80.9,14.3,42,Fog,1,1
T0005,Route_B,Bus,11.8,11.3,0.0,44,Rain,1,2
T0006,Route_A,Ferry,30.0,39.9,9.9,48,Rain,0,1
T0007,Route_B,Ferry,113.3,161.7,48.3,52,Clear,0,0
T0008,Route_E,Metro,39.8,55.0,15.1,47,Rain,0,6
T0009,Route_E,Bus,11.7,12.8,1.1,48,Clear,0,2
T0010,Route_C,Bus,76.7,111.0,34.4,53,Snow,0,0
T0011,Route_E,Tram,75.0,74.5,0.0,51,Fog,1,4
T0012,Route_B,Tram,67.5,74.2,6.7,46,Fog,0,4
T0013,Route_C,Metro,35.2,30.0,0.0,45,Fog,1,0
T0014,Route_E,Ferry,98.4,91.6,0.0,60,Snow,1,6
T0015,Route_A,Bus,35.1,38.5,3.5,48,Clear,0,6
T0016,Route_C,Bus,54.4,46.0,0.0,45,Rain,1,4
T0017,Route_A,Bus,39.3,58.4,19.0,48,Clear,1,5
T0018,Route_B,Metro,63.8,95.1,31.3,44,Snow,0,6
T0019,Route_E,Ferry,118.2,127.5,9.4,57,Clear,0,4
T0020,Route_C,Ferry,45.9,43.8,0.0,55,Clear,0,0
T0021,Route_A,Train,102.1,130.0,27.9,55,Rain,1,6
T0022,Route_D,Train,118.0,137.1,19.1,60,Clear,1,2
T0023,Route_D,Bus,80.6,69.2,0.0,52,Clear,1,4
T0024,Route_B,Train,63.4,70.6,7.2,42,Rain,1,0
T0025,Route_D,Tram,50.4,49.7,0.0,48,Rain,1,5
T0026,Route_A,Ferry,83.6,117.4,33.8,44,Rain,1,0
T0027,Route_D,Ferry,61.7,61.4,0.0,60,Fog,0,5
T0028,Route_E,Tram,117.8,100.5,0.0,46,Clear,0,1
T0029,Route_A,Train,113.0,145.4,32.4,51,Rain,1,1
T0030,Route_C,Train,106.5,140.4,33.9,54,Clear,0,6
T0031,Route_B,Tram,38.2,46.9,8.7,38,Rain,0,5
T0032,Route_D,Tram,47.2,50.1,3.0,39,Clear,0,6
T0033,Route_E,Train,104.6,102.0,0.0,32,Rain,0,4
T0034,Route_D,Ferry,116.2,130.1,14.0,58,Clear,1,3
T0035,Route_E,Train,66.8,68.5,1.7,57,Clear,0,4
T0036,Route_B,Metro,18.9,20.8,1.9,54,Fog,0,5
T0037,Route_A,Metro,40.8,59.9,19.1,55,Rain,0,3
T0038,Route_B,Tram,93.4,75.6,0.0,40,Clear,1,3
T0039,Route_E,Ferry,11.9,15.9,4.0,57,Clear,1,1
T0040,Route_B,Metro,107.5,105.7,0.0,50,Rain,1,6
T0041,Route_B,Bus,105.4,131.3,25.9,57,Rain,0,4
T0042,Route_C,Tram,113.6,121.5,8.0,43,Clear,0,2
T0043,Route_B,Tram,47.0,59.2,12.2,48,Clear,0,6
T0044,Route_D,Train,86.6,107.5,20.8,60,Snow,0,1
T0045,Route_E,Bus,72.5,87.3,14.7,55,Clear,0,6
T0046,Route_E,Ferry,57.2,75.8,18.6,56,Fog,0,0
T0047,Route_E,Tram,21.0,17.6,0.0,47,Rain,0,1
T0048,Route_E,Metro,42.3,43.5,1.3,54,Snow,1,4
T0049,Route_E,Train,117.2,175.4,58.2,51,Fog,1,1
T0050,Route_D,Bus,21.1,18.1,0.0,54,Snow,1,4
T0051,Route_E,Metro,35.7,43.0,7.4,52,Rain,0,3
T0052,Route_C,Train,109.7,96.3,0.0,50,Clear,0,3
T0053,Route_E,Bus,91.9,117.3,25.4,44,Clear,0,0
T0054,Route_E,Train,11.3,16.8,5.4,37,Fog,0,0
T0055,Route_A,Bus,79.0,95.6,16.5,61,Clear,1,5
T0056,Route_D,Ferry,46.9,43.1,0.0,53,Clear,0,4
T0057,Route_A,Ferry,118.5,152.7,34.2,51,Snow,1,4
T0058,Route_E,Tram,100.5,147.2,46.7,55,Clear,1,1
T0059,Route_C,Metro,28.1,30.6,2.5,56,Fog,0,1
T0060,Route_A,Tram,102.6,142.3,39.7,49,Clear,0,5
T0061,Route_D,Bus,68.8,91.1,22.3,62,Rain,1,2
T0062,Route_A,Metro,59.6,53.0,0.0,67,Clear,1,1
T0063,Route_D,Train,64.8,73.4,8.6,58,Snow,1,5
T0064,Route_C,Bus,74.9,85.1,10.2,48,Rain,1,6
T0065,Route_D,Train,48.6,58.9,10.3,48,Fog,0,5
T0066,Route_A,Ferry,42.8,49.9,7.1,54,Clear,1,0
T0067,Route_D,Ferry,60.5,89.9,29.4,50,Rain,0,2
T0068,Route_A,Tram,25.3,31.6,6.3,43,Snow,0,4
T0069,Route_B,Metro,31.2,25.8,0.0,42,Clear,0,0
T0070,Route_E,Bus,49.2,70.1,20.9,41,Clear,0,6
T0071,Route_A,Tram,111.3,93.8,0.0,45,Rain,0,6
T0072,Route_B,Ferry,50.6,56.8,6.3,55,Clear,1,6
T0073,Route_C,Ferry,21.8,24.3,2.5,51,Clear,0,1
T0074,Route_A,Bus,33.3,34.2,1.0,52,Snow,0,6
T0075,Route_D,Train,71.4,86.4,15.0,51,Clear,1,1
T0076,Route_C,Tram,118.5,145.1,26.6,44,Clear,0,3
T0077,Route_C,Bus,18.8,22.0,3.1,40,Fog,1,5
T0078,Route_A,Tram,100.3,130.7,30.4,51,Snow,0,1
T0079,Route_D,Tram,31.9,42.0,10.1,51,Snow,0,5
T0080,Route_C,Ferry,45.3,55.0,9.8,47,Rain,0,1
T0081,Route_E,Train,19.7,17.6,0.0,49,Snow,0,4
T0082,Route_D,Ferry,54.9,79.8,24.9,47,Rain,0,4
T0083,Route_C,Bus,92.6,125.8,33.3,58,Clear,1,5
T0084,Route_D,Bus,106.5,114.4,8.0,57,Clear,0,5
T0085,Route_A,Bus,35.5,50.8,15.3,47,Fog,1,2
T0086,Route_C,Tram,46.8,42.0,0.0,57,Rain,1,3
T0087,Route_E,Bus,44.3,43.1,0.0,55,Rain,1,2
T0088,Route_B,Bus,21.3,25.1,3.7,47,Rain,0,4
T0089,Route_E,Ferry,89.4,116.6,27.2,53,Rain,0,4
T0090,Route_D,Tram,115.5,120.1,4.6,44,Clear,1,1
T0091,Route_E,Train,77.3,62.8,0.0,51,Fog,1,1
T0092,Route_A,Ferry,51.2,43.4,0.0,38,Snow,1,0
T0093,Route_E,Metro,28.2,26.2,0.0,58,Clear,0,6
T0094,Route_E,Bus,91.9,86.7,0.0,56,Clear,0,1
T0095,Route_C,Train,61.2,69.6,8.4,62,Clear,1,5
T0096,Route_A,Ferry,56.1,80.8,24.7,47,Rain,0,4
T0097,Route_A,Bus,115.7,104.6,0.0,48,Fog,0,0
T0098,Route_E,Tram,33.1,47.3,14.2,43,Clear,0,2
T0099,Route_B,Bus,95.3,106.5,11.2,50,Clear,0,6
T0100,Route_D,Bus,46.8,39.9,0.0,56,Snow,0,0
T0101,Route_D,Train,105.4,114.4,9.0,51,Clear,0,5
T0102,Route_A,Metro,29.6,37.3,7.6,44,Clear,1,5
T0103,Route_C,Ferry,113.9,102.4,0.0,48,Clear,1,0
T0104,Route_E,Tram,23.5,33.2,9.7,53,Fog,1,2
T0105,Route_B,Train,49.9,41.1,0.0,58,Snow,0,4
T0106,Route_D,Tram,114.3,152.6,38.2,50,Snow,0,2
T0107,Route_A,Bus,69.6,86.5,16.9,45,Snow,1,1
T0108,Route_E,Metro,86.0,110.0,23.9,57,Snow,0,1
T0109,Route_A,Metro,81.7,112.8,31.1,43,Clear,1,5
T0110,Route_C,Train,76.1,96.3,20.2,48,Rain,0,3
T0111,Route_C,Bus,19.1,23.4,4.2,44,Clear,0,0
T0112,Route_C,Tram,114.4,123.3,8.9,67,Clear,0,6
T0113,Route_D,Tram,75.5,63.1,0.0,50,Clear,1,4
T0114,Route_A,Bus,48.7,53.0,4.3,54,Clear,0,1
T0115,Route_E,Ferry,86.4,85.6,0.0,52,Clear,1,4
T0116,Route_A,Train,86.0,100.1,14.2,56,Snow,1,5
T0117,Route_A,Train,63.8,61.0,0.0,63,Rain,1,5
T0118,Route_E,Bus,31.2,27.5,0.0,48,Rain,0,2
T0119,Route_B,Tram,101.2,83.6,0.0,52,Clear,0,4
T0120,Route_C,Train,89.7,75.9,0.0,46,Snow,0,1
T0121,Route_A,Metro,77.7,74.9,0.0,51,Snow,1,3
T0122,Route_E,Bus,54.2,61.6,7.4,53,Fog,1,0
T0123,Route_D,Metro,90.5,72.7,0.0,49,Snow,1,4
T0124,Route_A,Bus,110.1,91.6,0.0,40,Clear,1,4
T0125,Route_E,Metro,19.8,21.7,1.8,49,Clear,1,2
T0126,Route_D,Metro,81.5,99.8,18.4,50,Clear,0,0
T0127,Route_B,Tram,100.9,137.3,36.4,53,Rain,0,0
T0128,Route_E,Tram,53.6,71.3,17.7,54,Snow,0,4
T0129,Route_A,Bus,108.4,152.0,43.6,49,Clear,0,2
T0130,Route_A,Train,104.8,143.3,38.4,53,Clear,0,6
T0131,Route_C,Metro,15.4,18.0,2.7,69,Snow,1,1
T0132,Route_E,Metro,109.7,131.7,21.9,53,Snow,1,2
T0133,Route_D,Bus,27.3,24.9,0.0,46,Fog,0,2
T0134,Route_D,Metro,106.9,150.8,43.9,41,Rain,0,3
T0135,Route_B,Metro,65.8,53.0,0.0,45,Fog,1,6
T0136,Route_B,Ferry,11.0,15.1,4.1,41,Clear,0,1
T0137,Route_D,Ferry,29.7,39.5,9.7,56,Snow,1,0
T0138,Route_D,Bus,74.0,77.2,3.1,52,Snow,1,4
T0139,Route_D,Ferry,81.2,98.8,17.6,47,Snow,0,2
T0140,Route_C,Train,10.1,9.2,0.0,49,Clear,1,6
T0141,Route_E,Metro,42.8,59.4,16.6,56,Clear,1,5
T0142,Route_D,Ferry,90.4,129.9,39.5,56,Clear,0,5
T0143,Route_B,Metro,32.0,45.1,13.1,55,Clear,0,3
T0144,Route_A,Bus,20.0,18.2,0.0,49,Clear,1,3
T0145,Route_E,Ferry,116.4,108.3,0.0,49,Rain,1,3
T0146,Route_D,Bus,32.1,36.7,4.6,36,Clear,1,2
T0147,Route_E,Bus,11.3,9.6,0.0,48,Rain,0,4
T0148,Route_A,Bus,114.8,164.8,50.0,55,Clear,0,5
T0149,Route_D,Ferry,48.1,64.6,16.5,64,Rain,1,5
T0150,Route_A,Metro,18.6,20.1,1.5,41,Rain,1,1
T0151,Route_B,Ferry,21.5,26.8,5.3,54,Fog,0,0
T0152,Route_B,Ferry,105.8,137.5,31.7,57,Snow,0,3
T0153,Route_D,Train,96.2,109.4,13.1,32,Clear,1,3
T0154,Route_D,Metro,62.7,77.2,14.5,46,Rain,1,4
T0155,Route_C,Ferry,71.1,92.7,21.6,43,Clear,0,0
T0156,Route_D,Bus,105.5,138.1,32.6,55,Clear,0,3
T0157,Route_D,Train,105.4,127.0,21.6,49,Clear,1,1
T0158,Route_D,Train,119.1,119.0,0.0,47,Clear,1,0
T0159,Route_C,Train,88.7,127.5,38.7,42,Fog,0,4
T0160,Route_E,Bus,37.2,52.4,15.2,49,Clear,0,5
T0161,Route_A,Tram,44.3,47.9,3.5,59,Rain,0,3
T0162,Route_E,Tram,107.2,118.9,11.7,46,Rain,0,4
T0163,Route_D,Tram,114.3,111.7,0.0,47,Rain,0,3
T0164,Route_E,Bus,102.9,140.3,37.4,52,Clear,0,1
T0165,Route_B,Bus,68.4,99.6,31.2,32,Clear,1,4
T0166,Route_A,Bus,74.3,95.3,20.9,48,Rain,0,0
T0167,Route_B,Metro,105.5,118.0,12.5,50,Rain,0,5
T0168,Route_E,Ferry,87.5,82.4,0.0,39,Clear,1,5
T0169,Route_B,Bus,102.2,149.3,47.1,54,Rain,1,0
T0170,Route_D,Tram,112.4,144.2,31.8,54,Rain,0,4
T0171,Route_A,Train,48.3,44.1,0.0,52,Snow,1,4
T0172,Route_A,Metro,72.4,95.3,22.9,60,Clear,1,5
T0173,Route_B,Train,106.6,108.9,2.3,59,Clear,1,4
T0174,Route_A,Ferry,77.1,92.1,15.0,47,Rain,0,2
T0175,Route_D,Train,74.6,68.5,0.0,53,Rain,0,1
T0176,Route_D,Metro,99.5,87.2,0.0,41,Clear,0,2
T0177,Route_B,Ferry,115.1,93.6,0.0,43,Rain,1,0
T0178,Route_D,Tram,51.8,48.6,0.0,50,Clear,1,4
T0179,Route_D,Tram,112.3,131.6,19.4,52,Rain,0,4
T0180,Route_D,Train,23.4,21.7,0.0,54,Rain,1,0
T0181,Route_B,Metro,38.2,56.3,18.1,50,Rain,0,1
T0182,Route_C,Metro,76.2,104.6,28.4,60,Clear,1,1
T0183,Route_A,Metro,109.6,146.8,37.2,51,Clear,1,3
T0184,Route_D,Train,99.0,132.4,33.3,41,Clear,0,3
T0185,Route_B,Bus,33.8,29.3,0.0,52,Clear,0,4
T0186,Route_A,Bus,118.7,106.3,0.0,54,Clear,1,0
T0187,Route_C,Ferry,100.1,122.3,22.2,46,Snow,0,4
T0188,Route_A,Ferry,31.1,31.9,0.8,44,Clear,0,1
T0189,Route_D,Metro,17.7,22.1,4.4,45,Rain,0,1
T0190,Route_C,Train,119.4,150.8,31.4,51,Clear,0,3
T0191,Route_B,Ferry,115.8,144.1,28.3,56,Clear,0,6
T0192,Route_D,Bus,43.1,64.1,21.0,49,Clear,1,5
T0193,Route_E,Ferry,112.0,131.9,19.9,58,Rain,0,6
T0194,Route_A,Metro,100.9,135.9,35.0,54,Clear,0,1
T0195,Route_A,Metro,48.1,46.5,0.0,50,Clear,1,1
T0196,Route_C,Tram,73.2,87.6,14.4,48,Clear,0,4
T0197,Route_C,Train,105.5,143.9,38.4,57,Clear,0,1
T0198,Route_C,Train,34.6,50.9,16.3,51,Rain,0,0
T0199,Route_D,Bus,76.7,102.4,25.7,42,Clear,0,4
T0200,Route_B,Metro,12.8,11.5,0.0,46,Clear,0,5
T0201,Route_E,Tram,78.2,98.1,19.9,42,Snow,0,1
T0202,Route_C,Train,16.4,21.0,4.7,41,Clear,0,3
T0203,Route_A,Ferry,79.7,76.5,0.0,44,Clear,1,5
T0204,Route_B,Metro,107.5,119.9,12.3,43,Clear,1,4
T0205,Route_E,Metro,11.2,12.2,1.0,50,Clear,1,1
T0206,Route_E,Bus,45.6,63.1,17.5,53,Clear,0,0
T0207,Route_C,Bus,70.3,78.6,8.3,58,Clear,0,3
T0208,Route_D,Train,62.4,66.3,3.9,48,Snow,1,0
T0209,Route_A,Bus,113.7,155.4,41.6,37,Fog,0,4
T0210,Route_D,Tram,64.5,69.0,4.5,49,Snow,0,4
T0211,Route_C,Metro,91.1,105.6,14.4,54,Clear,1,4
T0212,Route_C,Tram,11.3,16.7,5.3,55,Clear,0,6
T0213,Route_C,Tram,30.4,28.0,0.0,39,Snow,0,5
T0214,Route_D,Bus,42.5,56.9,14.4,53,Clear,0,5
T0215,Route_D,Bus,80.8,94.7,13.8,57,Fog,1,4
T0216,Route_D,Train,24.1,25.0,0.9,63,Clear,0,3
T0217,Route_B,Bus,28.0,27.8,0.0,63,Clear,0,4
T0218,Route_C,Train,99.8,140.0,40.2,44,Clear,1,5
T0219,Route_D,Tram,45.2,60.0,14.8,45,Rain,0,4
T0220,Route_D,Tram,116.2,132.6,16.5,41,Clear,1,0
T0221,Route_C,Tram,26.7,23.1,0.0,52,Clear,0,1
T0222,Route_A,Ferry,89.9,134.4,44.4,39,Snow,0,1
T0223,Route_E,Tram,30.7,32.2,1.5,56,Clear,1,5
T0224,Route_D,Bus,11.2,14.9,3.6,56,Snow,1,5
T0225,Route_C,Metro,23.7,25.4,1.7,53,Clear,0,5
T0226,Route_E,Metro,13.2,12.1,0.0,42,Clear,1,4
T0227,Route_C,Metro,73.8,88.0,14.2,51,Rain,1,6
T0228,Route_D,Ferry,45.4,56.6,11.2,41,Rain,1,4
T0229,Route_D,Tram,58.4,52.8,0.0,46,Clear,0,2
T0230,Route_D,Tram,94.3,123.9,29.6,46,Rain,0,6
T0231,Route_C,Ferry,52.2,62.7,10.5,52,Clear,0,4
T0232,Route_C,Bus,74.4,90.1,15.7,56,Snow,0,4
T0233,Route_E,Metro,62.9,69.5,6.6,64,Rain,0,6
T0234,Route_B,Tram,58.1,76.1,18.0,56,Rain,0,6
T0235,Route_D,Bus,115.2,97.7,0.0,35,Clear,0,3
T0236,Route_B,Train,102.9,101.7,0.0,42,Clear,1,2
T0237,Route_A,Metro,68.6,74.6,6.0,47,Clear,1,3
T0238,Route_E,Train,101.1,136.6,35.5,53,Fog,0,6
T0239,Route_B,Metro,72.2,81.2,9.0,47,Clear,0,1
T0240,Route_A,Bus,67.6,59.5,0.0,59,Clear,1,0
T0241,Route_B,Train,63.3,58.0,0.0,54,Clear,1,5
T0242,Route_D,Ferry,49.2,73.0,23.8,57,Clear,1,1
T0243,Route_D,Ferry,67.1,63.3,0.0,59,Clear,1,1
T0244,Route_A,Train,17.2,19.3,2.1,61,Clear,0,3
T0245,Route_A,Tram,51.8,69.6,17.8,69,Rain,0,3
T0246,Route_A,Ferry,40.4,41.2,0.8,53,Snow,0,3
T0247,Route_D,Ferry,28.3,34.7,6.5,47,Clear,0,3
T0248,Route_A,Metro,90.6,124.5,33.9,46,Fog,1,0
T0249,Route_D,Tram,65.6,96.9,31.3,54,Clear,1,6
T0250,Route_C,Tram,85.6,74.0,0.0,43,Fog,0,0
T0251,Route_D,Train,22.2,29.5,7.4,53,Clear,1,3
T0252,Route_D,Train,36.9,32.4,0.0,38,Clear,1,2
T0253,Route_B,Train,77.5,85.6,8.1,52,Snow,1,2
T0254,Route_C,Bus,23.9,30.4,6.5,46,Clear,0,0
T0255,Route_D,Ferry,119.1,101.3,0.0,37,Snow,0,6
T0256,Route_E,Tram,93.9,102.0,8.1,44,Clear,1,2
T0257,Route_A,Tram,10.0,9.2,0.0,48,Clear,0,5
T0258,Route_C,Tram,117.4,103.1,0.0,48,Rain,1,6
T0259,Route_A,Tram,117.0,161.3,44.3,54,Fog,1,0
T0260,Route_C,Ferry,101.2,100.9,0.0,59,Rain,0,0
T0261,Route_A,Bus,61.6,62.2,0.7,52,Clear,1,3
T0262,Route_C,Ferry,106.5,150.6,44.1,46,Fog,1,4
T0263,Route_A,Ferry,74.1,110.9,36.8,59,Clear,1,2
T0264,Route_D,Bus,91.1,106.4,15.3,49,Clear,0,5
T0265,Route_E,Tram,59.0,79.7,20.8,53,Clear,0,3
T0266,Route_E,Tram,81.7,119.8,38.0,52,Rain,1,5
T0267,Route_A,Train,49.8,56.3,6.5,33,Clear,1,4
T0268,Route_E,Bus,78.5,88.6,10.1,49,Rain,0,0
T0269,Route_A,Tram,102.8,102.8,0.0,49,Clear,0,5
T0270,Route_A,Bus,99.8,99.8,0.0,57,Snow,0,6
T0271,Route_E,Tram,14.9,16.7,1.7,63,Clear,1,4
T0272,Route_E,Metro,76.9,78.1,1.3,57,Rain,0,4
T0273,Route_A,Ferry,85.5,75.3,0.0,47,Clear,0,3
T0274,Route_D,Bus,17.8,15.2,0.0,47,Rain,1,1
T0275,Route_C,Tram,75.9,87.3,11.5,41,Clear,0,5
T0276,Route_C,Metro,109.3,92.5,0.0,51,Clear,0,2
T0277,Route_C,Bus,19.3,20.8,1.5,61,Clear,0,0
T0278,Route_D,Metro,86.2,94.9,8.7,54,Clear,1,3
T0279,Route_D,Train,52.3,58.3,6.0,52,Clear,1,1
T0280,Route_C,Bus,13.0,14.0,1.0,50,Clear,1,4
T0281,Route_A,Bus,114.1,118.4,4.3,50,Clear,0,2
T0282,Route_C,Bus,21.1,29.4,8.3,51,Rain,0,6
T0283,Route_D,Bus,25.5,29.0,3.6,69,Clear,0,2
T0284,Route_B,Tram,12.6,16.7,4.1,49,Fog,0,1
T0285,Route_D,Metro,62.1,69.0,6.9,38,Clear,0,5
T0286,Route_D,Metro,27.0,32.0,5.1,51,Snow,0,1
T0287,Route_B,Metro,31.4,26.4,0.0,47,Fog,0,2
T0288,Route_A,Ferry,74.1,111.2,37.0,43,Rain,0,5
T0289,Route_A,Train,60.8,79.7,18.9,54,Clear,0,1
T0290,Route_C,Metro,60.4,50.0,0.0,55,Clear,1,0
T0291,Route_B,Ferry,116.7,170.8,54.2,50,Snow,0,6
T0292,Route_B,Ferry,41.4,39.0,0.0,56,Rain,0,1
T0293,Route_A,Tram,108.4,121.3,12.9,49,Rain,1,2
T0294,Route_A,Ferry,10.3,12.9,2.6,46,Clear,0,4
T0295,Route_E,Metro,111.9,91.0,0.0,49,Rain,1,1
T0296,Route_E,Ferry,98.5,98.0,0.0,54,Clear,0,0
T0297,Route_D,Bus,79.6,67.5,0.0,57,Snow,1,6
T0298,Route_A,Train,18.5,20.1,1.6,48,Clear,0,3
T0299,Route_E,Metro,86.8,69.8,0.0,54,Snow,0,5
T0300,Route_D,Train,18.0,19.5,1.5,46,Clear,1,5
T0301,Route_C,Metro,74.2,103.0,28.9,51,Clear,0,2
T0302,Route_A,Bus,23.5,33.4,9.9,50,Rain,1,3
T0303,Route_D,Train,36.6,47.6,11.0,57,Rain,0,4
T0304,Route_C,Train,54.2,49.3,0.0,55,Clear,0,0
T0305,Route_B,Metro,15.2,15.1,0.0,54,Snow,0,4
T0306,Route_D,Bus,19.1,27.7,8.6,58,Rain,1,3
T0307,Route_D,Train,108.1,119.3,11.2,61,Fog,0,1
T0308,Route_B,Metro,52.6,65.4,12.8,54,Clear,1,4
T0309,Route_E,Bus,40.6,36.2,0.0,45,Rain,1,0
T0310,Route_E,Ferry,105.2,119.3,14.0,40,Snow,0,6
T0311,Route_A,Metro,55.8,76.8,21.0,58,Rain,0,5
T0312,Route_A,Ferry,84.6,103.6,19.1,46,Rain,1,3
T0313,Route_D,Ferry,53.5,69.5,16.0,45,Clear,0,1
T0314,Route_E,Ferry,21.0,26.9,5.9,58,Fog,0,2
T0315,Route_A,Ferry,75.5,60.9,0.0,49,Rain,1,3
T0316,Route_D,Bus,67.3,99.9,32.5,40,Snow,1,1
T0317,Route_E,Metro,47.6,62.7,15.1,44,Rain,0,4
T0318,Route_D,Metro,117.2,163.2,46.0,56,Clear,0,3
T0319,Route_C,Metro,35.1,34.1,0.0,50,Clear,0,1
T0320,Route_A,Metro,68.4,85.9,17.5,53,Snow,0,1
T0321,Route_D,Train,108.6,151.2,42.7,46,Fog,0,3
T0322,Route_D,Tram,38.6,40.2,1.6,62,Clear,1,0
T0323,Route_B,Train,26.2,21.1,0.0,53,Clear,1,2
T0324,Route_B,Metro,114.4,168.6,54.2,52,Snow,0,5
T0325,Route_E,Tram,28.2,31.4,3.2,43,Snow,1,4
T0326,Route_B,Tram,53.1,67.0,13.9,40,Clear,0,2
T0327,Route_B,Bus,34.1,38.2,4.1,62,Clear,0,5
T0328,Route_D,Ferry,97.2,139.5,42.3,56,Clear,1,6
T0329,Route_A,Tram,83.3,76.2,0.0,51,Clear,0,1
T0330,Route_D,Metro,51.5,61.1,9.6,57,Snow,0,6
T0331,Route_C,Metro,37.0,40.1,3.0,60,Fog,0,6
T0332,Route_C,Train,119.3,99.2,0.0,56,Clear,1,2
T0333,Route_C,Bus,58.9,58.5,0.0,48,Clear,1,0
T0334,Route_B,Train,111.0,96.7,0.0,50,Clear,0,0
T0335,Route_B,Metro,34.7,38.3,3.5,55,Clear,0,2
T0336,Route_C,Metro,48.8,69.6,20.8,48,Clear,0,3
T0337,Route_E,Metro,38.1,38.4,0.3,52,Rain,0,1
T0338,Route_C,Metro,60.6,52.5,0.0,58,Rain,1,1
T0339,Route_D,Tram,66.7,75.0,8.3,33,Fog,0,4
T0340,Route_A,Bus,74.9,63.2,0.0,47,Clear,0,4
T0341,Route_E,Ferry,35.3,28.3,0.0,44,Rain,1,6
T0342,Route_B,Train,108.6,149.0,40.5,44,Clear,0,6
T0343,Route_D,Metro,69.7,63.0,0.0,47,Snow,0,1
T0344,Route_A,Bus,114.7,95.2,0.0,45,Clear,1,4
T0345,Route_E,Bus,66.5,76.9,10.4,47,Snow,1,6
T0346,Route_C,Bus,23.4,20.8,0.0,58,Clear,0,0
T0347,Route_E,Ferry,117.6,164.6,47.0,54,Rain,1,0
T0348,Route_A,Tram,63.1,72.8,9.8,48,Clear,1,2
T0349,Route_B,Bus,116.7,129.1,12.4,44,Snow,0,0
T0350,Route_C,Metro,65.5,85.4,19.8,59,Snow,0,3
T0351,Route_C,Tram,105.2,95.7,0.0,46,Snow,1,4
T0352,Route_C,Train,101.6,145.7,44.1,45,Clear,1,0
T0353,Route_E,Bus,106.6,130.4,23.9,44,Clear,0,5
T0354,Route_E,Tram,16.2,17.2,1.0,65,Rain,1,5
T0355,Route_C,Metro,21.2,21.0,0.0,45,Fog,0,4
T0356,Route_B,Bus,21.3,25.3,3.9,43,Clear,0,6
T0357,Route_C,Tram,32.6,37.1,4.5,45,Rain,1,2
T0358,Route_C,Metro,111.8,94.8,0.0,48,Clear,0,1
T0359,Route_E,Train,87.4,92.8,5.4,51,Rain,0,2
T0360,Route_D,Tram,75.7,106.5,30.8,65,Clear,1,5
T0361,Route_C,Metro,32.3,39.1,6.8,54,Clear,0,3
T0362,Route_A,Bus,59.5,87.5,28.0,48,Clear,1,5
T0363,Route_A,Train,10.9,12.0,1.1,39,Fog,0,6
T0364,Route_D,Metro,66.4,73.5,7.1,51,Rain,0,6
T0365,Route_A,Metro,106.5,140.3,33.8,43,Clear,0,4
T0366,Route_B,Tram,33.7,41.0,7.3,52,Clear,1,6
T0367,Route_C,Ferry,112.6,133.0,20.4,43,Rain,1,5
T0368,Route_C,Train,57.0,53.9,0.0,57,Snow,1,4
T0369,Route_A,Train,96.6,108.0,11.4,53,Rain,0,3
T0370,Route_B,Ferry,25.9,34.9,9.0,48,Snow,0,4
T0371,Route_D,Metro,61.6,50.5,0.0,43,Rain,0,0
T0372,Route_A,Metro,27.7,23.5,0.0,43,Snow,1,3
T0373,Route_C,Tram,98.6,79.5,0.0,63,Rain,0,4
T0374,Route_B,Ferry,106.0,146.2,40.2,44,Snow,1,0
T0375,Route_B,Train,113.5,160.5,46.9,39,Rain,0,5
T0376,Route_A,Metro,84.5,117.1,32.6,59,Clear,1,4
T0377,Route_E,Metro,89.4,95.6,6.2,50,Rain,1,4
T0378,Route_D,Train,42.6,50.3,7.6,47,Rain,1,1
T0379,Route_B,Ferry,74.0,65.4,0.0,43,Clear,0,6
T0380,Route_C,Ferry,72.9,108.7,35.8,48,Snow,1,6
T0381,Route_B,Bus,32.4,33.4,0.9,51,Clear,1,0
T0382,Route_E,Metro,47.1,42.4,0.0,54,Clear,1,6
T0383,Route_B,Bus,114.7,154.0,39.4,52,Rain,0,4
T0384,Route_E,Tram,85.7,83.8,0.0,51,Snow,1,2
T0385,Route_D,Tram,41.4,48.5,7.1,50,Clear,0,2
T0386,Route_E,Bus,98.4,140.8,42.4,43,Snow,0,0
T0387,Route_D,Ferry,70.0,104.1,34.1,49,Fog,0,4
T0388,Route_C,Train,45.3,43.2,0.0,47,Clear,0,2
T0389,Route_D,Ferry,15.0,15.7,0.7,63,Snow,1,0
T0390,Route_D,Ferry,20.5,17.9,0.0,34,Clear,0,4
T0391,Route_B,Ferry,25.4,32.3,6.9,52,Clear,0,3
T0392,Route_E,Train,109.9,146.3,36.4,52,Snow,0,5
T0393,Route_B,Ferry,62.1,80.9,18.7,45,Clear,0,2
T0394,Route_B,Ferry,89.7,118.6,28.9,51,Clear,0,6
T0395,Route_B,Bus,39.9,51.3,11.4,45,Rain,0,4
T0396,Route_D,Metro,86.4,82.4,0.0,52,Rain,1,3
T0397,Route_D,Train,86.9,91.9,5.0,49,Clear,0,4
T0398,Route_C,Metro,79.3,111.1,31.8,56,Clear,0,6
T0399,Route_E,Metro,100.8,140.2,39.5,44,Clear,0,3
T0400,Route_D,Tram,112.7,153.4,40.7,54,Clear,0,4
T0401,Route_E,Bus,115.7,164.8,49.1,58,Clear,0,4
T0402,Route_C,Train,87.7,89.1,1.4,41,Clear,1,4
T0403,Route_E,Metro,74.6,90.0,15.4,49,Clear,0,2
T0404,Route_C,Train,47.6,55.7,8.1,57,Rain,0,2
T0405,Route_E,Train,49.9,70.0,20.2,40,Rain,0,2
T0406,Route_A,Bus,17.7,21.0,3.3,55,Clear,0,5
T0407,Route_B,Bus,102.1,93.8,0.0,52,Snow,1,5
T0408,Route_C,Ferry,63.7,68.9,5.2,42,Clear,1,1
T0409,Route_C,Ferry,49.0,41.0,0.0,38,Snow,1,5
T0410,Route_C,Metro,117.4,150.1,32.7,47,Snow,0,2
T0411,Route_D,Metro,108.7,134.3,25.6,58,Clear,0,6
T0412,Route_D,Bus,83.6,119.1,35.5,46,Snow,0,1
T0413,Route_B,Tram,61.6,60.9,0.0,39,Clear,1,5
T0414,Route_A,Ferry,40.6,55.2,14.6,46,Clear,0,6
T0415,Route_D,Bus,48.9,49.5,0.6,61,Clear,1,6
T0416,Route_B,Tram,72.0,98.1,26.1,41,Rain,0,2
T0417,Route_D,Ferry,63.7,54.6,0.0,49,Snow,0,1
T0418,Route_A,Metro,48.2,57.0,8.8,43,Clear,0,0
T0419,Route_D,Train,31.5,36.0,4.5,55,Clear,1,6
T0420,Route_A,Tram,98.0,86.8,0.0,54,Rain,1,4
T0421,Route_A,Bus,29.3,35.1,5.8,52,Rain,0,6
T0422,Route_A,Metro,82.8,74.4,0.0,51,Clear,0,4
T0423,Route_B,Metro,73.4,87.5,14.0,47,Clear,1,2
T0424,Route_D,Bus,90.2,108.4,18.2,50,Rain,1,4
T0425,Route_B,Train,15.9,16.9,1.0,44,Rain,0,1
T0426,Route_B,Tram,14.4,14.5,0.1,43,Fog,0,0
T0427,Route_D,Bus,87.3,107.4,20.1,56,Rain,1,1
T0428,Route_E,Train,28.8,23.6,0.0,43,Rain,1,0
T0429,Route_D,Train,95.1,84.3,0.0,53,Snow,1,6
T0430,Route_A,Ferry,12.7,14.2,1.5,44,Rain,0,0
T0431,Route_C,Ferry,51.8,70.5,18.7,48,Clear,1,1
T0432,Route_E,Metro,72.2,104.8,32.5,48,Clear,1,5
T0433,Route_A,Bus,35.8,37.3,1.5,45,Rain,0,1
T0434,Route_E,Tram,65.7,68.7,3.0,62,Clear,1,0
T0435,Route_A,Ferry,78.5,117.2,38.7,46,Clear,0,0
T0436,Route_B,Train,119.1,140.4,21.3,49,Clear,0,3
T0437,Route_E,Bus,110.5,103.0,0.0,61,Clear,0,4
T0438,Route_C,Train,113.6,153.2,39.6,49,Clear,1,6
T0439,Route_B,Ferry,93.3,93.9,0.6,46,Clear,1,2
T0440,Route_B,Metro,57.3,79.2,21.9,40,Rain,0,6
T0441,Route_B,Train,25.1,32.9,7.9,53,Clear,0,2
T0442,Route_D,Ferry,74.0,64.6,0.0,59,Rain,0,1
T0443,Route_A,Ferry,11.2,15.4,4.2,57,Rain,0,2
T0444,Route_E,Metro,34.9,49.8,14.9,56,Rain,1,3
T0445,Route_D,Train,96.8,128.2,31.3,51,Clear,1,6
T0446,Route_B,Metro,36.4,32.8,0.0,40,Rain,0,4
T0447,Route_A,Bus,25.2,32.3,7.1,61,Clear,1,5
T0448,Route_A,Bus,71.3,64.8,0.0,58,Fog,0,5
T0449,Route_E,Metro,52.3,58.7,6.3,46,Clear,1,0
T0450,Route_A,Train,13.6,15.4,1.8,48,Rain,1,0
T0451,Route_A,Metro,34.6,33.5,0.0,50,Clear,1,2
T0452,Route_C,Ferry,70.6,76.4,5.8,52,Clear,0,3
T0453,Route_E,Train,69.2,68.8,0.0,44,Rain,0,5
T0454,Route_D,Metro,34.2,39.8,5.6,54,Clear,1,6
T0455,Route_A,Metro,102.0,85.2,0.0,49,Clear,0,5
T0456,Route_B,Train,14.7,19.8,5.1,48,Snow,1,5
T0457,Route_B,Metro,57.4,61.2,3.8,62,Snow,0,0
T0458,Route_E,Train,73.0,75.1,2.0,32,Clear,1,3
T0459,Route_D,Bus,90.1,93.9,3.8,54,Fog,0,6
T0460,Route_C,Metro,118.9,97.3,0.0,52,Rain,0,0
T0461,Route_A,Train,78.5,75.0,0.0,46,Clear,0,4
T0462,Route_A,Train,108.8,93.4,0.0,48,Clear,1,3
T0463,Route_B,Train,35.7,29.2,0.0,41,Snow,1,1
T0464,Route_B,Tram,14.3,17.2,2.9,48,Rain,0,3
T0465,Route_C,Train,74.7,80.6,5.9,45,Clear,1,6
T0466,Route_D,Ferry,55.2,50.4,0.0,44,Clear,0,1
T0467,Route_D,Ferry,15.6,19.3,3.7,45,Clear,1,3
T0468,Route_D,Metro,58.6,60.6,2.0,48,Clear,0,4
T0469,Route_C,Ferry,70.2,92.2,22.0,47,Clear,0,5
T0470,Route_D,Metro,47.1,64.2,17.1,47,Clear,0,2
T0471,Route_C,Ferry,84.0,115.7,31.8,54,Clear,0,5
T0472,Route_C,Metro,19.0,15.7,0.0,49,Clear,0,6
T0473,Route_C,Bus,65.8,82.0,16.2,49,Rain,1,5
T0474,Route_E,Tram,40.7,36.2,0.0,39,Rain,0,0
T0475,Route_A,Tram,119.1,119.8,0.7,43,Clear,1,3
T0476,Route_C,Train,41.7,36.0,0.0,69,Clear,1,5
T0477,Route_B,Bus,85.1,102.3,17.2,48,Snow,0,3
T0478,Route_B,Bus,78.8,104.2,25.4,44,Clear,1,3
T0479,Route_B,Tram,22.5,33.7,11.2,43,Clear,0,1
T0480,Route_A,Train,19.0,18.6,0.0,48,Clear,0,6
T0481,Route_A,Train,15.5,22.1,6.6,52,Rain,0,5
T0482,Route_E,Train,24.0,32.7,8.7,59,Snow,1,5
T0483,Route_E,Ferry,76.6,77.8,1.2,58,Rain,0,4
T0484,Route_C,Tram,111.7,114.8,3.1,41,Clear,1,0
T0485,Route_E,Metro,47.7,42.7,0.0,39,Fog,1,4
T0486,Route_C,Ferry,80.9,81.1,0.1,46,Clear,0,3
T0487,Route_C,Metro,115.3,137.9,22.6,50,Rain,0,4
T0488,Route_E,Ferry,34.8,37.4,2.5,50,Clear,1,5
T0489,Route_C,Metro,19.6,16.6,0.0,60,Clear,0,0
T0490,Route_A,Train,84.0,107.3,23.3,46,Rain,0,2
T0491,Route_D,Ferry,73.0,71.5,0.0,57,Fog,0,2
T0492,Route_E,Metro,12.8,12.8,0.0,49,Snow,0,3
T0493,Route_B,Train,21.9,24.8,3.0,52,Clear,0,6
T0494,Route_C,Ferry,62.2,52.6,0.0,34,Fog,0,2
T0495,Route_D,Bus,77.5,110.7,33.2,57,Rain,0,2
T0496,Route_E,Ferry,30.9,39.9,9.0,51,Fog,0,0
T0497,Route_E,Bus,101.7,102.9,1.2,63,Clear,0,0
T0498,Route_E,Train,74.3,109.9,35.6,47,Clear,0,5
T0499,Route_C,Ferry,119.8,133.7,13.9,47,Clear,1,2
T0500,Route_B,Tram,82.6,91.6,9.0,53,Snow,1,5
T0501,Route_A,Train,31.7,29.4,0.0,45,Clear,1,0
T0502,Route_A,Ferry,53.1,48.5,0.0,55,Clear,0,5
T0503,Route_B,Bus,20.8,18.4,0.0,45,Rain,1,5
T0504,Route_A,Train,28.9,40.9,12.0,51,Clear,1,6
T0505,Route_B,Bus,101.1,86.6,0.0,49,Snow,1,4
T0506,Route_E,Bus,45.5,67.9,22.4,46,Rain,1,2
T0507,Route_E,Train,73.9,107.5,33.6,54,Snow,1,2
T0508,Route_A,Metro,11.4,10.9,0.0,51,Rain,0,3
T0509,Route_B,Tram,30.8,34.6,3.7,58,Clear,0,3
T0510,Route_A,Train,98.0,116.4,18.4,58,Snow,0,6
T0511,Route_C,Ferry,55.7,45.1,0.0,49,Snow,1,4
T0512,Route_B,Metro,67.6,64.8,0.0,53,Clear,0,2
T0513,Route_B,Ferry,36.9,44.9,8.1,48,Fog,1,6
T0514,Route_B,Ferry,62.2,50.1,0.0,43,Clear,1,6
T0515,Route_B,Bus,109.3,127.6,18.3,49,Rain,0,0
T0516,Route_A,Train,28.7,25.5,0.0,40,Clear,0,2
T0517,Route_E,Tram,15.2,22.0,6.8,39,Rain,0,3
T0518,Route_C,Tram,94.3,102.7,8.4,53,Clear,1,2
T0519,Route_B,Metro,36.1,31.3,0.0,42,Rain,0,1
T0520,Route_D,Metro,40.9,42.7,1.8,44,Snow,0,0
T0521,Route_A,Tram,91.4,112.3,20.9,57,Rain,0,3
T0522,Route_C,Ferry,105.3,88.6,0.0,54,Clear,0,4
T0523,Route_D,Ferry,84.3,90.8,6.5,41,Fog,1,4
T0524,Route_A,Bus,32.9,34.5,1.6,54,Clear,0,2
T0525,Route_B,Bus,82.1,77.2,0.0,46,Clear,1,2
T0526,Route_B,Train,14.8,19.0,4.3,46,Clear,0,4
T0527,Route_E,Bus,24.7,24.2,0.0,48,Rain,0,1
T0528,Route_A,Tram,41.4,54.4,13.0,64,Clear,0,1
T0529,Route_A,Ferry,54.8,63.9,9.0,61,Clear,1,2
T0530,Route_B,Bus,44.8,55.5,10.7,57,Clear,0,1
T0531,Route_C,Bus,39.6,37.2,0.0,44,Rain,0,1
T0532,Route_A,Tram,19.7,18.1,0.0,50,Clear,0,0
T0533,Route_D,Bus,44.0,44.2,0.2,45,Rain,1,4
T0534,Route_D,Train,107.5,147.3,39.9,43,Rain,0,0
T0535,Route_E,Tram,34.3,30.7,0.0,59,Rain,0,0
T0536,Route_D,Train,84.9,123.2,38.4,52,Clear,0,1
T0537,Route_C,Metro,94.2,121.0,26.8,70,Clear,1,4
T0538,Route_B,Ferry,32.7,37.8,5.0,46,Rain,1,2
T0539,Route_C,Ferry,39.6,37.2,0.0,47,Snow,1,0
T0540,Route_C,Ferry,51.4,53.4,1.9,36,Clear,0,3
T0541,Route_D,Tram,106.3,107.6,1.2,56,Rain,1,4
T0542,Route_A,Bus,83.6,80.4,0.0,44,Clear,0,4
T0543,Route_C,Train,19.3,24.6,5.4,59,Snow,1,4
T0544,Route_A,Metro,91.6,116.8,25.1,42,Rain,0,5
T0545,Route_D,Bus,100.3,127.7,27.4,53,Rain,0,0
T0546,Route_C,Metro,117.9,171.3,53.4,63,Clear,1,4
T0547,Route_A,Ferry,89.8,78.9,0.0,48,Clear,1,6
T0548,Route_B,Ferry,35.6,45.9,10.2,53,Clear,1,4
T0549,Route_D,Bus,34.4,28.8,0.0,45,Clear,0,6
T0550,Route_E,Metro,55.7,47.1,0.0,48,Clear,1,5
T0551,Route_E,Ferry,56.4,76.2,19.7,43,Rain,0,0
T0552,Route_B,Train,112.4,141.9,29.5,55,Snow,0,2
T0553,Route_A,Metro,32.5,35.5,3.0,44,Fog,1,5
T0554,Route_B,Metro,23.2,19.7,0.0,48,Rain,0,2
T0555,Route_C,Bus,89.1,78.1,0.0,44,Clear,0,4
T0556,Route_B,Metro,91.3,116.9,25.6,56,Clear,0,3
T0557,Route_C,Train,118.6,157.5,38.9,44,Fog,1,2
T0558,Route_E,Metro,68.8,96.4,27.6,40,Fog,0,0
T0559,Route_A,Bus,35.7,30.3,0.0,43,Clear,0,5
T0560,Route_E,Tram,109.6,125.5,15.9,46,Fog,0,6
T0561,Route_B,Bus,44.6,56.7,12.1,55,Clear,0,1
T0562,Route_E,Bus,100.3,118.5,18.2,38,Clear,1,3
T0563,Route_C,Metro,63.1,59.9,0.0,40,Rain,0,2
T0564,Route_D,Metro,41.3,41.4,0.1,47,Rain,0,2
T0565,Route_B,Train,31.4,34.9,3.5,58,Clear,1,6
T0566,Route_E,Train,19.6,20.9,1.3,48,Clear,1,3
T0567,Route_C,Train,90.8,117.1,26.3,59,Rain,0,1
T0568,Route_A,Metro,47.7,59.1,11.4,43,Fog,1,2
T0569,Route_B,Train,111.6,153.4,41.8,51,Fog,1,1
T0570,Route_B,Ferry,70.7,68.5,0.0,48,Rain,0,3
T0571,Route_A,Tram,88.4,82.7,0.0,49,Clear,0,4
T0572,Route_A,Ferry,12.8,16.4,3.6,46,Rain,0,5
T0573,Route_A,Metro,70.0,66.1,0.0,51,Snow,0,3
T0574,Route_A,Ferry,111.9,102.2,0.0,70,Rain,0,6
T0575,Route_E,Train,68.8,64.5,0.0,46,Snow,0,1
T0576,Route_C,Ferry,74.1,89.4,15.2,35,Clear,0,6
T0577,Route_C,Train,111.1,121.9,10.7,47,Clear,0,1
T0578,Route_A,Train,70.9,71.6,0.7,48,Rain,1,1
T0579,Route_C,Ferry,97.0,118.5,21.4,47,Clear,1,0
T0580,Route_A,Bus,54.2,68.9,14.7,49,Clear,1,6
T0581,Route_A,Tram,22.4,27.3,4.9,50,Clear,0,3
T0582,Route_E,Train,115.3,126.7,11.4,49,Rain,1,5
T0583,Route_B,Ferry,23.6,22.3,0.0,53,Rain,0,2
T0584,Route_C,Ferry,87.1,121.8,34.7,48,Fog,0,4
T0585,Route_D,Train,46.1,63.2,17.1,52,Clear,1,5
T0586,Route_D,Tram,103.7,89.0,0.0,47,Clear,1,4
T0587,Route_E,Metro,23.1,20.8,0.0,45,Rain,1,5
T0588,Route_B,Metro,57.9,84.9,27.0,50,Clear,1,0
T0589,Route_C,Tram,63.1,53.0,0.0,42,Rain,1,1
T0590,Route_E,Tram,111.5,148.7,37.2,52,Rain,1,6
T0591,Route_D,Bus,54.9,54.6,0.0,41,Snow,0,3
T0592,Route_E,Train,58.0,73.1,15.1,49,Rain,0,6
T0593,Route_D,Bus,46.1,60.6,14.6,46,Clear,0,1
T0594,Route_C,Train,84.0,87.0,3.0,42,Clear,0,1
T0595,Route_D,Bus,60.2,83.9,23.6,40,Snow,0,1
T0596,Route_B,Bus,23.1,19.1,0.0,40,Clear,1,1
T0597,Route_A,Metro,14.4,16.0,1.6,52,Clear,0,4
T0598,Route_D,Metro,20.9,28.0,7.1,59,Rain,0,2
T0599,Route_B,Metro,41.9,39.4,0.0,45,Clear,0,0
T0600,Route_B,Bus,70.2,64.3,0.0,36,Clear,0,1
T0601,Route_B,Ferry,109.7,144.8,35.1,51,Rain,0,6
T0602,Route_B,Train,73.3,65.1,0.0,52,Clear,1,4
T0603,Route_C,Train,89.1,88.2,0.0,46,Clear,1,3
T0604,Route_C,Ferry,93.2,105.5,12.3,44,Clear,0,4
T0605,Route_E,Bus,118.3,112.0,0.0,41,Snow,0,6
T0606,Route_E,Train,13.8,15.3,1.5,38,Fog,0,2
T0607,Route_E,Train,112.9,149.7,36.8,64,Clear,1,3
T0608,Route_E,Bus,33.7,41.7,8.1,46,Clear,0,5
T0609,Route_D,Train,15.2,15.7,0.6,48,Rain,1,4
T0610,Route_B,Tram,114.2,108.9,0.0,46,Clear,1,4
T0611,Route_B,Ferry,35.1,29.5,0.0,46,Clear,0,2
T0612,Route_C,Tram,73.5,93.5,20.0,57,Clear,0,6
T0613,Route_B,Bus,86.1,108.7,22.6,50,Rain,0,6
T0614,Route_E,Tram,60.3,68.2,8.0,48,Rain,0,0
T0615,Route_B,Ferry,17.6,20.8,3.2,48,Clear,1,4
T0616,Route_D,Ferry,44.3,47.8,3.6,50,Rain,1,5
T0617,Route_D,Ferry,88.7,131.4,42.7,43,Clear,0,1
T0618,Route_E,Train,60.2,62.1,1.8,35,Clear,0,2
T0619,Route_E,Bus,89.3,89.0,0.0,43,Clear,1,0
T0620,Route_D,Metro,112.9,126.5,13.5,45,Clear,1,5
T0621,Route_E,Tram,68.9,78.1,9.2,48,Snow,0,4
T0622,Route_D,Ferry,59.8,59.5,0.0,68,Rain,0,4
T0623,Route_C,Bus,119.9,100.5,0.0,52,Clear,0,5
T0624,Route_E,Ferry,44.8,38.6,0.0,46,Fog,0,4
T0625,Route_A,Bus,10.7,14.6,3.9,65,Clear,1,3
T0626,Route_A,Bus,12.6,14.8,2.2,54,Clear,1,5
T0627,Route_C,Bus,107.1,92.9,0.0,35,Clear,1,4
T0628,Route_A,Ferry,69.8,89.8,20.0,52,Snow,0,0
T0629,Route_A,Ferry,36.4,29.9,0.0,46,Snow,0,3
T0630,Route_A,Metro,34.7,40.0,5.3,45,Rain,0,1
T0631,Route_C,Ferry,105.0,94.2,0.0,51,Rain,1,6
T0632,Route_D,Train,24.5,24.1,0.0,52,Clear,0,1
T0633,Route_E,Ferry,85.9,119.1,33.2,46,Clear,0,6
T0634,Route_D,Metro,15.7,13.1,0.0,48,Clear,0,4
T0635,Route_D,Train,10.7,14.3,3.6,50,Rain,1,0
T0636,Route_D,Bus,88.8,108.7,20.0,38,Clear,0,1
T0637,Route_C,Train,102.6,84.2,0.0,58,Clear,0,1
T0638,Route_C,Tram,17.6,20.0,2.4,44,Snow,0,0
T0639,Route_D,Tram,55.2,71.4,16.2,44,Clear,1,2
T0640,Route_C,Tram,58.9,59.6,0.7,55,Clear,0,4
T0641,Route_D,Metro,49.6,63.5,13.9,46,Rain,0,3
T0642,Route_B,Ferry,29.4,41.3,11.9,49,Snow,1,3
T0643,Route_E,Ferry,103.7,86.8,0.0,39,Rain,0,0
T0644,Route_E,Tram,62.2,64.3,2.1,52,Rain,1,1
T0645,Route_C,Tram,59.4,59.9,0.4,63,Rain,0,0
T0646,Route_D,Bus,60.1,54.9,0.0,46,Clear,1,3
T0647,Route_A,Ferry,14.3,16.4,2.1,56,Snow,0,1
T0648,Route_E,Metro,57.9,58.1,0.3,51,Rain,1,0
T0649,Route_C,Train,106.5,124.6,18.1,49,Rain,1,4
T0650,Route_D,Metro,18.3,16.1,0.0,34,Clear,0,5
T0651,Route_E,Ferry,77.1,106.8,29.7,54,Rain,0,4
T0652,Route_B,Tram,58.0,65.3,7.2,56,Rain,1,2
T0653,Route_C,Bus,102.0,151.2,49.2,75,Snow,1,0
T0654,Route_C,Tram,81.5,121.3,39.8,61,Clear,0,1
T0655,Route_D,Metro,60.5,50.8,0.0,48,Fog,1,3
T0656,Route_D,Metro,17.3,25.6,8.3,47,Clear,1,4
T0657,Route_B,Ferry,16.3,16.9,0.7,53,Clear,0,6
T0658,Route_E,Tram,18.5,23.4,5.0,57,Clear,1,2
T0659,Route_A,Metro,83.9,86.7,2.8,45,Clear,1,1
T0660,Route_B,Bus,68.0,82.1,14.1,54,Rain,1,4
T0661,Route_E,Bus,102.4,83.2,0.0,34,Snow,0,0
T0662,Route_A,Tram,40.2,32.9,0.0,55,Rain,1,4
T0663,Route_B,Train,48.8,43.3,0.0,41,Snow,1,1
T0664,Route_B,Ferry,47.8,49.2,1.4,52,Snow,0,1
T0665,Route_B,Ferry,84.0,96.5,12.4,66,Clear,0,4
T0666,Route_D,Metro,73.8,67.6,0.0,55,Clear,0,1
T0667,Route_E,Bus,11.6,16.8,5.2,43,Clear,1,6
T0668,Route_A,Train,75.3,100.0,24.7,46,Clear,1,1
T0669,Route_B,Bus,49.0,58.6,9.6,45,Clear,1,0
T0670,Route_D,Ferry,59.8,87.5,27.6,54,Clear,0,5
T0671,Route_D,Bus,73.2,84.9,11.7,50,Clear,0,4
T0672,Route_D,Metro,20.7,19.0,0.0,62,Clear,1,5
T0673,Route_B,Metro,34.0,28.5,0.0,42,Rain,0,6
T0674,Route_A,Metro,30.2,24.3,0.0,49,Clear,0,2
T0675,Route_D,Train,21.8,29.3,7.5,61,Rain,0,6
T0676,Route_D,Tram,73.1,63.5,0.0,49,Fog,0,0
T0677,Route_A,Ferry,17.4,17.2,0.0,62,Rain,0,1
T0678,Route_E,Metro,43.0,48.1,5.2,39,Fog,1,1
T0679,Route_B,Metro,73.8,106.1,32.4,42,Snow,0,6
T0680,Route_A,Ferry,36.0,31.0,0.0,56,Fog,0,1
T0681,Route_A,Tram,21.0,20.8,0.0,57,Clear,0,5
T0682,Route_C,Ferry,55.8,51.1,0.0,45,Clear,0,3
T0683,Route_B,Train,43.6,49.7,6.0,36,Fog,0,1
T0684,Route_E,Tram,119.6,135.4,15.8,57,Snow,0,1
T0685,Route_D,Bus,88.6,86.4,0.0,61,Rain,0,3
T0686,Route_E,Tram,59.5,61.9,2.5,42,Snow,1,2
T0687,Route_D,Bus,83.1,86.4,3.4,65,Clear,0,1
T0688,Route_B,Metro,56.5,73.6,17.1,49,Clear,1,1
T0689,Route_D,Metro,58.4,49.6,0.0,52,Rain,0,2
T0690,Route_A,Tram,87.1,73.1,0.0,61,Rain,0,0
T0691,Route_B,Bus,105.6,151.3,45.7,55,Clear,0,1
T0692,Route_B,Ferry,79.5,93.8,14.3,41,Clear,1,0
T0693,Route_B,Metro,43.3,36.1,0.0,49,Fog,1,2
T0694,Route_C,Train,118.3,149.8,31.5,45,Clear,1,3
T0695,Route_D,Metro,116.1,116.4,0.3,39,Clear,0,2
T0696,Route_D,Tram,85.3,80.9,0.0,44,Clear,0,2
T0697,Route_B,Bus,116.2,120.8,4.5,47,Rain,1,1
T0698,Route_E,Tram,81.5,107.5,26.0,29,Rain,1,5
T0699,Route_E,Bus,22.7,31.6,8.9,41,Clear,0,0
T0700,Route_C,Train,113.0,155.7,42.7,57,Snow,1,0
T0701,Route_E,Tram,30.1,36.1,5.9,45,Fog,0,2
T0702,Route_A,Train,87.1,70.6,0.0,47,Fog,1,4
T0703,Route_D,Train,23.8,31.8,8.0,43,Snow,0,4
T0704,Route_E,Tram,77.4,70.5,0.0,37,Clear,1,2
T0705,Route_D,Metro,112.8,106.5,0.0,55,Rain,1,1
T0706,Route_D,Ferry,42.7,34.1,0.0,56,Clear,0,6
T0707,Route_B,Metro,115.7,165.7,50.0,54,Clear,0,1
T0708,Route_B,Bus,52.4,57.2,4.8,33,Clear,0,4
T0709,Route_E,Bus,18.7,17.5,0.0,49,Clear,0,5
T0710,Route_C,Metro,64.2,72.6,8.4,50,Snow,0,0
T0711,Route_E,Bus,111.0,159.3,48.4,52,Rain,1,4
T0712,Route_C,Tram,95.6,87.9,0.0,49,Rain,1,5
T0713,Route_D,Tram,59.2,87.4,28.2,47,Clear,0,3
T0714,Route_A,Train,18.4,23.3,4.9,44,Clear,1,4
T0715,Route_E,Train,74.2,83.4,9.2,57,Clear,1,6
T0716,Route_C,Metro,23.9,22.1,0.0,50,Clear,1,5
T0717,Route_C,Bus,45.4,37.4,0.0,41,Clear,0,3
T0718,Route_B,Tram,32.2,28.3,0.0,47,Snow,1,5
T0719,Route_C,Ferry,74.7,94.6,19.9,43,Rain,1,5
T0720,Route_B,Tram,98.2,110.6,12.4,47,Snow,1,6
T0721,Route_B,Train,78.8,115.2,36.4,52,Clear,0,3
T0722,Route_C,Bus,91.8,119.9,28.1,41,Clear,0,1
T0723,Route_E,Metro,38.0,43.4,5.4,35,Clear,1,0
T0724,Route_C,Train,107.4,86.7,0.0,60,Clear,1,4
T0725,Route_A,Ferry,52.8,51.2,0.0,38,Clear,0,5
T0726,Route_B,Tram,80.3,72.1,0.0,62,Fog,1,6
T0727,Route_E,Train,67.4,66.3,0.0,50,Snow,1,5
T0728,Route_E,Metro,54.1,56.6,2.5,56,Clear,0,6
T0729,Route_B,Bus,95.9,101.0,5.1,48,Clear,0,4
T0730,Route_B,Ferry,17.7,18.6,0.9,50,Clear,0,6
T0731,Route_B,Train,102.7,128.5,25.8,53,Snow,1,5
T0732,Route_B,Train,90.2,103.8,13.6,48,Clear,0,5
T0733,Route_D,Bus,61.0,56.2,0.0,46,Clear,0,6
T0734,Route_D,Metro,84.0,125.5,41.5,60,Rain,0,1
T0735,Route_C,Train,15.6,21.9,6.3,47,Fog,1,6
T0736,Route_B,Metro,70.4,85.5,15.0,53,Clear,1,3
T0737,Route_E,Tram,66.0,55.7,0.0,47,Clear,0,0
T0738,Route_B,Train,43.3,57.2,13.9,45,Rain,0,5
T0739,Route_C,Tram,79.4,72.6,0.0,51,Clear,0,6
T0740,Route_D,Bus,107.8,122.7,14.9,55,Clear,0,4
T0741,Route_E,Train,81.2,66.7,0.0,52,Rain,0,5
T0742,Route_B,Bus,114.6,124.4,9.9,49,Clear,1,5
T0743,Route_D,Metro,36.7,48.6,11.8,42,Clear,0,2
T0744,Route_E,Ferry,81.6,112.4,30.8,48,Clear,1,0
T0745,Route_B,Metro,119.9,110.7,0.0,56,Clear,1,1
T0746,Route_E,Metro,84.1,71.1,0.0,49,Clear,0,3
T0747,Route_D,Tram,79.5,91.7,12.1,52,Rain,1,0
T0748,Route_E,Metro,74.0,108.2,34.3,35,Clear,1,2
T0749,Route_C,Tram,119.1,117.5,0.0,58,Rain,1,0
T0750,Route_A,Train,58.7,70.1,11.3,58,Fog,0,2
T0751,Route_E,Train,106.1,89.3,0.0,60,Clear,0,0
T0752,Route_D,Train,32.9,31.1,0.0,43,Clear,1,0
T0753,Route_B,Train,107.6,96.4,0.0,46,Clear,1,0
T0754,Route_B,Ferry,89.4,130.4,41.0,60,Snow,0,4
T0755,Route_A,Train,23.9,27.9,4.1,45,Rain,0,6
T0756,Route_E,Train,119.9,148.2,28.3,49,Rain,0,1
T0757,Route_A,Bus,89.3,85.9,0.0,54,Fog,0,1
T0758,Route_E,Ferry,49.2,48.4,0.0,65,Clear,0,5
T0759,Route_C,Bus,88.5,128.1,39.6,50,Rain,0,2
T0760,Route_C,Train,49.6,53.7,4.2,72,Clear,0,2
T0761,Route_A,Bus,76.4,77.1,0.7,48,Fog,0,6
T0762,Route_A,Train,95.9,90.2,0.0,38,Clear,0,6
T0763,Route_D,Ferry,71.6,71.2,0.0,47,Clear,1,1
T0764,Route_C,Metro,35.6,49.6,14.0,42,Clear,1,6
T0765,Route_E,Metro,119.8,98.0,0.0,58,Snow,0,5
T0766,Route_C,Metro,34.2,49.6,15.3,59,Clear,1,3
T0767,Route_B,Bus,71.5,74.0,2.5,54,Clear,1,2
T0768,Route_A,Bus,67.4,81.6,14.2,55,Clear,1,4
T0769,Route_B,Metro,75.3,92.3,17.0,48,Clear,1,4
T0770,Route_E,Metro,47.5,62.9,15.4,51,Clear,1,5
T0771,Route_D,Metro,50.8,60.8,10.1,55,Rain,0,2
T0772,Route_E,Bus,41.6,40.5,0.0,47,Rain,1,0
T0773,Route_C,Ferry,37.7,54.5,16.8,52,Rain,0,2
T0774,Route_A,Bus,62.2,61.0,0.0,56,Clear,1,4
T0775,Route_A,Train,90.1,84.7,0.0,47,Rain,0,4
T0776,Route_C,Train,94.4,139.8,45.4,45,Clear,1,6
T0777,Route_C,Ferry,25.2,31.9,6.7,50,Clear,1,6
T0778,Route_E,Bus,54.8,69.8,15.0,44,Rain,0,2
T0779,Route_E,Ferry,89.7,83.6,0.0,60,Clear,0,0
T0780,Route_B,Ferry,56.0,54.6,0.0,46,Clear,0,0
T0781,Route_C,Train,52.7,71.5,18.8,46,Fog,0,0
T0782,Route_A,Ferry,37.1,31.3,0.0,41,Rain,0,1
T0783,Route_B,Bus,35.7,50.1,14.4,46,Clear,0,3
T0784,Route_E,Tram,32.9,44.7,11.8,57,Clear,0,1
T0785,Route_B,Tram,49.5,60.7,11.2,47,Clear,0,2
T0786,Route_A,Train,103.6,140.8,37.2,45,Clear,0,0
T0787,Route_A,Train,100.6,140.8,40.2,48,Clear,0,4
T0788,Route_A,Tram,18.3,25.3,6.9,48,Clear,0,4
T0789,Route_E,Bus,104.4,118.1,13.8,48,Rain,1,4
T0790,Route_B,Metro,36.2,52.7,16.5,42,Rain,1,4
T0791,Route_B,Bus,107.0,118.1,11.1,55,Rain,0,6
T0792,Route_D,Bus,29.3,27.1,0.0,62,Clear,0,3
T0793,Route_E,Train,97.2,139.4,42.2,60,Clear,1,5
T0794,Route_D,Tram,41.6,54.7,13.1,35,Clear,0,3
T0795,Route_D,Metro,54.0,72.6,18.6,64,Rain,0,1
T0796,Route_D,Bus,21.7,27.8,6.1,45,Fog,0,0
T0797,Route_A,Train,16.3,14.3,0.0,44,Clear,1,6
T0798,Route_A,Train,100.7,120.3,19.7,42,Clear,1,0
T0799,Route_B,Metro,16.0,18.8,2.8,64,Snow,1,1
T0800,Route_C,Train,116.2,110.5,0.0,57,Clear,1,4
T0801,Route_B,Metro,52.6,54.0,1.4,64,Clear,0,2
T0802,Route_E,Tram,116.5,167.8,51.3,42,Clear,1,2
T0803,Route_B,Ferry,65.8,71.1,5.3,59,Clear,1,2
T0804,Route_A,Metro,79.1,78.5,0.0,61,Clear,1,2
T0805,Route_B,Train,68.6,69.4,0.8,48,Rain,1,2
T0806,Route_A,Metro,90.6,93.8,3.2,46,Clear,0,5
T0807,Route_B,Ferry,13.3,10.7,0.0,37,Snow,0,5
T0808,Route_D,Metro,102.6,116.8,14.2,53,Clear,1,5
T0809,Route_B,Bus,108.6,148.2,39.6,48,Clear,0,6
T0810,Route_C,Tram,94.2,98.8,4.7,45,Clear,1,3
T0811,Route_E,Tram,112.0,140.4,28.4,47,Rain,0,5
T0812,Route_D,Tram,33.1,39.6,6.5,52,Clear,1,4
T0813,Route_B,Train,20.3,22.3,2.0,41,Clear,0,4
T0814,Route_B,Train,93.3,94.6,1.3,52,Clear,0,0
T0815,Route_A,Metro,88.2,130.7,42.5,57,Fog,0,4
T0816,Route_D,Ferry,49.6,58.4,8.9,54,Fog,0,0
T0817,Route_C,Ferry,80.6,81.3,0.7,47,Clear,0,5
T0818,Route_A,Ferry,58.0,76.7,18.8,58,Clear,0,3
T0819,Route_A,Bus,101.8,141.5,39.7,46,Clear,0,4
T0820,Route_D,Metro,36.5,35.3,0.0,52,Fog,0,6
T0821,Route_A,Tram,82.7,88.9,6.2,47,Clear,0,6
T0822,Route_E,Ferry,84.3,82.2,0.0,52,Clear,0,4
T0823,Route_D,Tram,49.2,65.1,15.9,51,Fog,1,6
T0824,Route_E,Tram,90.6,111.6,21.0,57,Rain,0,2
T0825,Route_D,Train,119.6,108.6,0.0,59,Rain,0,0
T0826,Route_B,Bus,85.7,115.7,30.0,57,Clear,1,0
T0827,Route_C,Tram,63.2,72.3,9.1,40,Clear,1,1
T0828,Route_A,Train,41.2,45.6,4.4,53,Clear,0,1
T0829,Route_C,Train,30.1,31.8,1.7,49,Clear,0,0
T0830,Route_D,Bus,71.2,93.8,22.6,46,Clear,0,3
T0831,Route_C,Metro,81.9,101.0,19.1,46,Clear,1,3
T0832,Route_A,Bus,14.7,15.0,0.2,46,Rain,0,5
T0833,Route_D,Metro,119.8,179.4,59.6,43,Clear,1,1
T0834,Route_E,Ferry,89.2,128.8,39.5,48,Rain,1,3
T0835,Route_A,Train,87.1,76.6,0.0,56,Snow,0,1
T0836,Route_A,Bus,62.7,57.7,0.0,51,Snow,0,2
T0837,Route_A,Metro,78.9,100.1,21.2,41,Clear,1,2
T0838,Route_E,Metro,78.0,104.4,26.4,60,Snow,0,6
T0839,Route_D,Bus,73.9,96.9,23.0,48,Rain,1,2
T0840,Route_E,Tram,60.4,59.4,0.0,44,Snow,0,2
T0841,Route_B,Tram,21.1,31.1,10.0,53,Clear,0,3
T0842,Route_D,Metro,95.8,128.4,32.6,52,Rain,1,2
T0843,Route_C,Bus,93.3,124.1,30.8,45,Clear,0,2
T0844,Route_B,Train,19.1,27.5,8.4,45,Clear,1,3
T0845,Route_B,Train,28.8,28.4,0.0,50,Rain,0,0
T0846,Route_A,Ferry,11.2,13.3,2.1,45,Rain,0,1
T0847,Route_C,Bus,58.7,48.8,0.0,51,Clear,1,6
T0848,Route_B,Bus,57.7,79.3,21.6,61,Rain,0,5
T0849,Route_C,Train,28.6,29.3,0.7,49,Fog,1,2
T0850,Route_A,Ferry,118.0,175.6,57.6,63,Clear,1,5
T0851,Route_E,Metro,31.1,33.2,2.2,50,Clear,1,1
T0852,Route_B,Train,106.3,107.4,1.2,39,Rain,0,1
T0853,Route_E,Tram,106.9,125.0,18.1,51,Fog,0,0
T0854,Route_A,Bus,27.7,41.1,13.4,42,Clear,1,0
T0855,Route_D,Ferry,51.1,64.8,13.7,37,Rain,0,0
T0856,Route_B,Metro,116.4,136.0,19.6,46,Clear,1,5
T0857,Route_B,Bus,45.3,63.7,18.4,44,Clear,0,2
T0858,Route_C,Train,82.8,79.9,0.0,39,Rain,0,2
T0859,Route_E,Metro,48.8,47.0,0.0,34,Rain,0,3
T0860,Route_D,Bus,66.4,65.5,0.0,49,Rain,1,4
T0861,Route_A,Tram,64.6,76.3,11.7,42,Fog,1,5
T0862,Route_B,Ferry,59.9,70.6,10.7,58,Clear,0,4
T0863,Route_C,Metro,21.6,27.8,6.2,50,Clear,0,0
T0864,Route_C,Ferry,37.6,48.1,10.5,54,Snow,1,1
T0865,Route_B,Train,45.8,39.7,0.0,48,Clear,1,6
T0866,Route_D,Metro,16.8,15.3,0.0,60,Clear,0,6
T0867,Route_D,Metro,74.4,86.2,11.8,50,Clear,0,3
T0868,Route_E,Ferry,66.8,67.7,0.9,54,Clear,0,1
T0869,Route_E,Ferry,52.9,57.8,4.8,49,Clear,0,6
T0870,Route_B,Train,33.8,31.4,0.0,49,Snow,0,2
T0871,Route_E,Bus,40.8,36.2,0.0,53,Clear,1,5
T0872,Route_C,Metro,93.7,86.0,0.0,58,Snow,0,5
T0873,Route_C,Bus,20.3,20.4,0.1,58,Clear,1,0
T0874,Route_E,Bus,101.8,140.8,39.0,54,Clear,0,6
T0875,Route_A,Bus,64.7,82.0,17.3,49,Clear,0,6
T0876,Route_E,Metro,84.7,92.7,8.0,68,Snow,0,5
T0877,Route_E,Metro,28.7,28.4,0.0,43,Rain,1,4
T0878,Route_D,Ferry,101.6,90.2,0.0,41,Fog,0,5
T0879,Route_B,Bus,112.3,155.7,43.3,40,Snow,0,3
T0880,Route_A,Train,96.2,98.9,2.6,55,Fog,1,4
T0881,Route_C,Train,74.4,88.0,13.6,53,Clear,0,6
T0882,Route_C,Bus,102.4,132.3,29.8,56,Clear,0,0
T0883,Route_A,Train,94.9,103.7,8.8,49,Fog,1,6
T0884,Route_C,Train,55.0,69.5,14.5,49,Clear,0,4
T0885,Route_D,Train,100.4,82.3,0.0,53,Clear,0,2
T0886,Route_A,Ferry,14.1,15.0,0.8,51,Rain,0,5
T0887,Route_D,Tram,112.6,128.5,15.9,53,Clear,1,0
T0888,Route_A,Tram,68.8,87.6,18.8,48,Rain,0,5
T0889,Route_A,Metro,89.7,128.0,38.3,43,Fog,0,2
T0890,Route_B,Train,73.8,105.8,32.0,46,Clear,1,5
T0891,Route_A,Tram,42.5,60.5,17.9,58,Clear,1,3
T0892,Route_A,Metro,116.8,129.3,12.5,59,Clear,1,0
T0893,Route_B,Ferry,26.0,28.2,2.2,40,Clear,0,5
T0894,Route_C,Metro,83.4,69.3,0.0,46,Clear,0,0
T0895,Route_E,Bus,58.2,57.3,0.0,42,Rain,0,0
T0896,Route_D,Train,95.7,77.9,0.0,60,Snow,1,3
T0897,Route_D,Metro,83.6,94.8,11.2,53,Rain,1,0
T0898,Route_A,Bus,13.5,17.6,4.2,58,Snow,0,6
T0899,Route_C,Train,66.9,80.6,13.7,37,Fog,0,2
T0900,Route_C,Metro,64.9,64.3,0.0,42,Rain,0,3
T0901,Route_A,Tram,107.1,129.3,22.2,41,Snow,1,0
T0902,Route_D,Metro,119.6,158.6,38.9,53,Clear,0,6
T0903,Route_D,Tram,11.7,10.2,0.0,46,Clear,0,6
T0904,Route_E,Tram,86.5,77.8,0.0,53,Clear,0,5
T0905,Route_E,Train,25.4,22.0,0.0,48,Rain,0,3
T0906,Route_C,Bus,99.1,85.4,0.0,53,Clear,1,5
T0907,Route_D,Metro,24.7,33.7,9.0,49,Clear,1,3
T0908,Route_A,Ferry,85.7,76.2,0.0,48,Rain,0,4
T0909,Route_B,Train,31.6,38.9,7.3,38,Rain,1,0
T0910,Route_B,Tram,21.3,27.8,6.5,50,Clear,0,1
T0911,Route_C,Train,47.5,64.7,17.2,61,Clear,0,0
T0912,Route_D,Ferry,41.5,41.8,0.2,48,Rain,1,2
T0913,Route_C,Metro,34.1,37.5,3.4,53,Clear,1,6
T0914,Route_A,Ferry,30.5,30.2,0.0,57,Rain,0,4
T0915,Route_E,Ferry,37.2,43.0,5.8,58,Clear,1,1
T0916,Route_A,Bus,35.3,41.0,5.7,61,Clear,0,6
T0917,Route_B,Metro,104.0,150.9,46.9,43,Clear,0,3
T0918,Route_B,Ferry,13.9,16.3,2.4,53,Fog,1,5
T0919,Route_A,Tram,58.3,49.4,0.0,49,Rain,1,1
T0920,Route_E,Ferry,23.0,28.8,5.8,44,Rain,0,1
T0921,Route_E,Bus,107.0,116.3,9.3,45,Rain,0,3
T0922,Route_D,Train,57.3,85.3,28.0,46,Snow,1,2
T0923,Route_A,Train,105.8,85.8,0.0,49,Clear,0,1
T0924,Route_C,Train,70.5,100.2,29.7,43,Clear,0,0
T0925,Route_A,Tram,98.2,108.9,10.7,50,Rain,0,6
T0926,Route_E,Ferry,54.9,56.4,1.5,56,Clear,0,4
T0927,Route_A,Ferry,64.1,90.9,26.7,48,Clear,0,0
T0928,Route_E,Train,23.3,20.5,0.0,48,Rain,0,3
T0929,Route_C,Bus,38.7,54.0,15.4,59,Clear,1,4
T0930,Route_E,Ferry,47.1,46.3,0.0,40,Rain,0,6
T0931,Route_B,Bus,33.0,29.8,0.0,53,Clear,0,6
T0932,Route_C,Train,106.8,160.2,53.4,44,Rain,0,6
T0933,Route_D,Metro,24.1,19.8,0.0,54,Fog,0,5
T0934,Route_C,Metro,27.8,39.8,12.1,50,Fog,1,1
T0935,Route_E,Metro,33.2,42.6,9.4,44,Snow,1,2
T0936,Route_E,Metro,25.1,32.1,7.0,62,Rain,1,2
T0937,Route_C,Ferry,42.2,54.5,12.4,55,Clear,1,0
T0938,Route_D,Ferry,38.3,49.2,10.9,49,Clear,1,6
T0939,Route_B,Train,89.5,84.5,0.0,44,Rain,0,2
T0940,Route_B,Metro,11.2,15.0,3.8,57,Rain,0,0
T0941,Route_E,Bus,97.4,84.7,0.0,45,Clear,1,0
T0942,Route_A,Train,14.5,18.8,4.3,49,Rain,0,3
T0943,Route_C,Bus,22.4,29.0,6.6,61,Snow,0,3
T0944,Route_E,Bus,46.1,64.6,18.5,40,Clear,1,0
T0945,Route_B,Tram,36.2,49.7,13.5,43,Clear,1,1
T0946,Route_E,Bus,37.5,46.0,8.5,52,Clear,0,0
T0947,Route_D,Bus,91.3,130.1,38.8,49,Clear,1,3
T0948,Route_E,Ferry,74.4,110.4,36.0,51,Clear,0,5
T0949,Route_A,Ferry,99.8,148.9,49.1,48,Snow,1,2
T0950,Route_A,Train,31.7,39.3,7.6,54,Snow,0,5
T0951,Route_D,Tram,91.4,93.2,1.7,58,Snow,1,4
T0952,Route_C,Bus,13.2,13.7,0.5,40,Snow,0,1
T0953,Route_A,Ferry,76.9,113.8,36.9,47,Clear,0,0
T0954,Route_E,Tram,41.7,36.8,0.0,54,Clear,1,1
T0955,Route_C,Tram,45.3,44.2,0.0,51,Clear,1,2
T0956,Route_D,Tram,88.3,94.5,6.1,48,Fog,0,6
T0957,Route_A,Bus,113.2,97.7,0.0,52,Clear,0,6
T0958,Route_D,Bus,41.7,40.2,0.0,55,Clear,0,0
T0959,Route_C,Tram,34.6,35.9,1.3,43,Clear,0,5
T0960,Route_A,Train,46.9,44.3,0.0,47,Rain,0,2
T0961,Route_C,Tram,112.4,98.6,0.0,48,Clear,1,0
T0962,Route_B,Train,99.2,147.5,48.3,55,Clear,1,6
T0963,Route_D,Metro,90.7,127.8,37.2,43,Snow,0,2
T0964,Route_A,Train,117.3,156.4,39.1,48,Clear,0,4
T0965,Route_E,Metro,87.3,118.3,31.0,53,Rain,1,1
T0966,Route_E,Metro,49.6,62.9,13.3,55,Clear,1,0
T0967,Route_A,Metro,19.4,18.0,0.0,56,Snow,0,6
T0968,Route_D,Ferry,62.8,86.1,23.3,50,Snow,1,1
T0969,Route_C,Bus,53.8,44.0,0.0,59,Rain,1,3
T0970,Route_E,Train,84.0,119.9,36.0,49,Snow,0,4
T0971,Route_E,Ferry,102.6,126.4,23.8,53,Snow,1,0
T0972,Route_E,Ferry,74.5,99.4,25.0,57,Fog,1,1
T0973,Route_B,Tram,53.5,54.0,0.5,59,Snow,0,6
T0974,Route_A,Bus,58.5,49.5,0.0,58,Fog,1,6
T0975,Route_E,Metro,57.5,77.6,20.1,49,Clear,0,0
T0976,Route_B,Tram,28.0,24.8,0.0,27,Snow,0,5
T0977,Route_D,Train,81.1,112.0,30.9,51,Clear,0,4
T0978,Route_E,Tram,27.4,37.6,10.1,41,Clear,0,1
T0979,Route_D,Bus,96.9,119.4,22.6,40,Clear,0,6
T0980,Route_B,Tram,61.6,61.9,0.3,45,Clear,0,4
T0981,Route_E,Tram,17.3,23.9,6.6,51,Rain,0,3
T0982,Route_C,Metro,19.9,29.2,9.4,55,Rain,0,2
T0983,Route_E,Metro,64.9,94.2,29.3,52,Clear,0,6
T0984,Route_E,Metro,17.3,13.9,0.0,50,Fog,1,2
T0985,Route_D,Train,15.3,20.5,5.2,51,Clear,0,5
T0986,Route_D,Train,11.3,10.0,0.0,46,Fog,0,0
T0987,Route_E,Tram,15.1,14.9,0.0,50,Clear,0,6
T0988,Route_C,Ferry,55.5,54.9,0.0,43,Clear,0,5
T0989,Route_A,Bus,96.4,122.6,26.2,40,Clear,1,6
T0990,Route_A,Train,52.0,76.5,24.4,61,Snow,1,5
T0991,Route_E,Tram,77.2,113.9,36.7,39,Clear,0,2
T0992,Route_E,Train,67.5,90.9,23.4,42,Clear,0,6
T0993,Route_D,Metro,13.9,12.5,0.0,56,Fog,0,4
T0994,Route_A,Metro,113.2,105.3,0.0,51,Clear,0,6
T0995,Route_B,Metro,86.0,116.2,30.2,40,Fog,1,2
T0996,Route_B,Tram,88.4,113.3,24.9,46,Fog,1,3
T0997,Route_E,Metro,59.8,65.6,5.8,42,Rain,0,0
T0998,Route_C,Ferry,53.1,65.6,12.5,71,Clear,0,4
T0999,Route_A,Train,45.6,40.9,0.0,60,Snow,0,4
T1000,Route_C,Ferry,66.5,90.6,24.1,47,Clear,1,4
