player_id,team,position,games_played,points_per_game,assists_per_game,rebounds_per_game,minutes_per_game,age,experience_years,salary_millions
P0001,Team_H,Defender,61,9.4,5.7,2.3,32.3,31,15,1.27
P0002,Team_I,Center,48,22.7,5.8,0.0,23.8,27,10,0.5
P0003,Team_A,Guard,63,14.1,3.2,4.7,29.0,36,10,5.63
P0004,Team_D,Guard,40,21.6,6.0,6.3,33.8,20,16,1.78
P0005,Team_F,Center,33,17.1,1.7,0.2,27.3,29,5,1.01
P0006,Team_H,Defender,67,10.2,0.0,2.6,31.2,37,8,5.17
P0007,Team_H,Defender,72,8.2,0.4,4.0,20.7,23,17,0.53
P0008,Team_C,Striker,29,23.6,1.9,11.3,30.1,37,4,0.5
P0009,Team_H,Guard,61,16.2,2.4,11.2,25.4,34,8,6.22
P0010,Team_B,Forward,41,5.7,3.3,4.3,38.9,23,11,8.9
P0011,Team_E,Striker,17,11.7,4.8,10.1,21.5,28,6,7.44
P0012,Team_J,Forward,28,23.2,7.0,2.9,25.3,28,17,4.53
P0013,Team_I,Defender,35,14.6,13.9,11.0,6.0,34,10,4.77
P0014,Team_K,Center,67,9.7,3.6,7.6,24.5,23,4,1.15
P0015,Team_J,Center,59,13.9,8.8,0.0,26.1,37,9,6.76
P0016,Team_L,Midfielder,20,0.0,3.4,6.1,30.6,29,2,2.17
P0017,Team_J,Striker,30,10.7,3.5,9.2,44.9,20,10,4.64
P0018,Team_D,Center,36,22.5,0.0,8.9,28.9,37,15,0.84
P0019,Team_B,Striker,74,17.6,6.7,4.6,30.1,26,15,0.5
P0020,Team_H,Guard,61,11.6,0.0,0.0,20.7,24,7,4.17
P0021,Team_A,Center,22,8.2,5.0,6.5,13.3,37,7,1.25
P0022,Team_L,Forward,40,0.0,1.0,3.7,18.8,33,0,1.45
P0023,Team_G,Defender,33,6.6,2.2,11.2,12.3,31,4,9.06
P0024,Team_B,Midfielder,51,31.5,0.0,0.0,24.5,26,12,2.33
P0025,Team_C,Midfielder,27,23.0,3.6,3.9,29.1,37,16,1.17
P0026,Team_D,Striker,65,13.3,8.1,5.4,27.6,32,2,1.92
P0027,Team_J,Midfielder,75,21.5,5.2,6.2,45.8,27,13,2.56
P0028,Team_A,Striker,12,11.4,1.8,3.8,30.8,30,1,1.93
P0029,Team_F,Midfielder,32,11.4,8.1,7.2,13.1,26,3,1.92
P0030,Team_D,Guard,28,13.2,12.8,9.3,16.4,28,11,2.47
P0031,Team_F,Defender,10,15.5,4.3,4.1,33.5,27,8,6.92
P0032,Team_B,Defender,30,10.2,3.5,0.0,11.8,37,13,2.23
P0033,Team_L,Center,58,33.0,1.5,4.1,29.1,24,4,0.5
P0034,Team_G,Guard,38,0.0,4.5,9.4,39.2,22,5,3.06
P0035,Team_C,Striker,77,16.5,2.6,1.7,24.1,30,13,2.18
P0036,Team_A,Striker,57,7.5,0.3,4.6,43.3,35,13,0.5
P0037,Team_B,Midfielder,75,8.8,6.3,10.7,19.0,21,7,1.71
P0038,Team_B,Guard,52,7.5,1.9,3.8,13.8,25,6,0.5
P0039,Team_E,Guard,65,2.1,1.5,7.2,8.5,29,16,1.17
P0040,Team_B,Defender,73,0.0,4.6,7.2,33.9,37,14,10.74
P0041,Team_B,Forward,28,13.9,0.0,5.7,18.5,24,13,1.01
P0042,Team_H,Guard,53,22.7,0.0,6.0,22.3,27,7,2.17
P0043,Team_C,Forward,50,11.1,5.5,4.5,27.5,31,10,1.31
P0044,Team_E,Guard,69,11.2,1.4,10.4,35.8,37,11,11.32
P0045,Team_H,Forward,72,10.4,1.8,2.8,26.1,31,11,7.0
P0046,Team_F,Defender,19,11.6,4.1,0.0,29.4,22,4,1.71
P0047,Team_J,Midfielder,16,12.5,7.2,4.0,45.2,24,11,5.02
P0048,Team_B,Defender,50,8.3,6.2,0.5,25.7,26,11,0.5
P0049,Team_D,Midfielder,28,11.0,7.9,5.4,29.9,20,15,5.79
P0050,Team_K,Midfielder,81,18.0,2.6,0.7,36.8,23,0,3.68
P0051,Team_K,Guard,29,3.4,3.1,5.3,13.1,32,2,0.64
P0052,Team_A,Center,12,5.4,4.2,4.2,5.0,22,4,2.39
P0053,Team_A,Striker,75,9.5,1.7,3.7,15.0,32,11,0.5
P0054,Team_D,Defender,75,5.5,8.5,10.6,18.3,32,11,1.77
P0055,Team_C,Midfielder,44,31.2,0.0,9.6,28.6,30,5,0.5
P0056,Team_F,Striker,53,8.6,3.0,10.1,40.5,23,11,6.15
P0057,Team_H,Midfielder,24,24.2,3.1,7.2,5.0,24,15,0.5
P0058,Team_F,Defender,79,10.2,4.1,8.7,17.1,24,0,0.5
P0059,Team_D,Midfielder,79,0.0,5.7,5.2,21.8,25,13,0.5
P0060,Team_E,Forward,77,0.0,1.8,5.0,23.1,34,6,1.1
P0061,Team_B,Midfielder,48,3.1,7.1,7.1,27.2,27,13,2.47
P0062,Team_B,Defender,43,20.5,0.0,9.5,20.3,32,1,1.89
P0063,Team_J,Center,32,0.0,6.1,9.0,18.3,27,14,3.96
P0064,Team_L,Forward,74,14.1,2.9,2.8,6.4,33,13,1.78
P0065,Team_D,Center,16,20.1,7.3,2.2,13.8,26,12,5.93
P0066,Team_E,Striker,49,19.9,0.0,6.3,21.3,26,1,10.86
P0067,Team_F,Striker,66,10.1,6.5,13.1,24.3,37,6,0.92
P0068,Team_E,Defender,56,15.7,1.5,5.2,20.5,37,10,6.67
P0069,Team_E,Striker,29,24.3,3.2,9.2,27.3,23,16,2.33
P0070,Team_I,Striker,62,16.8,2.9,4.4,23.4,32,7,3.03
P0071,Team_I,Striker,43,25.0,7.0,5.1,21.1,31,0,1.08
P0072,Team_F,Forward,46,0.0,6.1,0.0,22.1,37,8,1.91
P0073,Team_G,Defender,62,16.6,5.1,7.4,24.3,34,0,0.5
P0074,Team_H,Midfielder,53,5.6,0.0,3.6,5.0,22,1,1.33
P0075,Team_E,Midfielder,19,24.8,0.5,8.9,5.0,30,14,7.02
P0076,Team_I,Center,48,14.2,7.2,0.3,20.4,23,10,8.72
P0077,Team_C,Center,53,20.7,4.0,5.8,29.8,37,1,5.0
P0078,Team_J,Guard,32,17.5,6.0,5.0,22.3,32,4,2.18
P0079,Team_D,Defender,39,21.4,3.9,1.8,7.5,20,6,0.5
P0080,Team_L,Midfielder,34,20.8,1.9,5.1,29.5,29,2,6.82
P0081,Team_I,Forward,50,18.6,3.8,4.8,12.5,28,17,1.22
P0082,Team_J,Defender,41,12.5,4.7,8.6,21.3,29,14,1.89
P0083,Team_K,Guard,30,18.6,3.9,15.3,15.2,36,0,2.39
P0084,Team_J,Striker,70,0.0,8.0,0.7,29.2,30,11,0.5
P0085,Team_B,Center,73,22.5,7.5,5.7,16.8,22,1,3.75
P0086,Team_C,Center,47,15.9,0.0,2.9,27.1,27,3,0.66
P0087,Team_C,Center,26,11.0,0.0,6.3,24.4,22,8,1.06
P0088,Team_B,Midfielder,77,12.0,2.1,7.0,25.6,36,9,1.23
P0089,Team_D,Center,65,15.7,5.8,3.2,28.7,21,5,4.8
P0090,Team_H,Forward,33,25.0,3.6,4.5,27.8,27,4,0.5
P0091,Team_E,Center,13,7.8,0.0,4.8,7.3,27,14,0.59
P0092,Team_A,Guard,40,6.2,1.0,3.8,10.0,29,9,0.93
P0093,Team_L,Defender,29,18.3,7.9,8.4,34.3,20,6,2.0
P0094,Team_K,Midfielder,66,11.0,7.6,3.3,41.2,22,1,3.29
P0095,Team_K,Midfielder,73,6.7,3.9,6.2,14.3,20,12,3.35
P0096,Team_L,Guard,62,3.5,0.5,17.5,9.6,29,2,2.33
P0097,Team_G,Midfielder,35,9.4,8.6,3.1,29.5,30,2,0.78
P0098,Team_F,Midfielder,25,2.0,1.7,5.5,43.4,34,3,0.71
P0099,Team_I,Midfielder,56,22.1,3.6,0.8,22.4,23,13,2.11
P0100,Team_G,Guard,78,8.3,1.5,1.1,18.3,29,14,0.5
P0101,Team_H,Forward,57,7.8,3.5,2.3,26.9,25,5,1.19
P0102,Team_G,Striker,66,19.0,3.1,9.0,17.4,37,13,3.76
P0103,Team_L,Center,23,29.7,0.4,15.3,21.0,26,8,0.5
P0104,Team_K,Forward,74,20.9,5.2,13.8,36.2,33,17,5.97
P0105,Team_B,Defender,47,4.2,8.2,5.6,30.1,20,11,1.86
P0106,Team_B,Striker,64,35.5,4.9,13.3,40.0,31,0,0.92
P0107,Team_I,Guard,80,18.9,1.0,6.2,26.4,26,16,2.57
P0108,Team_F,Striker,38,5.5,0.5,6.2,30.3,35,11,1.76
P0109,Team_G,Center,44,17.3,1.4,3.9,17.4,35,1,1.16
P0110,Team_A,Center,13,0.0,1.0,7.9,31.2,34,14,2.2
P0111,Team_C,Center,55,4.9,3.5,4.7,25.0,31,14,0.88
P0112,Team_J,Center,68,1.4,4.0,8.7,31.5,27,5,3.47
P0113,Team_B,Striker,60,27.8,8.6,1.9,9.9,22,12,0.5
P0114,Team_B,Defender,36,7.9,2.9,7.3,19.5,35,15,0.5
P0115,Team_A,Center,28,11.8,3.0,6.3,20.5,28,1,1.56
P0116,Team_G,Center,31,19.6,7.3,3.7,35.3,36,2,0.78
P0117,Team_B,Striker,79,16.6,4.9,2.5,21.5,21,2,0.87
P0118,Team_E,Center,77,25.5,7.5,5.1,42.8,21,13,2.06
P0119,Team_L,Forward,17,6.8,3.8,8.5,22.8,32,3,3.71
P0120,Team_L,Striker,11,8.6,6.8,4.4,8.5,35,7,3.81
P0121,Team_B,Guard,12,8.4,2.9,4.5,16.3,35,14,0.5
P0122,Team_B,Midfielder,13,19.7,2.1,3.8,32.5,33,9,1.09
P0123,Team_G,Guard,70,5.1,0.0,10.7,15.5,32,11,5.16
P0124,Team_G,Striker,26,4.3,4.5,5.0,16.6,36,14,3.33
P0125,Team_L,Guard,46,16.9,3.6,5.5,35.3,27,8,3.19
P0126,Team_K,Center,56,17.4,2.3,6.9,44.5,26,17,2.07
P0127,Team_B,Defender,22,8.2,0.0,8.9,14.0,31,13,5.05
P0128,Team_L,Forward,60,0.5,1.5,3.1,43.0,33,14,5.26
P0129,Team_E,Center,67,15.0,1.1,13.1,30.1,21,7,0.91
P0130,Team_B,Forward,10,18.7,3.4,10.7,41.0,20,15,0.91
P0131,Team_D,Guard,57,8.5,4.9,10.5,32.0,36,14,6.27
P0132,Team_C,Midfielder,43,18.9,7.4,7.0,37.3,25,9,1.63
P0133,Team_B,Guard,58,6.5,4.4,3.4,24.0,37,11,0.82
P0134,Team_G,Center,36,4.1,3.5,0.7,25.5,36,10,1.57
P0135,Team_F,Midfielder,38,10.9,4.3,2.5,20.8,32,3,2.6
P0136,Team_F,Midfielder,41,16.3,9.0,6.6,6.3,35,15,6.28
P0137,Team_K,Center,12,2.3,11.0,12.4,32.4,24,7,0.5
P0138,Team_J,Guard,47,13.6,8.0,6.2,28.3,23,4,3.09
P0139,Team_D,Defender,56,3.3,1.0,5.0,28.9,35,2,3.49
P0140,Team_D,Forward,62,23.6,6.8,8.0,22.8,27,17,6.02
P0141,Team_I,Center,24,0.0,3.9,7.5,22.2,22,17,4.6
P0142,Team_C,Guard,16,4.9,3.5,6.4,15.8,30,16,4.81
P0143,Team_D,Defender,53,21.9,3.4,1.4,18.1,25,13,2.3
P0144,Team_B,Guard,73,10.9,5.8,0.0,25.6,27,7,9.11
P0145,Team_B,Center,16,12.2,1.6,10.8,30.5,24,11,2.39
P0146,Team_L,Midfielder,80,11.3,7.5,7.0,19.4,34,5,1.19
P0147,Team_H,Defender,29,13.0,0.2,6.5,40.2,35,9,4.69
P0148,Team_H,Forward,28,23.9,7.7,6.7,31.9,35,0,1.33
P0149,Team_B,Midfielder,12,13.0,3.4,2.2,32.7,25,16,1.8
P0150,Team_I,Midfielder,36,13.8,5.8,4.4,29.7,24,6,2.72
P0151,Team_C,Guard,41,5.1,2.6,3.7,26.5,37,7,2.79
P0152,Team_C,Guard,75,11.9,6.2,13.1,28.2,34,3,2.9
P0153,Team_A,Midfielder,42,18.7,2.0,4.6,21.2,27,16,3.52
P0154,Team_C,Midfielder,63,13.0,2.4,4.0,33.1,30,5,4.79
P0155,Team_J,Defender,50,12.5,1.5,0.0,37.8,32,12,15.64
P0156,Team_I,Striker,38,5.7,1.1,4.0,23.3,26,12,1.51
P0157,Team_C,Guard,78,10.8,5.2,4.4,45.6,37,4,3.45
P0158,Team_C,Defender,12,9.3,0.8,2.4,32.1,22,3,1.69
P0159,Team_K,Striker,48,8.8,6.6,1.1,19.1,36,7,2.44
P0160,Team_E,Forward,18,8.0,2.6,6.2,37.1,36,13,1.89
P0161,Team_D,Forward,38,13.3,3.6,1.8,19.0,25,15,0.95
P0162,Team_C,Forward,45,8.6,0.3,0.0,21.5,33,7,6.04
P0163,Team_B,Forward,65,15.1,6.4,3.8,31.1,33,9,2.94
P0164,Team_I,Center,31,18.8,7.7,9.3,15.8,30,17,1.66
P0165,Team_D,Center,28,12.6,2.2,7.8,20.5,26,7,3.08
P0166,Team_I,Striker,55,5.2,8.2,14.2,20.5,30,7,1.91
P0167,Team_J,Center,58,7.7,7.7,6.0,32.1,26,0,0.97
P0168,Team_B,Midfielder,12,17.3,1.6,10.1,23.5,24,1,2.47
P0169,Team_C,Striker,16,8.0,6.6,12.7,36.0,23,16,1.71
P0170,Team_B,Guard,55,0.5,7.0,1.8,32.1,34,3,1.04
P0171,Team_L,Center,23,9.6,0.0,6.8,5.0,35,4,3.82
P0172,Team_J,Forward,78,21.5,2.8,11.9,27.4,23,16,3.94
P0173,Team_F,Center,50,12.8,2.8,13.1,28.2,36,5,2.79
P0174,Team_G,Center,53,3.1,0.5,9.4,22.3,35,7,2.7
P0175,Team_D,Striker,78,17.3,6.1,0.7,27.2,23,16,1.9
P0176,Team_B,Midfielder,36,14.3,3.2,6.0,21.0,29,17,3.88
P0177,Team_B,Guard,69,13.7,9.3,7.6,13.0,35,11,2.86
P0178,Team_K,Striker,42,28.9,2.6,6.7,31.2,36,7,2.01
P0179,Team_K,Center,16,2.5,2.5,5.2,19.6,22,2,7.93
P0180,Team_H,Guard,20,15.6,7.5,3.6,14.7,26,4,0.5
P0181,Team_F,Guard,27,18.8,6.7,4.9,21.1,35,8,6.61
P0182,Team_E,Defender,27,2.4,1.3,6.0,18.8,21,1,3.43
P0183,Team_F,Guard,75,8.8,5.1,2.5,24.2,31,12,2.92
P0184,Team_F,Forward,11,1.5,3.4,7.6,20.6,27,15,2.65
P0185,Team_C,Midfielder,47,9.8,1.7,8.7,28.1,25,17,1.43
P0186,Team_C,Midfielder,29,0.0,5.2,8.9,43.7,33,7,2.08
P0187,Team_B,Defender,79,17.8,5.3,1.4,14.2,30,9,7.8
P0188,Team_K,Striker,43,15.8,11.6,9.8,25.6,23,1,0.72
P0189,Team_H,Defender,42,14.2,0.0,10.6,25.9,33,15,0.5
P0190,Team_F,Defender,62,11.3,0.0,8.6,40.3,29,14,3.99
P0191,Team_A,Guard,25,0.0,3.5,8.4,32.8,21,12,0.7
P0192,Team_F,Midfielder,59,1.1,5.4,0.0,33.1,34,16,0.86
P0193,Team_L,Striker,58,15.1,5.1,13.5,26.7,28,17,18.35
P0194,Team_B,Midfielder,49,0.0,0.5,12.4,16.6,34,15,6.07
P0195,Team_B,Defender,34,6.1,1.5,2.9,5.0,25,12,14.24
P0196,Team_H,Striker,53,5.3,5.0,12.0,30.4,36,1,0.5
P0197,Team_K,Defender,66,0.0,1.9,4.5,24.0,24,4,11.84
P0198,Team_D,Center,72,7.4,0.6,5.0,26.0,25,4,2.86
P0199,Team_E,Striker,10,18.3,7.2,1.8,35.9,20,14,0.5
P0200,Team_K,Guard,48,15.7,5.3,12.1,29.9,31,9,0.83
P0201,Team_J,Midfielder,68,11.9,1.7,6.7,15.5,27,8,2.06
P0202,Team_I,Striker,57,2.0,1.1,6.0,38.2,26,0,2.82
P0203,Team_I,Striker,35,16.5,2.9,5.4,8.2,22,14,2.36
P0204,Team_G,Center,19,13.9,3.8,7.9,48.0,27,15,0.92
P0205,Team_K,Guard,57,2.6,2.2,9.2,20.0,35,17,1.29
P0206,Team_B,Defender,73,15.0,0.0,8.5,19.5,28,13,1.4
P0207,Team_J,Midfielder,41,11.4,6.1,9.2,38.8,37,13,2.95
P0208,Team_B,Guard,66,19.6,4.6,11.8,23.1,20,5,2.94
P0209,Team_J,Forward,34,12.0,8.2,7.6,32.3,29,5,6.81
P0210,Team_D,Forward,62,24.6,1.5,7.1,33.3,26,9,0.5
P0211,Team_L,Guard,78,9.8,0.0,8.6,27.2,24,13,2.99
P0212,Team_E,Striker,65,8.7,0.6,4.3,48.0,29,8,3.58
P0213,Team_I,Center,45,19.2,6.2,9.3,5.4,20,16,6.07
P0214,Team_J,Forward,38,13.8,5.3,0.0,26.3,23,6,5.21
P0215,Team_K,Guard,45,23.7,1.4,0.7,9.0,35,12,1.35
P0216,Team_L,Defender,76,24.3,10.1,4.0,18.8,20,6,2.54
P0217,Team_J,Striker,32,19.6,2.9,6.0,35.7,32,13,0.5
P0218,Team_J,Midfielder,62,10.0,4.3,5.1,27.1,26,16,6.24
P0219,Team_J,Midfielder,34,12.2,6.9,1.8,13.7,27,16,2.18
P0220,Team_F,Forward,75,9.8,7.5,8.2,35.0,37,15,1.14
P0221,Team_G,Guard,17,7.3,0.0,3.8,29.1,36,7,6.96
P0222,Team_K,Midfielder,81,1.7,6.0,7.5,15.1,33,14,3.18
P0223,Team_D,Defender,58,19.3,2.8,10.1,24.7,32,1,7.51
P0224,Team_F,Midfielder,12,8.8,8.1,6.9,24.1,33,3,1.35
P0225,Team_C,Forward,65,11.9,10.9,2.7,26.0,34,15,1.54
P0226,Team_K,Midfielder,24,10.5,10.9,9.5,31.6,28,10,3.03
P0227,Team_B,Forward,15,15.5,7.0,8.7,19.1,20,4,9.59
P0228,Team_H,Center,25,2.3,5.5,3.2,35.2,31,2,2.47
P0229,Team_E,Guard,63,0.0,2.3,5.5,29.5,37,13,1.62
P0230,Team_J,Striker,33,11.0,6.8,2.4,20.0,36,8,0.54
P0231,Team_J,Forward,60,3.3,9.9,4.6,20.2,20,10,4.7
P0232,Team_K,Midfielder,79,31.9,7.9,1.5,29.1,21,7,2.68
P0233,Team_A,Guard,40,5.9,6.7,10.8,24.2,21,15,0.71
P0234,Team_F,Center,26,17.1,5.3,8.3,33.1,30,7,0.5
P0235,Team_B,Guard,33,27.6,2.2,4.4,31.0,24,6,3.05
P0236,Team_I,Defender,37,5.9,6.8,12.6,17.3,21,6,1.63
P0237,Team_F,Forward,78,10.0,4.3,3.7,32.4,23,3,2.47
P0238,Team_J,Striker,79,12.8,1.5,10.6,16.4,21,3,1.39
P0239,Team_C,Guard,15,7.0,5.3,0.3,21.0,23,16,0.5
P0240,Team_H,Midfielder,25,3.0,6.0,5.0,10.0,23,11,1.11
P0241,Team_A,Center,37,9.9,2.7,6.3,5.0,37,2,1.38
P0242,Team_A,Center,45,29.5,3.7,6.7,19.7,33,17,0.94
P0243,Team_C,Striker,27,11.4,1.4,8.5,25.6,33,7,3.58
P0244,Team_I,Forward,35,13.7,8.5,6.3,7.5,27,4,1.47
P0245,Team_A,Center,23,10.5,3.1,8.1,41.1,28,7,2.3
P0246,Team_I,Center,79,22.8,2.8,0.4,27.3,37,14,3.74
P0247,Team_F,Center,25,3.2,12.3,8.1,21.9,26,13,0.5
P0248,Team_H,Center,40,0.0,1.9,3.5,36.4,35,9,0.7
P0249,Team_I,Guard,39,5.8,3.2,6.5,39.3,24,9,0.77
P0250,Team_H,Striker,33,24.2,1.9,4.2,27.8,30,0,2.52
P0251,Team_A,Defender,53,19.1,3.9,4.7,9.1,22,17,0.86
P0252,Team_H,Midfielder,71,25.3,6.0,10.9,33.1,20,5,10.36
P0253,Team_E,Center,23,16.4,8.8,5.7,40.3,25,3,1.59
P0254,Team_C,Defender,37,19.8,8.0,12.8,31.3,31,11,2.93
P0255,Team_I,Guard,18,11.6,3.0,7.4,28.9,21,15,1.3
P0256,Team_I,Striker,10,11.6,7.3,7.2,8.7,25,13,7.13
P0257,Team_A,Midfielder,67,5.8,3.1,11.5,20.5,28,11,6.54
P0258,Team_H,Defender,73,12.1,2.6,3.0,24.5,32,7,5.73
P0259,Team_B,Defender,54,2.6,0.4,8.6,12.4,20,2,0.69
P0260,Team_D,Midfielder,28,0.1,3.5,3.7,16.1,37,3,1.56
P0261,Team_L,Center,26,13.3,4.0,9.9,34.0,20,12,1.08
P0262,Team_B,Forward,38,3.4,7.2,4.1,30.8,31,3,5.0
P0263,Team_K,Center,34,16.0,7.1,9.2,18.3,26,12,0.98
P0264,Team_F,Guard,21,21.0,5.4,5.1,17.2,34,5,6.63
P0265,Team_A,Forward,74,14.0,6.8,12.1,11.6,33,15,7.22
P0266,Team_F,Center,19,27.0,1.1,7.0,8.4,34,10,0.66
P0267,Team_H,Striker,42,13.9,0.0,1.7,7.4,25,3,1.39
P0268,Team_G,Center,18,25.4,3.7,8.6,22.5,21,16,1.73
P0269,Team_C,Striker,52,6.0,0.0,9.8,26.2,32,8,5.82
P0270,Team_F,Midfielder,54,24.0,3.1,11.3,11.6,36,14,2.27
P0271,Team_A,Midfielder,42,8.1,4.6,3.4,21.1,27,4,4.71
P0272,Team_F,Guard,77,24.7,2.9,7.8,27.3,29,12,3.59
P0273,Team_L,Midfielder,32,0.0,8.9,15.5,17.3,32,4,0.99
P0274,Team_B,Guard,80,17.3,4.0,10.8,9.4,21,6,3.09
P0275,Team_G,Defender,31,18.1,4.9,11.7,9.6,35,11,1.14
P0276,Team_B,Center,54,2.6,6.6,10.2,18.5,27,4,1.56
P0277,Team_H,Striker,74,23.8,1.0,4.7,5.2,25,6,0.5
P0278,Team_I,Center,14,21.6,4.0,3.0,27.8,35,16,2.47
P0279,Team_B,Center,33,14.4,2.4,9.3,17.9,20,16,3.17
P0280,Team_C,Center,20,13.9,6.1,2.5,9.5,26,4,0.96
P0281,Team_A,Midfielder,58,7.1,3.9,3.4,26.6,26,14,0.94
P0282,Team_L,Guard,32,0.0,3.6,10.2,18.4,30,17,2.01
P0283,Team_J,Defender,65,8.5,6.0,7.6,19.0,20,12,1.91
P0284,Team_G,Forward,60,13.8,1.9,5.0,35.3,30,1,5.8
P0285,Team_C,Striker,71,20.3,4.4,3.6,33.4,34,9,4.89
P0286,Team_K,Striker,21,3.3,4.6,4.9,20.3,32,8,1.65
P0287,Team_H,Defender,75,18.0,7.3,9.2,37.9,23,9,1.66
P0288,Team_E,Guard,55,6.6,8.0,2.6,26.8,21,0,0.84
P0289,Team_E,Guard,55,13.9,7.9,1.6,30.3,25,12,0.5
P0290,Team_A,Midfielder,39,14.6,4.8,8.1,22.4,22,9,1.87
P0291,Team_E,Forward,21,13.8,4.4,1.4,34.5,30,11,1.87
P0292,Team_E,Guard,45,2.0,4.1,3.5,30.8,27,15,3.92
P0293,Team_C,Midfielder,46,4.7,7.9,8.4,27.7,30,17,0.5
P0294,Team_K,Defender,23,13.3,9.4,7.4,22.7,24,13,18.88
P0295,Team_G,Forward,60,18.7,1.0,6.8,21.8,30,10,6.61
P0296,Team_L,Guard,68,8.0,5.1,4.9,28.8,27,10,3.99
P0297,Team_J,Striker,73,26.9,2.8,6.4,14.6,32,3,0.5
P0298,Team_H,Forward,24,10.1,8.3,13.5,39.1,22,2,0.5
P0299,Team_H,Striker,34,15.5,0.0,4.4,18.5,26,13,1.18
P0300,Team_E,Guard,24,19.8,10.0,2.8,36.8,21,14,1.0
P0301,Team_C,Striker,72,11.8,0.0,3.9,31.2,37,10,3.44
P0302,Team_G,Forward,54,19.4,6.1,6.7,21.0,23,7,0.57
P0303,Team_C,Forward,34,13.8,1.8,7.8,24.1,31,2,9.76
P0304,Team_F,Defender,49,4.3,4.9,9.3,31.4,26,2,2.49
P0305,Team_F,Midfielder,50,6.1,0.9,6.2,18.8,25,15,2.59
P0306,Team_K,Midfielder,31,0.0,4.6,0.0,5.0,25,11,4.0
P0307,Team_F,Forward,60,5.8,0.0,0.8,29.2,27,6,2.28
P0308,Team_A,Center,10,12.2,4.7,6.2,19.7,22,14,1.42
P0309,Team_L,Forward,24,20.9,9.0,8.7,36.5,22,13,7.48
P0310,Team_I,Striker,67,24.1,5.0,8.9,36.2,21,3,3.1
P0311,Team_H,Guard,78,16.6,6.7,5.9,30.8,35,15,3.11
P0312,Team_H,Guard,39,16.4,1.8,7.2,20.1,22,0,3.92
P0313,Team_J,Guard,32,0.0,4.4,2.2,28.9,34,16,0.86
P0314,Team_F,Midfielder,13,27.0,4.0,8.1,40.5,23,3,11.52
P0315,Team_D,Defender,40,20.1,5.7,4.5,23.6,34,12,5.68
P0316,Team_L,Defender,17,16.4,1.1,9.1,27.9,25,8,2.52
P0317,Team_J,Defender,74,8.5,5.1,5.4,46.2,25,2,8.38
P0318,Team_I,Striker,41,24.2,3.6,0.7,25.7,36,8,0.84
P0319,Team_F,Midfielder,21,19.0,8.7,8.2,29.0,26,12,3.02
P0320,Team_J,Center,16,12.7,3.2,4.7,26.9,20,1,0.5
P0321,Team_A,Forward,41,7.4,10.7,12.4,27.3,28,9,3.16
P0322,Team_L,Guard,21,10.4,4.2,6.1,33.2,22,17,0.74
P0323,Team_C,Striker,61,25.3,1.1,3.8,20.2,21,0,1.2
P0324,Team_G,Forward,81,15.7,4.5,13.5,20.0,22,10,0.6
P0325,Team_H,Midfielder,44,3.0,7.4,12.9,31.1,31,17,2.08
P0326,Team_D,Forward,25,12.7,3.5,7.4,39.4,28,13,0.83
P0327,Team_L,Center,60,27.3,3.9,7.3,18.3,31,3,0.8
P0328,Team_B,Center,78,6.7,7.6,8.3,19.6,37,4,0.6
P0329,Team_H,Guard,60,12.4,0.0,9.3,31.0,26,7,0.76
P0330,Team_J,Striker,45,10.0,6.1,8.5,30.3,33,15,0.5
P0331,Team_E,Defender,18,10.9,1.0,0.0,22.7,32,14,9.25
P0332,Team_B,Midfielder,66,8.8,3.3,4.1,16.2,23,14,6.24
P0333,Team_D,Guard,49,19.5,1.4,11.7,19.9,36,17,0.64
P0334,Team_J,Forward,15,3.5,3.6,3.1,24.7,23,12,2.71
P0335,Team_A,Forward,14,11.9,9.0,0.0,12.9,24,3,2.06
P0336,Team_A,Guard,57,7.8,3.1,3.3,34.7,37,12,4.01
P0337,Team_J,Forward,60,24.6,8.0,4.2,13.4,35,0,1.68
P0338,Team_E,Center,53,2.4,9.7,4.2,26.2,26,14,2.67
P0339,Team_L,Striker,17,21.2,3.1,7.4,32.2,35,1,1.25
P0340,Team_E,Midfielder,27,20.4,7.2,2.8,29.5,28,0,2.12
P0341,Team_G,Midfielder,63,21.1,7.9,6.2,16.3,24,17,9.15
P0342,Team_B,Midfielder,67,21.4,5.1,0.6,25.0,32,16,1.56
P0343,Team_E,Striker,56,2.8,2.3,2.9,16.5,25,13,0.5
P0344,Team_K,Center,63,1.2,6.2,1.3,28.5,23,13,2.8
P0345,Team_K,Defender,29,20.0,0.0,3.9,34.3,32,8,0.5
P0346,Team_H,Midfielder,40,17.8,7.6,7.5,17.4,24,3,7.65
P0347,Team_B,Defender,18,9.0,1.6,9.5,34.4,35,5,8.34
P0348,Team_L,Defender,22,6.6,0.7,10.2,30.8,36,10,4.19
P0349,Team_L,Midfielder,55,25.5,9.7,6.2,39.8,33,14,5.41
P0350,Team_F,Guard,19,5.7,6.2,10.7,31.5,33,6,0.5
P0351,Team_G,Center,31,20.1,1.8,3.7,8.3,32,4,0.5
P0352,Team_J,Guard,81,19.3,1.0,0.0,27.3,32,16,1.25
P0353,Team_B,Center,62,0.8,0.7,6.7,23.1,24,7,1.55
P0354,Team_K,Defender,50,27.7,4.9,5.1,34.1,34,9,3.35
P0355,Team_G,Defender,73,16.4,1.6,7.3,29.0,22,14,0.7
P0356,Team_G,Striker,53,16.7,2.8,4.4,31.0,28,17,1.92
P0357,Team_K,Forward,63,25.8,6.3,1.5,36.0,35,17,0.5
P0358,Team_E,Midfielder,56,26.5,0.0,0.0,28.1,32,5,2.46
P0359,Team_C,Defender,45,13.9,0.0,7.4,48.0,23,6,1.93
P0360,Team_D,Center,12,7.5,6.0,5.0,26.5,33,8,2.49
P0361,Team_F,Guard,64,5.1,1.4,9.8,44.0,25,7,0.5
P0362,Team_K,Striker,39,12.6,5.3,0.0,35.6,37,8,6.09
P0363,Team_E,Guard,10,17.8,4.3,2.7,17.1,23,4,2.64
P0364,Team_I,Defender,55,16.7,3.8,5.6,34.2,29,15,1.87
P0365,Team_H,Striker,45,3.3,8.0,6.6,21.1,21,17,12.11
P0366,Team_K,Striker,25,13.8,5.5,0.0,22.5,34,0,15.93
P0367,Team_K,Forward,17,12.2,8.5,9.9,22.8,30,10,1.73
P0368,Team_J,Guard,16,19.7,8.8,8.0,24.5,25,13,9.33
P0369,Team_K,Forward,36,0.0,7.2,9.9,27.2,20,12,2.99
P0370,Team_J,Striker,11,15.8,10.4,7.4,24.9,20,16,0.89
P0371,Team_A,Striker,12,10.9,4.4,11.4,36.4,30,7,5.41
P0372,Team_E,Guard,17,15.5,0.0,5.2,22.8,28,1,1.34
P0373,Team_G,Guard,62,19.4,7.9,13.5,15.2,26,11,7.78
P0374,Team_A,Forward,47,20.1,2.9,5.6,26.6,35,15,1.94
P0375,Team_A,Guard,46,6.9,6.0,8.0,27.6,33,9,17.0
P0376,Team_F,Defender,28,0.0,13.3,8.7,21.5,25,0,0.96
P0377,Team_H,Forward,73,19.0,4.7,8.1,16.8,21,9,1.47
P0378,Team_A,Midfielder,25,16.8,2.6,8.5,37.1,37,11,3.91
P0379,Team_K,Center,77,23.4,3.2,10.1,27.1,34,12,0.7
P0380,Team_J,Forward,10,10.8,11.0,15.4,44.9,20,4,2.94
P0381,Team_A,Guard,11,14.5,2.6,7.7,33.6,27,10,0.57
P0382,Team_I,Defender,37,4.0,1.1,9.1,33.8,27,14,5.2
P0383,Team_H,Midfielder,45,9.4,6.7,13.2,16.3,36,16,0.5
P0384,Team_D,Defender,41,13.9,8.5,9.8,35.1,27,12,13.68
P0385,Team_C,Forward,75,18.8,5.4,0.0,16.3,24,8,1.71
P0386,Team_L,Striker,39,6.0,9.1,0.0,21.9,20,11,1.67
P0387,Team_K,Midfielder,24,6.6,2.5,3.4,33.3,34,3,0.85
P0388,Team_L,Forward,42,15.8,1.8,11.5,42.5,21,8,1.85
P0389,Team_H,Striker,14,14.0,1.9,10.1,38.8,24,10,0.5
P0390,Team_I,Defender,32,0.8,4.8,8.4,27.8,34,13,5.75
P0391,Team_K,Forward,81,10.6,7.2,8.0,21.1,35,13,0.5
P0392,Team_A,Forward,18,19.8,5.5,8.3,35.5,29,14,1.08
P0393,Team_A,Defender,20,9.6,8.2,3.0,28.8,35,0,0.83
P0394,Team_E,Midfielder,51,12.9,10.3,1.9,33.6,34,5,2.36
P0395,Team_K,Striker,21,2.9,1.9,2.5,15.2,33,8,2.79
P0396,Team_J,Striker,52,24.3,7.7,7.3,6.9,36,17,4.79
P0397,Team_D,Center,34,12.9,0.0,8.8,20.1,28,6,10.53
P0398,Team_B,Striker,46,17.6,4.7,14.6,28.3,32,13,0.5
P0399,Team_G,Center,29,13.1,0.7,9.1,36.9,23,6,0.5
P0400,Team_C,Forward,40,15.5,9.3,15.7,29.6,28,16,1.13
P0401,Team_E,Guard,57,11.1,8.8,7.8,15.1,25,17,0.52
P0402,Team_D,Guard,44,3.9,6.1,6.9,23.5,29,8,0.5
P0403,Team_H,Guard,44,13.6,1.8,1.8,17.4,33,8,0.95
P0404,Team_L,Midfielder,62,22.4,1.0,5.6,32.5,33,6,2.03
P0405,Team_J,Striker,23,7.0,4.3,7.9,37.9,36,13,0.87
P0406,Team_D,Striker,30,14.1,0.0,8.5,42.5,34,2,5.57
P0407,Team_G,Forward,35,3.7,0.0,13.0,36.5,37,9,1.22
P0408,Team_A,Forward,33,14.0,0.0,13.2,42.4,37,7,4.61
P0409,Team_D,Midfielder,47,7.1,0.0,8.5,18.6,32,8,0.5
P0410,Team_I,Striker,79,17.6,5.0,0.7,13.1,20,1,4.97
P0411,Team_F,Midfielder,43,7.9,0.7,0.0,29.3,21,12,7.22
P0412,Team_F,Midfielder,23,11.4,4.3,8.6,35.5,28,7,3.02
P0413,Team_J,Defender,18,9.3,4.3,5.0,28.4,21,17,2.37
P0414,Team_D,Defender,77,13.2,6.3,6.0,11.8,24,11,2.36
P0415,Team_D,Forward,69,14.5,1.4,6.1,19.3,28,14,1.66
P0416,Team_L,Center,77,21.7,1.6,0.0,29.0,22,9,0.5
P0417,Team_G,Guard,52,29.2,2.5,1.4,14.7,31,3,4.21
P0418,Team_K,Guard,74,4.8,3.3,0.0,29.0,33,11,0.88
P0419,Team_D,Striker,72,6.9,4.0,8.6,23.9,20,1,2.85
P0420,Team_A,Striker,18,4.9,0.5,7.8,24.1,34,17,0.61
P0421,Team_J,Forward,71,2.8,3.7,4.5,33.0,24,7,1.72
P0422,Team_C,Defender,56,9.4,3.2,4.4,39.3,30,17,4.49
P0423,Team_J,Guard,35,10.5,6.2,4.8,24.2,31,7,1.77
P0424,Team_F,Center,24,25.3,7.4,3.0,28.4,32,9,5.33
P0425,Team_G,Defender,24,16.3,1.4,5.3,17.5,33,5,0.5
P0426,Team_G,Defender,79,8.5,0.0,0.0,18.5,37,15,0.58
P0427,Team_K,Defender,37,18.3,3.9,4.4,12.4,23,14,2.58
P0428,Team_H,Midfielder,58,11.1,0.8,7.9,15.6,20,9,7.51
P0429,Team_E,Defender,77,2.2,0.0,1.9,32.1,30,0,0.5
P0430,Team_D,Guard,12,3.8,0.0,3.0,22.1,24,0,0.5
P0431,Team_K,Forward,39,16.9,6.1,2.1,18.0,32,11,7.1
P0432,Team_A,Striker,71,10.6,1.5,4.1,37.2,27,0,1.04
P0433,Team_F,Defender,70,19.3,0.0,5.3,17.3,22,9,2.73
P0434,Team_D,Guard,65,17.6,7.8,6.3,29.5,35,8,2.55
P0435,Team_K,Guard,76,9.9,7.8,4.8,38.3,22,13,0.97
P0436,Team_C,Striker,42,15.0,1.0,7.4,26.0,23,3,10.01
P0437,Team_E,Guard,10,9.6,4.0,7.5,6.6,31,12,0.5
P0438,Team_D,Defender,76,14.4,9.2,3.9,19.2,29,17,0.6
P0439,Team_D,Center,19,0.0,4.4,9.4,18.4,31,15,0.52
P0440,Team_K,Midfielder,67,9.7,0.0,2.8,35.8,34,3,2.0
P0441,Team_G,Forward,35,14.3,4.3,12.6,20.0,21,2,9.43
P0442,Team_F,Forward,65,10.4,2.6,7.9,39.8,23,14,1.56
P0443,Team_E,Defender,21,0.0,0.0,12.2,7.2,24,17,1.5
P0444,Team_J,Forward,11,2.5,2.2,4.3,15.6,20,2,3.53
P0445,Team_I,Center,77,7.0,0.0,8.7,13.4,34,3,11.66
P0446,Team_J,Forward,20,15.9,6.7,6.9,21.0,22,14,4.0
P0447,Team_B,Midfielder,68,26.4,4.8,0.2,29.4,34,14,6.79
P0448,Team_J,Forward,80,14.5,7.6,8.9,33.4,25,9,2.09
P0449,Team_K,Forward,16,15.8,2.8,2.4,19.3,36,10,0.5
P0450,Team_J,Midfielder,61,15.1,1.9,1.2,17.5,32,13,1.78
P0451,Team_G,Forward,33,14.6,2.1,10.7,11.6,26,12,7.46
P0452,Team_G,Defender,45,17.0,5.7,4.5,5.0,37,10,0.5
P0453,Team_A,Forward,65,8.6,6.7,6.4,16.9,22,7,0.5
P0454,Team_C,Guard,47,3.4,2.4,5.3,22.4,36,14,1.05
P0455,Team_E,Center,78,1.6,7.4,3.8,12.4,22,12,0.6
P0456,Team_G,Guard,58,7.6,8.9,6.2,26.7,37,7,2.71
P0457,Team_A,Midfielder,25,27.3,2.4,5.2,35.5,23,13,5.19
P0458,Team_F,Midfielder,36,23.2,2.5,10.0,22.8,25,17,0.5
P0459,Team_I,Striker,35,0.0,6.0,3.1,19.9,37,1,0.5
P0460,Team_J,Guard,69,10.8,7.8,7.9,13.7,37,3,2.99
P0461,Team_L,Forward,31,7.0,2.5,6.4,6.1,33,13,1.9
P0462,Team_H,Defender,59,17.7,0.9,2.1,18.6,36,0,6.85
P0463,Team_J,Guard,10,25.7,3.7,13.1,30.7,31,0,1.69
P0464,Team_H,Midfielder,72,6.2,0.0,7.7,17.4,29,15,0.5
P0465,Team_F,Guard,72,4.3,2.6,2.6,48.0,26,12,1.85
P0466,Team_F,Guard,45,9.2,4.3,3.4,28.4,33,0,3.27
P0467,Team_B,Midfielder,50,16.8,3.7,9.6,13.9,28,9,0.5
P0468,Team_D,Striker,38,4.9,6.3,1.8,31.5,33,12,1.4
P0469,Team_H,Center,34,20.5,6.2,2.9,14.9,30,11,6.04
P0470,Team_E,Center,72,17.3,0.0,6.2,24.7,22,1,0.58
P0471,Team_J,Center,44,11.6,3.0,2.1,17.6,29,17,0.5
P0472,Team_K,Center,27,13.5,5.9,4.0,19.1,32,9,2.88
P0473,Team_G,Forward,36,13.1,6.4,7.3,23.1,24,12,0.5
P0474,Team_J,Midfielder,49,7.3,4.8,3.8,37.5,30,15,0.5
P0475,Team_D,Midfielder,66,7.7,8.6,2.5,34.1,37,2,8.43
P0476,Team_J,Guard,66,6.0,0.0,0.0,38.9,23,16,8.11
P0477,Team_D,Center,47,13.1,1.0,11.1,12.3,23,7,0.5
P0478,Team_E,Defender,61,10.4,4.5,6.2,21.7,36,11,3.53
P0479,Team_K,Forward,71,0.0,2.6,5.7,29.5,32,14,2.23
P0480,Team_K,Defender,22,22.5,4.4,2.5,18.7,32,7,2.39
P0481,Team_B,Midfielder,38,0.0,2.7,7.9,24.8,35,9,2.26
P0482,Team_H,Guard,66,20.9,3.9,8.2,29.4,21,6,2.66
P0483,Team_L,Midfielder,79,1.0,3.8,5.8,20.9,34,7,1.67
P0484,Team_E,Guard,59,16.6,3.8,6.8,17.0,28,2,15.7
P0485,Team_H,Guard,76,13.0,4.2,0.0,19.9,26,14,0.57
P0486,Team_L,Forward,61,1.4,2.8,8.1,43.5,35,13,0.5
P0487,Team_D,Midfielder,32,13.4,8.7,1.8,40.0,26,12,1.65
P0488,Team_C,Striker,48,4.3,2.3,4.4,18.6,37,17,1.35
P0489,Team_K,Midfielder,45,23.2,4.4,0.0,36.4,25,0,2.83
P0490,Team_H,Forward,51,6.9,6.0,10.0,19.1,28,16,5.58
P0491,Team_L,Guard,80,12.5,3.5,11.9,25.7,26,1,2.74
P0492,Team_L,Center,67,28.5,6.4,11.1,18.6,21,7,2.9
P0493,Team_I,Guard,34,5.6,7.5,7.1,14.2,28,11,0.65
P0494,Team_G,Midfielder,55,11.9,8.1,9.0,7.8,21,2,2.66
P0495,Team_E,Defender,41,11.6,2.8,2.9,30.7,33,2,2.51
P0496,Team_A,Guard,10,5.7,4.2,8.0,23.5,31,0,2.66
P0497,Team_B,Center,27,5.8,6.8,5.2,25.6,31,2,0.5
P0498,Team_D,Center,39,1.9,5.1,2.4,15.7,35,10,0.5
P0499,Team_H,Guard,54,15.1,2.9,5.4,14.9,26,5,4.75
P0500,Team_C,Guard,32,15.0,5.6,1.8,48.0,31,9,3.21
P0501,Team_E,Striker,11,0.0,9.5,10.1,22.6,34,17,0.5
P0502,Team_B,Guard,60,6.9,0.0,13.3,33.3,29,10,6.46
P0503,Team_K,Defender,69,23.0,0.0,6.1,31.2,23,1,2.38
P0504,Team_E,Forward,57,8.8,4.8,6.1,23.0,22,9,1.22
P0505,Team_H,Guard,41,19.6,8.4,4.9,7.5,34,3,1.25
P0506,Team_E,Guard,58,19.1,5.6,1.6,34.9,37,6,5.78
P0507,Team_L,Defender,39,11.7,3.2,11.1,14.9,24,3,1.03
P0508,Team_C,Striker,41,7.2,8.2,7.7,24.3,31,15,0.5
P0509,Team_D,Defender,22,22.0,4.4,6.8,38.8,27,17,7.53
P0510,Team_E,Defender,79,12.9,2.6,4.9,24.6,21,16,10.78
P0511,Team_A,Guard,61,7.1,0.0,7.2,14.6,29,8,5.81
P0512,Team_L,Center,63,0.9,7.0,3.7,15.8,33,17,3.34
P0513,Team_D,Defender,11,21.1,0.0,12.9,40.3,37,5,3.46
P0514,Team_L,Center,72,7.5,4.0,11.1,33.7,34,11,0.81
P0515,Team_I,Striker,54,17.3,6.6,12.1,29.0,29,14,9.17
P0516,Team_G,Defender,36,14.6,3.2,12.9,14.9,28,11,7.34
P0517,Team_A,Defender,23,12.2,7.0,8.3,15.0,29,12,3.66
P0518,Team_B,Guard,32,8.4,4.1,7.7,40.8,29,17,8.69
P0519,Team_G,Forward,66,5.4,6.3,1.5,29.8,36,4,6.85
P0520,Team_I,Striker,47,13.8,10.6,4.3,6.4,32,7,5.52
P0521,Team_C,Defender,39,7.4,8.0,12.0,38.1,24,2,7.87
P0522,Team_F,Forward,23,15.3,1.3,12.6,27.2,29,10,1.58
P0523,Team_H,Center,56,16.9,3.1,4.7,38.9,27,8,0.96
P0524,Team_G,Midfielder,34,2.6,6.2,7.5,26.3,23,4,0.5
P0525,Team_L,Center,21,15.1,1.3,7.7,22.6,36,5,0.5
P0526,Team_E,Center,38,12.0,0.0,7.0,10.0,37,6,4.39
P0527,Team_B,Guard,35,8.9,1.4,7.2,29.8,22,17,0.5
P0528,Team_A,Center,57,3.6,6.2,7.6,23.9,24,0,1.91
P0529,Team_L,Midfielder,12,1.9,0.0,11.1,24.6,29,14,0.77
P0530,Team_K,Forward,35,18.4,0.6,7.0,32.9,22,12,0.5
P0531,Team_L,Center,20,24.0,3.0,7.7,29.5,33,8,0.54
P0532,Team_E,Guard,37,0.0,3.5,5.9,37.5,28,14,0.88
P0533,Team_E,Guard,38,25.6,5.1,0.0,14.4,23,9,0.5
P0534,Team_I,Guard,75,9.4,0.0,5.6,18.6,37,17,0.58
P0535,Team_J,Striker,75,15.6,6.3,6.8,19.4,33,9,1.19
P0536,Team_A,Guard,37,7.7,2.2,6.1,34.5,23,8,8.74
P0537,Team_F,Forward,22,10.1,5.9,1.2,27.7,35,11,0.5
P0538,Team_D,Forward,36,13.0,8.8,6.0,25.3,21,3,3.53
P0539,Team_I,Guard,18,0.0,3.7,7.5,13.8,31,0,1.65
P0540,Team_B,Defender,36,11.5,0.9,12.1,37.3,28,7,1.59
P0541,Team_A,Center,69,11.5,7.5,9.9,17.5,25,6,0.93
P0542,Team_A,Defender,76,23.9,5.6,0.0,31.2,22,16,4.63
P0543,Team_A,Midfielder,77,16.0,3.6,8.3,31.2,21,5,2.54
P0544,Team_C,Guard,34,19.7,2.2,3.9,26.9,25,17,2.23
P0545,Team_G,Center,65,18.2,6.6,4.7,23.2,23,4,2.78
P0546,Team_E,Guard,17,3.6,1.0,5.5,15.7,28,9,0.82
P0547,Team_E,Striker,20,7.3,2.6,7.6,36.1,34,2,1.96
P0548,Team_A,Guard,60,3.8,2.9,8.2,6.4,37,9,9.0
P0549,Team_D,Midfielder,20,5.3,10.2,0.0,24.2,21,17,0.5
P0550,Team_B,Defender,71,21.9,3.7,1.1,33.9,34,6,0.5
P0551,Team_J,Forward,41,15.9,4.1,5.5,33.3,34,1,1.13
P0552,Team_I,Center,26,12.6,5.2,1.3,30.3,32,5,1.56
P0553,Team_B,Defender,53,13.2,4.0,0.0,31.2,32,17,0.5
P0554,Team_G,Defender,32,12.6,8.0,8.1,32.1,26,2,4.22
P0555,Team_G,Center,53,4.3,10.7,0.0,26.9,33,14,1.92
P0556,Team_F,Midfielder,64,4.6,7.8,10.7,13.4,32,5,1.19
